parcel_id,building_no,Total Rooms,Year Built,Building SF,Energy Adj,Roughins,Bedrooms,Effect Age,Quality,Bsmt Wall,Plumb Fixt,Full Baths,Condition,Style,Bsmt SF,Fireplaces,Half Baths,Phys Depr,Design,Bsmt Fin,Porch,Kitchens,Funct Depr,Bldg Type,Bsmt Fin SF,Gar/Shed,Econ Depr,Notes
0010001,1,6,1850,1664.00,Average,1,3,90,3.50,Stone,5,1,Poor,1.5 Fin,308,,,70,1.5 Sty,1,156,1,,Single,,,,
0010002,1,5,1870,3292.00,Average,1,2,70,4.00,Conc 8in,10,2,Avg/Good,1.5 Fin,400,2,1,32,1.5 Sty,6,275,1,,Single,,,,
0010003,1,7,1900,1611.00,Average,1,2,50,4.50,Conc 8in,8,2,Good,1.5 Fin,969,,,20,CapeCod,4,248,1,,Single,769,,,
0010004,1,5,1900,1840.00,Average,1,1,60,3.50,WoodFrame,7,1,Fair/Avg,2 Story,920,,1,43,Colonial,,320,1,,Single,,,,
0010004,2,4,1900,1140.00,Average,1,3,60,3.25,Blk 8in,8,2,Fair/Avg,1.5 Fin,720,,,43,CapeCod,6,361,1,5,Single,,,,
0010006,1,7,1870,2026.00,Average,1,4,60,4.25,Stone,8,2,Good,1.5 Fin,1070,,,24,Colonial,1,604,1,,Single,,270,,
0010007,1,9,1880,3338.00,Good,2,3,60,4.50,Conc 8in,10,2,Good,1.5 Fin,625,,,24,Colonial,1,339,2,,Single,,,,
0010008,1,9,1880,2594.00,Average,1,4,60,4.50,Conc 8in,10,2,Good,1.5 Fin,896,1,1,24,Contemp,,298,1,,Single,,589,,
001000801,1,9,1850,2230.00,Average,1,3,70,4.25,Stone,12,2,Good,1.5 Fin,825,,2,28,CapeCod,1,125,1,,Single,,608,,
0010009,1,4,1920,936.00,Average,1,2,60,3.00,No Data,5,1,Average,1.5 Fin,,,,35,Contemp,,,1,,Single,,,,
001001,1,5,1970,1469.00,Average,1,3,56,3.00,Conc 8in,7,1,Avg/Good,1 Story,1128,,1,26,Modular,1,144,1,,Single,,,,
0010011,1,,,,No Data,,,,,No Data,,,No Data | Sketch not available.,No Data,,,,,No Data,,,,,No Data,,,,
001001101,1,5,1982,2396.00,Average,1,3,44,3.25,Conc 8in,10,2,Avg/Good,1 Story,1352,2,1,22,Modular,4,862,1,,Single,1152,672,,
0010012,1,8,1900,1609.00,Average,1,3,70,3.50,Stone,5,1,Avg/Good,1.5 Fin,720,,,32,CapeCod,1,,1,,Single,,,,
0010014,1,6,1880,1736.00,Average,1,4,70,3.50,Stone,10,2,Average,1.5 Fin,504,,1,40,CapeCod,6,,1,,Single,,168,,
0010015,1,5,1991,1080.00,Average,1,3,35,3.00,No Data,8,2,Salvage,1 Story,,,,98,No Data,,,,,Mobile,,,,
0010016,1,4,1969,1085.00,Average,1,2,20,3.50,Blk 8in,8,2,Average,1 Story,504,,,17,Ranch,1,262,1,,Single,,,,
0010017,1,4,2014,1352.00,Average,1,3,12,3.00,No Data,5,1,Average,1 Story,,,,17,DblWide,,220,1,,Mobile,,,,
001001701,1,6,1990,1404.00,Average,1,3,36,3.00,No Data,8,2,Average,1 Story,,,,41,DblWide,,168,1,,Mobile,,,,
0010019,1,3,1997,1680.00,Average,1,2,29,2.00,Conc 8in,5,1,Salvage,1 Story,1680,,,96,MobileHome,1,187,,,Mobile,,,,
001002,1,9,1900,2631.00,Average,1,5,70,3.50,Stone,13,3,Fair/Avg,1.5 Fin,1092,1,,47,1.5 Sty,6,702,2,,Single,,,,
001002,2,4,1900,1128.00,Average,1,3,75,3.00,No Data,7,1,Average,1.5 Fin,,,1,42,CapeCod,,,1,,Single,,,,
001002001,1,,,,No Data,,,,,No Data,,,No Data | Sketch not available.,No Data,,,,,No Data,,,,,No Data,,,,
001002002,1,,,,No Data,,,,,No Data,,,No Data | Sketch not available.,No Data,,,,,No Data,,,,,No Data,,,,
001002003,1,,,,No Data,,,,,No Data,,,No Data | Sketch not available.,No Data,,,,,No Data,,,,,No Data,,,,
0010021,1,6,1880,2164.00,Average,1,3,60,4.00,Stone,8,2,Avg/Good,1.5 Fin,500,,,28,CapeCod,1,516,1,,Single,,450,,
0010022,1,6,1900,2097.00,Average,1,3,60,4.00,Stone,10,2,Average,1.5 Fin,1035,,1,35,1.5 Sty,6,542,1,,Single,,,,
0010023,1,,,2800.00,No Data,,,,5.00,No Data,2,,No Data,1 Story,,,,,No Data,,,,,No Data,,,,
0010024,1,,,,No Data,,,,,No Data,,,No Data | Sketch not available.,No Data,,,,,No Data,,,,,No Data,,,,
0010025,1,10,1900,2579.00,Average,1,4,60,3.75,Stone,8,2,Avg/Good,1.5 Fin,525,,,28,Contemp,6,186,1,,Single,,,,
0010026,1,7,1974,1200.00,Average,1,5,52,3.50,Conc 8in,8,2,Avg/Good,1 Story,936,1,,25,Contemp,4,512,1,,Single,936,,,
0010027,1,5,1972,1008.00,Average,1,3,54,3.00,Conc 8in,5,1,Average,1 Story,1008,,,32,Modular,1,300,1,,Single,1008,,,
0010028,1,,,,No Data,,,,,No Data,,,No Data | Sketch not available.,No Data,,,,,No Data,,,,,No Data,,,,
0010029,1,9,2013,3378.00,Good,1,4,13,4.50,Conc 8in,15,3,Average,2 Story,576,,1,13,Contemp,2,350,1,,Single,576,,,
0010029,2,2,2020,945.00,Good,1,1,6,4.50,Conc 8in,7,1,Average,1 Story,945,,1,6,One Story,3,312,1,,Single,945,,,
001003,1,5,2000,1700.00,Good,1,3,26,3.00,Conc 8in,8,2,Fair/Avg,1.5 Fin,1088,,,25,CapeCod,1,180,1,,Single,,,,
0010031,1,6,2004,2144.00,Good,1,3,22,3.00,Conc 8in,8,2,Average,1.5 Fin,896,,,18,Modular,,426,1,,Single,,,,
001003101,1,12,1955,1810.00,Good,1,5,50,4.00,Conc 8in,10,3,Good,1 Story,1213,1,,20,Contemp,5,1219,2,,Single,1213,576,,
0010032,1,7,1970,1960.00,Average,1,3,56,3.50,No Data,8,2,Average,2 Story,,1,,33,Two Story,,1065,1,,Single,,304,,
0010034,1,4,1979,1152.00,Average,1,3,47,3.25,Conc 8in,8,2,Average,1.5 Fin,768,1,,29,1.5 Sty,4,202,1,,Single,576,,,
0010035,1,6,1850,1707.00,Average,1,3,40,3.25,Stone,8,2,Avg/Good,1.5 Fin,525,,,21,CapeCod,1,384,1,,Single,,,,
0010036,1,6,1981,2756.00,Average,1,3,45,3.50,Conc 8in,11,3,Fair/Avg,2 Story,1298,,,35,Two Story,1,478,1,,Single,,,,
001003601,1,6,2005,3284.00,Good,1,4,21,5.00,Conc 8in,13,3,Avg/Good,1.5 Fin,2068,1,1,15,Contemp,4,566,1,,Single,2000,672,,
0010037,1,7,1965,996.00,Average,1,4,50,3.75,Conc 8in,11,3,Good,1.5 Fin,672,1,,20,Contemp,4,793,1,,Single,672,,,
0010038,1,5,1965,1120.00,Average,1,3,60,3.00,Conc 8in,8,2,Fair,1.5 Fin,672,1,,50,1.5 Sty,3,208,1,,Single,672,,,
0010039,1,4,1965,996.00,Average,1,2,60,3.25,Conc 8in,8,2,Good,1.5 Fin,672,1,,24,Contemp,4,540,1,,Single,472,,,
0010041,1,5,1981,1546.00,Average,1,2,45,3.50,Conc 8in,7,1,Avg/Good,1.5 Fin,364,,1,23,1.5 Sty,1,228,1,,Single,,1161,,
0010042,1,7,1972,1954.00,Average,1,4,54,4.00,No Data,8,2,Good,2 Story,,1,,22,Two Story,,496,1,,Single,,,,
0010043,1,6,1973,1540.00,Average,1,4,53,3.50,No Data,12,3,Avg/Good,2.5 Fin,,,,26,Contemp,,413,1,,Single,,,,
001004401,1,6,2014,2007.00,Good,1,3,12,4.00,Conc 8in,10,2,Avg/Good,1.5 Fin,1534,1,1,9,Contemp,1,450,1,,Single,,,,
001004402,1,5,2010,1756.00,Good,1,3,16,3.50,Conc 8in,8,2,Average,1.5 Fin,841,,,15,1.5 Sty,1,650,1,,Single,,,,
001004403,1,4,2025,992.00,Good,1,2,1,3.25,No Data,5,1,Average,1.5 Fin,,,,,1.5 Sty,,,1,,Single,,,,
0010045,1,6,1976,1666.00,Average,1,3,50,4.00,Conc 8in,7,1,Average,2 Story,572,1,1,30,1.5 Sty,,,1,,Single,,,,
0010046,1,7,1972,2182.00,Average,1,4,54,4.50,No Data,9,2,Good,2 Story,,2,,22,Two Story,,390,1,,Single,,340,,
0010047,1,5,1974,1314.00,Average,1,3,52,4.00,Conc 8in,13,3,Good,2 Story,840,,1,21,Contemp,4,700,1,,Single,740,,,
001004701,1,,,,No Data,,,,,No Data,,,No Data | Sketch not available.,No Data,,,,,No Data,,,,,No Data,,,,
0010048,1,7,1998,2540.00,Good,1,3,28,4.25,Conc 8in,10,2,Good,2 Story,1268,1,1,14,Contemp,3,357,1,,Single,1268,,,
001004802,1,6,1996,2584.00,Good,1,3,30,4.00,Conc 8in,10,2,Good,1.5 Fin,936,,1,14,1.5 Sty,1,576,1,,Single,,624,,
0010049,1,9,1971,1494.00,Average,1,5,55,4.00,Blk 8in,8,2,Avg/Good,1.5 Fin,928,1,,26,Contemp,4,708,1,,Single,728,,,
001005,1,4,1850,1104.00,Average,1,2,70,4.00,Conc 8in,8,2,Good,1.5 Fin,667,1,,28,CapeCod,1,232,1,,Single,,390,,
001005,2,10,2008,2920.00,Good,1,5,18,5.00,Conc 8in,13,3,Avg/Good,2 Story,1560,1,1,13,Contemp,1,,1,,Single,1560,,,
0010051,1,9,1890,3086.00,Average,1,5,60,4.50,Stone,11,3,Good,1.5 Fin,700,1,,24,1.5 Sty,6,,1,,Single,,650,,
0010052,1,,,,No Data,,,,,No Data,,,No Data | Sketch not available.,No Data,,,,,No Data,,,,,No Data,,,,
001005201,1,7,2003,4233.00,Good,1,4,23,6.00,Conc 8in,14,3,Avg/Good,2 Story,2008,1,1,15,Contemp,4,1313,1,,Single,1998,850,,
001005202,1,10,2001,3000.00,Good,1,5,25,4.50,Conc 8in,14,3,Avg/Good,2.5U (SF),1500,1,,16,2.5 Story,4,524,1,,Single,1500,,,
001005203,1,8,1998,3362.00,Good,1,3,28,4.50,Conc 8in,11,3,Avg/Good,1.5 Fin,1326,1,,17,CapeCod,1,1138,1,,Single,,624,,
001005204,1,6,1997,3196.00,Good,1,2,29,4.00,Conc 8in,8,2,Good,2 Story,1223,,,14,Contemp,1,740,1,,Single,,780,,
0010075,1,6,1900,2298.00,Average,1,3,60,3.50,Blk 8in,5,1,Average,1.5 Fin,1424,1,,35,1.5 Sty,1,264,1,,Single,,,,
001007501,1,5,2005,1866.00,Good,1,4,21,4.50,Conc 8in,13,3,Average,1.5 Fin,1156,1,1,18,Contemp,1,467,1,,Single,,,,
001007502,1,,,,No Data,,,,,No Data,,,No Data,No Data,,,,,No Data,,,,,No Data,,,,
0010076,1,6,1825,1634.00,Average,1,2,70,4.00,Stone,8,2,Good,1.5 Fin,1008,,,28,CapeCod,6,855,1,,Single,,,,
0010077,1,,,,No Data,,,,,No Data,,,No Data,No Data,,,,,No Data,,,,,No Data,,,,
0010078,1,,,,No Data,,,,,No Data,,,No Data | Sketch not available.,No Data,,,,,No Data,,,,,No Data,,,,
001007801,1,8,1990,2016.00,Average,1,4,36,3.00,No Data,10,2,Average,1 Story,,,1,41,DblWide,,300,1,,Mobile,,,,
001007802,1,,,,No Data,,,,,No Data,,,No Data | Sketch not available.,No Data,,,,,No Data,,,,,No Data,,,,
0010079,1,5,1850,1152.00,Average,1,3,80,3.25,Stone,8,2,Fair,1.5 Fin,312,,,59,Colonial,1,675,1,,Single,,,,
001008,1,4,1979,1008.00,Average,1,2,47,3.00,Conc 8in,5,1,Fair/Avg,1 Story,616,,,36,Contemp,1,168,1,,Single,,,,
0010081,1,5,2020,1064.00,Good,1,3,6,3.25,No Data,5,1,Average,1.5 Fin,,,,6,1.5 Sty,,444,1,,Single,,,,
0010083,1,6,1978,1344.00,Average,1,3,48,3.25,Conc 8in,5,1,Avg/Good,1.5 Fin,832,,,24,CapeCod,1,,1,,Single,,,,
0010084,1,,,,No Data,,,,,No Data,,,No Data | Sketch not available.,No Data,,,,,No Data,,,,,No Data,,,,
001008401,1,8,1990,1792.00,Average,1,4,36,3.25,Conc 8in,10,2,Fair/Avg,1 Story,1792,,1,30,Contemp,4,636,1,,Single,652,576,,
001008501,1,5,1996,1918.00,Good,1,1,30,3.75,Conc 8in,8,2,Avg/Good,2 Story,1158,1,,18,Contemp,1,522,1,,Single,,,,
0010086,1,8,1974,1662.00,Average,1,5,52,3.75,WoodFrame,11,3,Avg/Good,1.5 Fin,744,1,,25,Contemp,4,512,1,,Single,744,99,,
0010087,1,8,1971,1792.00,Average,1,4,55,3.25,Conc 8in,10,2,Avg/Good,2 Story,672,,1,26,Two Story,1,380,1,,Single,,,,
0010088,1,8,1975,3524.00,Average,1,5,51,4.25,No Data,11,3,Good,1.5 Fin,,2,,20,Contemp,,346,1,,Single,,,,
0010089,1,7,1975,3058.00,Good,1,3,51,4.25,Conc 8in,12,3,Avg/Good,2 Story,1309,1,,25,Two Story,3,508,1,,Single,352,,,
0010091,1,6,1974,1300.00,Average,1,2,52,4.50,Conc 8in,10,2,Good,1.5 Fin,800,1,1,21,CapeCod,4,160,1,,Single,746,,,
0010092,1,7,2017,2301.00,Good,1,3,9,5.00,Conc 8in,11,3,Average,1.5 Fin,1324,,,9,1.5 Sty,4,1937,1,,Single,1264,,,
0010092,2,3,2014,1176.00,Good,1,1,12,4.00,Conc 8in,5,1,Average,1.5 Fin,980,,,12,1.5 Sty,2,270,1,,Single,64,,,
0010093,1,7,1975,2124.00,Average,1,4,51,5.00,Conc 8in,14,4,Good,1.5 Fin,1420,1,,20,1.5 Sty,4,1248,1,,Single,1326,,,
0010093,2,3,1975,504.00,Average,1,1,51,3.25,No Data,5,1,Avg/Good,1.5U (SF),,,,25,One Story,,,1,,Single,,,,
0010094,1,11,1973,3895.00,Average,1,6,53,4.00,Conc 8in,13,3,Avg/Good,1.5 Fin,1896,1,1,26,Contemp,1,431,1,,Single,,,,
0010095,1,7,1971,2497.00,Average,1,3,55,3.50,No Data,8,2,Avg/Good,1.5 Fin,,1,,26,1.5 Sty,,1131,1,,Single,,,,
0010096,1,,,,No Data,,,,,No Data,,,No Data | Sketch not available.,No Data,,,,,No Data,,,,,No Data,,,,
0010098,1,4,1976,852.00,Average,1,3,50,3.00,Conc 8in,8,2,Average,1 Story,576,1,,30,One Story,4,560,1,,Single,466,,,
0010098,2,2,1978,512.00,Average,,1,48,2.75,No Data,5,1,Average,1 Story,,,,36,Camp,,156,1,,Camp,,,,
001010,1,9,1965,2034.00,Average,1,5,60,3.50,Conc 6in,14,3,Avg/Good,1 Story,2056,3,1,28,Contemp,4,772,1,,Single,1996,,,
0010101,1,8,1969,1780.00,Average,1,4,57,3.25,Conc 8in,10,2,Average,1.5 Fin,1064,1,1,33,One Story,4,617,1,,Single,964,,,
001010101,1,5,2002,2460.00,Good,1,2,24,3.75,Conc 8in,11,3,Average,1.5 Fin,1405,,,19,1.5 Sty,4,260,1,,Single,955,,,
0010104,1,9,1965,3552.00,Average,1,5,60,3.25,Conc 8in,14,3,Average,2 Story,1688,1,1,35,Colonial,4,522,1,,Single,864,,,
0010105,1,10,1980,2400.00,Average,1,4,46,3.50,No Data,7,1,Avg/Good,2 Story,,,1,23,Two Story,,486,1,,Single,,,,
0010106,1,6,1970,1268.00,Average,1,3,56,3.25,Conc 8in,10,2,Avg/Good,2.5 Fin,384,,1,26,2.5 Story,,281,1,,Single,,,,
0010107,1,5,1969,624.00,Average,1,3,57,2.00,Conc 8in,7,1,Fair,1.5 Fin,384,,1,48,1.5 Sty,4,478,1,,Single,320,,,
0010108,1,6,1972,1536.00,Average,1,4,54,3.25,Conc 8in,7,1,Avg/Good,2 Story,520,,1,26,Two Story,1,202,1,,Single,,,,
0010109,1,6,2005,2247.00,Good,1,3,21,4.25,Conc 8in,13,3,Average,1.5 Fin,1449,1,1,18,CapeCod,,1400,1,,Single,,,,
0010109,2,2,2017,1033.00,Good,1,1,9,3.75,Conc 8in,5,1,Average,1.5 Fin,841,,,9,1.5 Sty,2,1007,1,,Single,841,,,
001010902,1,4,2010,2927.00,Good,1,3,16,3.50,Conc 8in,10,2,Average,1.5 Fin,1630,,1,15,Contemp,1,875,1,,Single,,627,,
001010903,1,4,2022,1876.00,Good,1,3,4,3.50,Conc 8in,8,2,Average,1 Story,1876,,,4,One Story,4,452,1,,Single,1676,576,,
001010910,1,7,1983,2224.00,Average,1,4,43,4.25,Conc 8in,10,2,Avg/Good,2 Story,1112,1,1,22,Colonial,1,70,1,,Single,,,,
00101092,1,4,2015,1960.00,Good,1,3,11,3.50,Conc 8in,11,3,Average,1 Story,1960,,,11,One Story,4,280,1,,Single,1044,,,
00101093,1,7,1987,2126.00,Average,1,4,39,3.50,Conc 8in,10,2,Avg/Good,1.5 Fin,1221,1,,21,Saltbox,4,536,1,,Single,592,,,
001011,1,6,1981,1797.00,Average,1,4,45,3.50,Conc 8in,8,2,Avg/Good,2 Story,1007,1,,23,Contemp,1,373,1,,Single,,,,
0010111,1,4,2017,900.00,Good,1,1,9,3.00,Conc 8in,5,1,Average,1 Story,900,,,9,One Story,1,,1,,Single,,,,
0010112,1,5,1966,2048.00,Average,1,2,60,3.50,No Data,11,3,Avg/Good,1.5 Fin,,,,28,1.5 Sty,,159,1,,Single,,468,,
0010113,1,,,,No Data,,,,,No Data,,,No Data | Sketch not available.,No Data,,,,,No Data,,,,,No Data,,,,
0010114,1,5,1988,1625.00,Average,1,3,38,3.50,No Data,8,2,Good,1.5 Fin,,1,,16,Contemp,,389,1,,Single,,336,,
0010115,1,7,1977,1304.00,Average,1,4,49,3.50,Conc 8in,13,3,Avg/Good,1 Story,1192,1,1,24,One Story,4,540,1,,Single,1132,810,,
0010115,2,1,2000,483.00,Average,,,26,3.00,No Data,2,,Average,1.5 Fin,,,,25,Log,,126,1,,Camp,,,,
0010116,1,8,1989,1857.00,Average,1,4,37,4.25,Conc 8in,10,2,Average,1.5 Fin,1349,1,1,24,Contemp,4,443,1,,Single,1126,,,
00101171,1,6,2007,1922.00,Good,1,3,19,4.50,Conc 8in,8,2,Average,1.5 Fin,1204,,,17,1.5 Sty,2,534,1,,Single,324,624,,
00101172,1,9,1988,3432.00,Average,1,4,38,4.25,No Data,13,3,Average,2 Story,,,1,25,Two Story,,1407,1,,Single,,528,,
00101173,1,4,1999,3651.00,Average,1,2,27,4.50,No Data,11,3,Average,1.5 Fin,,,,20,1.5 Sty,,400,1,,Single,,936,,
00101174,1,2,2010,2345.00,Good,1,1,16,4.50,Conc 8in,8,2,Average,2 Story,1173,,,15,Two Story,,744,1,,Single,,,,
001011741,1,7,2015,5490.00,Good,1,5,11,5.00,No Data,19,5,Average,2 Story,,1,2,11,Contemp,,947,1,,Single,,952,,
001011741,2,2,2020,580.00,Good,3,1,6,3.00,No Data,5,1,Average,1 Story,,,,6,One Story,,240,1,,Single,,,,
001011741,3,1,2020,506.00,Good,1,,6,3.00,No Data,5,1,Average,1.5 Fin,,,,6,One Story,,368,1,,Single,,,,
00101175,1,,,,No Data,,,,,No Data,,,No Data | Sketch not available.,No Data,,,,,No Data,,,,,No Data,,,,
0010118,1,7,1982,4312.00,Average,1,6,44,4.50,Conc 8in,13,3,Avg/Good,1.5 Fin,1964,,1,22,Contemp,4,1012,1,,Single,1844,,,
0010119,1,5,2006,2504.00,Good,1,3,20,3.75,Conc 8in,11,3,Average,1.5 Fin,1480,,,17,1.5 Sty,4,,1,,Single,568,272,,
0010119,2,2,2006,904.00,Good,1,1,20,3.25,Conc 8in,5,1,Average,1.5 Fin,452,,,17,Contemp,1,,1,,Single,,,,
001011902,1,7,1998,2183.00,Good,1,4,28,4.50,Conc 8in,11,3,Average,1.5 Fin,755,1,,21,Contemp,4,693,1,,Single,450,600,,
001011903,1,10,2007,3570.00,Good,1,4,19,4.50,Conc 8in,16,4,Average,2 Story,2223,1,1,17,Two Story,4,1309,1,,Single,1759,484,,
001012,1,4,2022,2212.00,Good,1,2,4,4.50,No Data,8,2,Average,1 Story,,,,4,One Story,,705,1,,Single,,396,,
0010123,1,7,1976,2206.00,Average,1,4,50,3.50,Conc 8in,8,2,Average,2 Story,960,,,30,2.5 Story,1,352,1,,Single,,528,,
0010125,1,7,1995,1536.00,Good,1,3,31,3.50,Conc 8in,10,2,Avg/Good,1.5 Fin,896,1,1,18,Contemp,4,518,1,,Single,616,,,
0010126,1,9,1995,3644.00,Good,1,4,31,5.00,Conc 8in,17,4,Good,1.5 Fin,1810,2,,15,1.5 Sty,4,2294,1,,Single,707,440,,
0010128,1,7,1970,1152.00,Average,1,5,56,3.50,Conc 8in,8,2,Good,2 Story,512,,,22,Contemp,4,844,1,,Single,336,,,
0010129,1,10,1972,2169.00,Average,1,5,54,3.75,Conc 8in,10,2,Avg/Good,2 Story,1170,,1,26,Contemp,4,1174,1,,Single,1050,,,
001012901,1,7,2003,3060.00,Good,1,3,23,4.25,Conc 8in,13,3,Average,2 Story,2060,1,1,18,Contemp,4,1803,1,,Single,1449,896,,
0010132,1,7,2000,4293.00,Good,1,4,26,4.00,Conc 8in,16,4,Average,2 Story,1799,1,1,20,Two Story,,1541,1,,Single,,700,,
0010133,1,,,,No Data,,,,,No Data,,,No Data | Sketch not available.,No Data,,,,,No Data,,,,,No Data,,,,
0010134,1,5,2003,1220.00,Good,1,4,23,3.50,Conc 8in,10,3,Average,1 Story,1220,1,,18,Contemp,4,817,1,,Single,1160,,,
0010135,1,7,1988,2187.00,Average,1,3,38,4.25,No Data,8,2,Avg/Good,2.5 Fin,,,,20,Contemp,,923,1,,Single,,612,,
0010136,1,7,1970,1809.00,Average,1,5,56,3.50,Conc 8in,10,2,Avg/Good,1.5 Fin,520,1,1,26,Chalet,4,656,1,,Single,480,,,
0010137,1,6,2004,2592.00,Good,1,3,22,4.25,Conc 8in,10,2,Average,2.5 Fin,360,1,1,18,Contemp,4,192,1,,Single,360,659,,
0010138,1,,,,No Data,,,,,No Data,,,No Data | Sketch not available.,No Data,,,,,No Data,,,,,No Data,,,,
0010139,1,,,,No Data,,,,,No Data,,,No Data | Sketch not available.,No Data,,,,,No Data,,,,,No Data,,,,
001014,1,,,,No Data,,,,,No Data,,,No Data | Sketch not available.,No Data,,,,,No Data,,,,,No Data,,,,
0010142,1,,,,No Data,,,,,No Data,,,No Data | Sketch not available.,No Data,,,,,No Data,,,,,No Data,,,,
002000,1,,,,No Data,,,,,No Data,,,No Data | Sketch not available.,No Data,,,,,No Data,,,,,No Data,,,,
0020001,1,8,1983,1240.00,Average,1,3,43,3.50,Conc 8in,8,2,Avg/Good,1.5 Fin,760,1,,22,1.5 Sty,2,672,1,,Single,660,,,
0020002,1,14,1900,3552.00,Average,2,7,70,3.50,Conc 8in,15,4,Fair/Avg,2 Story,936,,,47,Colonial,1,954,2,,Single,,,,
0020003,1,8,1977,3941.00,Average,2,4,49,3.50,Conc 8in,15,3,Fair/Avg,1.5 Fin,796,1,1,37,Contemp,3,962,2,5,Single,377,772,,
0020004,1,,,,No Data,,,,,No Data,,,No Data | Sketch not available.,No Data,,,,,No Data,,,,,No Data,,,,
002000401,1,9,2017,5842.00,Excellent,1,5,9,5.50,Conc 8in,16,4,Average,2 Story,462,1,,9,Two Story,,848,1,,Single,,,,
002000402,1,5,2015,2000.00,Excellent,1,3,11,4.50,Conc 8in,11,2,Average,1.5 Fin,1308,,1,11,1.5 Sty,,776,1,,Single,,,,
0020006,1,,,,No Data,,,,,No Data,,,No Data | Sketch not available.,No Data,,,,,No Data,,,,,No Data,,,,
0020007,1,16,1850,3867.00,Average,1,8,70,4.50,Stone,15,3,Good,2 Story,999,,1,28,Two Story,1,922,3,,Single,,559,,
0020011,1,8,1850,2428.00,Average,1,4,80,3.25,Stone,5,1,Poor,1.5 Fin,1214,,,66,CapeCod,,314,1,,Single,,748,,
0020012,1,10,1976,2080.00,Average,1,4,50,5.00,Conc 8in,13,3,Good,2 Story,1036,1,1,20,Contemp,4,997,1,,Single,972,484,,
0020013,1,5,1973,1677.00,Average,1,2,53,3.50,Conc 8in,13,3,Good,BiLev (SF),1356,1,1,21,BiLevel,4,402,1,,Single,1356,,,
0020014,1,7,1965,1258.00,Average,1,4,61,4.00,Conc 8in,8,2,Good,1 Story,868,1,,24,One Story,4,261,1,,Single,868,,,
0020016,1,,1998,10678.00,Excellent,3,5,28,7.00,Conc 8in,45,10,Good,2.5U (SF),5320,12,2,14,Contemp,4,3832,1,,Single,1694,3108,,
0020016,2,3,1991,1224.00,Average,1,1,35,3.25,No Data,5,1,Average,1.5 Fin,,,,24,1.5 Sty,,,1,,Single,,320,,
0020017,1,7,2001,3373.00,Good,1,4,25,5.25,Conc 8in,16,3,Average,2 Story,1614,1,1,19,Two Story,1,196,1,,Single,,650,,
0020018,1,,,,No Data,,,,,No Data,,,No Data | Sketch not available.,No Data,,,,,No Data,,,,,No Data,,,,
002002,1,6,1978,1696.00,Average,1,3,48,3.25,Conc 8in,8,2,Fair/Avg,1.5 Fin,750,1,,36,1.5 Sty,1,408,1,,Single,,300,,
0020021,1,6,1992,1747.00,Good,1,3,34,4.00,Conc 8in,8,2,Avg/Good,1 Story,1008,1,,19,One Story,1,1345,1,,Single,,440,,
002002101,1,,,,No Data,,,,,No Data,,,No Data | Sketch not available.,No Data,,,,,No Data,,,,,No Data,,,,
002002102,1,4,2015,3134.00,Good,1,3,11,6.00,Conc 8in,14,2,Average,1.5 Fin,2209,1,2,11,1.5 Sty,4,811,1,,Single,1113,728,,
0020022,1,11,1890,2865.00,Average,3,6,70,4.00,Stone,16,3,Average,1.5 Fin,936,1,,40,1.5 Sty,1,162,3,,Single,,1536,,
0020024,1,8,1981,2682.00,Good,1,4,45,4.00,Conc 8in,13,3,Good,1.5 Fin,864,1,,18,1.5 Sty,1,56,2,,Single,,816,,
0020025,1,5,1967,2569.00,Good,1,3,59,3.50,Conc 8in,8,2,Good,1.5 Fin,924,1,,24,1.5 Sty,1,708,1,,Single,,,,
0020026,1,5,1950,1612.00,Average,1,2,76,3.25,Blk 8in,5,1,Good,1.5 Fin,876,,,30,1.5 Sty,3,413,1,,Single,,,,
0020027,1,5,1976,1232.00,Average,1,3,50,2.75,No Data,5,1,Fair,1.5 Fin,,,,44,CapeCod,,54,1,,Single,,,,
0020028,1,11,1973,2204.00,Average,1,3,53,3.00,Conc 8in,8,2,Fair/Avg,1.5 Fin,896,1,,39,1.5 Sty,4,379,1,,Single,836,1420,,
0020029,1,8,1976,1556.00,Good,1,4,50,3.00,Conc 8in,10,2,Average,2 Story,768,,1,30,Two Story,4,656,1,,Single,528,,,
002003,1,,,2432.00,No Data,,,,1.00,No Data,,,No Data,No Data,1392,,,,No Data,,,,,No Data,,,,
0020031,1,9,1900,2980.00,Average,1,5,70,4.50,Conc 8in,15,3,Good,2 Story,520,1,2,28,Two Story,1,651,1,,Single,,,,
0020032,1,8,2006,2912.00,Average,1,4,20,5.00,Conc 8in,11,2,Average,2.5 Fin,1120,1,1,17,Colonial,4,344,1,,Single,1020,,,
0020034,1,5,1900,1393.00,Average,1,2,70,3.25,Stone,7,1,Avg/Good,1.5 Fin,840,,1,32,CapeCod,6,,1,,Single,,,,
0020035,1,9,1900,2532.00,Average,1,5,70,3.50,Stone,9,2,Average,1.5 Fin,1368,,,40,CapeCod,6,765,2,,Single,,,,
0020036,1,,,,No Data,,,,1.00,No Data,,,No Data | Sketch not available.,No Data,,,,,No Data,,,,,No Data,,,,
002003601,1,9,1997,3582.00,Average,1,3,29,4.50,Conc 8in,14,3,Avg/Good,1.5 Fin,1882,1,1,17,1.5 Sty,1,806,1,,Single,,480,,
0020037,1,13,1988,7349.00,Average,1,7,38,6.00,No Data,34,8,Avg/Good,2.5 Fin,,1,1,20,Contemp,,1377,1,,Single,,672,,
002003701,1,6,2021,3006.00,Good,1,3,5,4.50,No Data,10,2,Average,1.5 Fin,,,,5,1.5 Sty,,128,1,,Single,,,,
002003702,1,,,,No Data,,,,,No Data,,,No Data | Sketch not available.,No Data,,,,,No Data,,,,,No Data,,,,
0020039,1,,,,No Data,,,,,No Data,,,No Data | Sketch not available.,No Data,,,,,No Data,,,,,No Data,,,,
002003901,1,6,1960,2947.00,Good,1,3,66,3.50,Conc 8in,11,3,Good,1.5 Fin,189,,,26,1.5 Sty,,1063,1,,Single,,,,
002004,1,,,,No Data,,,,1.00,No Data,,,No Data | Sketch not available.,No Data,,,,,No Data,,,,,No Data,,,,
0020041,1,6,1986,1500.00,Average,1,2,40,3.25,Conc 8in,7,1,Avg/Good,1.5 Fin,945,,1,21,Log,1,408,1,,Single,,,,
0020042,1,10,1850,3434.00,Average,1,5,80,3.50,Stone,8,2,Fair/Avg,1.5 Fin,1092,1,,52,1.5 Sty,1,540,1,,Single,,,,
0020043,1,9,2001,4458.00,Good,1,3,25,5.50,Conc 8in,20,4,Average,2 Story,1464,2,1,19,Contemp,3,1314,1,,Single,1203,724,,
0020044,1,,,,No Data,,,,,No Data,,,No Data | Sketch not available.,No Data,,,,,No Data,,,,,No Data,,,,
0030001,1,8,1985,3815.00,Good,1,4,41,5.00,Conc 8in,14,3,Avg/Good,1.5 Fin,354,1,,21,Contemp,,570,1,,Single,,,,
0030001,2,2,2017,308.00,Average,,1,9,4.00,No Data,5,1,Average,1 Story,,,,11,One Story,,,1,,Camp,,,,
0030002,1,8,1800,1205.00,Average,1,3,80,3.25,Stone,5,1,Average,1.5 Fin,300,,,45,CapeCod,1,75,1,,Single,,,,
0030003,1,,,,No Data,,,,,No Data,,,No Data | Sketch not available.,No Data,,,,,CapeCod,,,,,No Data,,,,
0030004,1,6,2007,1990.00,Good,1,2,19,4.00,No Data,8,1,Average,2 Story,,,1,17,Contemp,,195,1,,Single,,360,,
0030005,1,7,1840,1628.00,Average,1,3,80,3.50,Stone,8,1,Avg/Good,1.5 Fin,1019,,1,36,CapeCod,6,144,1,,Single,,,,
0030006,1,12,2004,2092.00,Good,1,3,22,4.00,No Data,10,2,Good,1.5 Fin,,1,1,12,CapeCod,,344,1,,Single,,,,
0030007,1,7,1923,2060.00,Average,1,3,60,4.00,Conc 8in,10,2,Good,2 Story,1121,,1,24,CapeCod,1,564,1,,Single,,,,
0030008,1,4,1992,2401.00,Good,1,3,34,4.50,Conc 8in,13,3,Avg/Good,1.5 Fin,534,2,1,19,CapeCod,4,669,1,,Single,534,,,
0030009,1,8,1800,2217.00,Average,1,5,70,3.75,Stone,8,2,Average,1.5 Fin,572,1,,40,Colonial,1,566,1,,Single,,572,,
003001,1,6,1964,2686.00,Average,1,3,62,3.50,Conc 8in,8,2,Average,1.5 Fin,297,,,36,A-Frame,1,404,1,,Single,,,,
0030011,1,5,2010,2383.00,Good,1,3,16,4.00,Conc 8in,13,3,Avg/Good,1.5 Fin,1453,,1,12,CapeCod,1,865,1,,Single,,,,
0030012,1,5,1985,1247.00,Average,1,2,41,3.25,Conc 8in,8,2,Average,1.5 Fin,815,1,,26,Contemp,1,606,1,,Single,,,,
003001201,1,6,1984,1316.00,Average,1,3,42,3.00,Conc 8in,8,2,Average,1.5 Fin,768,,,27,CapeCod,,268,1,,Single,,,,
0030013,1,5,1960,836.00,Average,1,3,66,3.00,Blk 6in,8,2,Average,1 Story,836,,,38,Saltbox,4,690,1,,Single,750,,,
0030014,1,5,1960,1358.00,Average,1,4,66,3.25,Blk 6in,11,3,Good,BiLev (SF),1212,2,,26,BiLevel,4,382,1,,Single,1152,,,
0030015,1,4,1977,1410.00,Average,1,2,49,3.25,Conc 8in,7,1,Avg/Good,1.5 Fin,512,,1,24,Contemp,1,352,1,,Single,,,,
003001501,1,3,2004,768.00,Good,1,3,22,3.00,Conc 8in,10,2,Average,1 Story,922,,,18,One Story,4,194,2,,Single,490,,,
003001502,1,,,,No Data,,,,,No Data,,,No Data | Sketch not available.,No Data,,,,,No Data,,,,,No Data,,,,
0030016,1,8,1982,1320.00,Average,1,4,44,3.25,Conc 8in,8,2,Average,1 Story,1320,1,,27,Log,4,140,1,,Single,1260,,,
003001601,1,4,1982,1320.00,Average,1,2,44,3.00,Conc 8in,8,2,Average,1 Story,1320,1,,27,Log,3,240,1,,Single,660,,,
0030017,1,6,1815,1632.00,Average,1,3,80,3.25,No Data,12,2,Avg/Good,1.5 Fin,,,1,36,Colonial,,232,1,,Single,,912,,
003001702,1,,,,No Data,,,,,No Data,,,No Data | Sketch not available.,No Data,,,,,No Data,,,,,No Data,,,,
0030019,1,9,1973,1434.00,Average,1,3,53,3.25,Conc 8in,11,2,Average,1.5 Fin,783,1,,31,1.5 Sty,4,442,1,,Single,546,484,,
003002,1,6,1968,832.00,Average,1,4,58,3.00,Conc 8in,5,2,Average,1 Story,672,1,,34,Ranch,5,328,2,,Single,672,,,
0030021,1,,,,No Data,,,,,No Data,,,No Data | Sketch not available.,No Data,,,,,No Data,,,,,No Data,,,,
0030022,1,,,,No Data,,,,,No Data,,,No Data | Sketch not available.,No Data,,,,,No Data,,,,,No Data,,,,
0030024,1,6,1987,2666.00,Average,1,3,39,3.50,Conc 8in,11,2,Average,2.5 Fin,546,,,25,Contemp,1,550,1,,Single,,,,
0030025,1,6,1971,3067.00,Average,1,3,55,4.50,Conc 8in,11,2,Avg/Good,2.5 Fin,600,1,1,26,Contemp,1,698,1,,Single,,,,
003002501,1,8,1995,2508.00,Average,1,3,31,4.50,Conc 8in,12,3,Average,1.5 Fin,1204,2,,22,CapeCod,4,1268,1,,Single,668,,,
003002502,1,5,2017,1331.00,Good,1,3,9,4.50,Conc 8in,10,2,Average,1.5 Fin,902,,1,9,1.5 Sty,,612,1,,Single,,,,
003002503,1,5,1997,2160.00,Average,1,2,29,4.50,Conc 8in,10,2,Avg/Good,1.5 Fin,1464,,1,17,CapeCod,1,568,1,,Single,,624,,
003002505,1,11,1988,3519.00,Average,1,4,38,5.50,Conc 8in,22,5,Avg/Good,1.5 Fin,2359,1,2,20,Contemp,4,286,1,,Single,2205,648,,
0030026,1,6,1973,1716.00,Average,1,4,53,3.50,Conc 8in,8,2,Avg/Good,1.5 Fin,1120,1,,26,CapeCod,4,540,1,,Single,518,,,
0030029,1,8,1989,1877.00,Average,1,2,37,4.50,Conc 8in,10,2,Average,1.5 Fin,898,1,1,24,Contemp,4,878,1,,Single,898,529,,
0030029,2,2,2000,1007.00,Good,1,2,26,3.00,No Data,5,1,Average,1.5 Fin,,,,20,1.5 Sty,,,1,,Single,,,,
003003,1,7,1968,1536.00,Average,1,3,58,3.25,No Data,8,2,Avg/Good,1.5 Fin,,1,,27,Contemp,,432,1,,Single,,,,
0030031,1,5,2009,1388.00,Good,1,2,17,4.00,Conc 8in,10,2,Average,1.5 Fin,1008,,,16,Modular,4,524,1,,Single,800,,,
0030031,2,2,2005,1008.00,Good,1,1,21,3.00,Conc 8in,5,1,Average,1.5 Fin,560,,,18,1.5 Sty,1,,1,,Single,,,,
0030032,1,5,1979,1562.00,Average,1,4,47,3.25,No Data,8,2,Avg/Good,1.5 Fin,,,,23,CapeCod,1,214,1,,Single,,,,
0030033,1,7,1800,1408.00,Average,1,4,80,3.25,Stone,5,1,Average,1.5 Fin,800,,,45,CapeCod,6,207,1,,Single,,,,
0030034,1,8,1981,3853.00,Good,1,4,45,5.25,No Data,14,2,Avg/Good,2 Story,,,1,23,Contemp,,1009,1,,Single,,324,,
0030035,1,6,1980,1248.00,Average,1,3,46,3.00,Conc 8in,8,2,Average,1.5 Fin,768,,,28,Saltbox,1,342,1,,Single,,,,
0030036,1,4,1982,1824.00,Average,1,3,44,3.25,Conc 8in,5,1,Average,1.5 Fin,912,,,27,Log,1,304,1,,Single,,,,
0030037,1,7,1966,2640.00,Average,1,4,60,4.00,Conc 8in,12,3,Good,1 Story,756,1,,24,Ranch,2,860,1,,Single,690,520,,
003003701,1,,,,No Data,,,,,No Data,,,No Data | Sketch not available.,No Data,,,,,No Data,,,,,No Data,,,,
0030038,1,3,1966,842.00,Average,1,1,60,3.00,Conc 8in,5,1,Average,1.5 Fin,633,,,35,Log,1,264,1,,Single,,,,
003003801,1,8,2003,2728.00,Good,1,5,23,5.00,Conc 8in,17,4,Average,1.5 Fin,1688,1,1,18,Colonial,4,533,1,,Single,1506,676,,
0030039,1,4,1962,1133.00,Average,1,2,64,3.00,Conc 8in,7,1,Avg/Good,1.5 Fin,928,1,1,30,Chalet,3,174,1,,Single,880,,,
0030041,1,7,1962,1976.00,Average,1,3,64,3.25,Conc 8in,11,3,Good,1 Story,1948,2,,26,Ranch,1,224,1,,Single,,,,
0030042,1,5,1998,1280.00,Average,1,2,28,2.75,Conc 6in,7,1,Fair/Avg,1.5 Fin,720,,1,26,1.5 Sty,2,160,1,,Single,110,,,
0030046,1,5,1968,1772.00,Good,1,2,58,3.25,Conc 8in,8,2,Avg/Good,1.5 Fin,896,,,27,Ranch,1,,1,,Single,,380,,
0030047,1,7,1970,2510.00,Average,1,5,56,3.25,Conc 8in,8,2,Avg/Good,2 Story,967,1,,26,Two Story,1,741,1,,Single,,,,
003004701,1,6,1999,3024.00,Average,1,4,27,3.50,Conc 8in,12,3,Average,2.5 Fin,1296,1,,20,2.5 Story,,568,2,,Single,,,,
0030049,1,,,,No Data,,,,,No Data,,,No Data | Sketch not available.,No Data,,,,,No Data,,,,,No Data,,,,
0030051,1,7,1967,1680.00,Average,1,4,59,3.00,Blk 8in,5,1,Fair,1 Story,1248,2,,49,Ranch,,252,1,,Single,,1600,,
0030052,1,7,2003,2437.00,Good,1,3,23,3.50,Conc 8in,11,2,Average,2 Story,1400,,1,18,Two Story,,1130,1,,Single,,,,
003005201,1,8,2001,1816.00,Good,1,3,25,4.00,Conc 8in,11,3,Avg/Good,2 Story,1004,,,16,Contemp,3,322,1,,Single,1004,,,
003005202,1,7,1999,2331.00,Average,1,3,27,3.75,Conc 8in,8,2,Avg/Good,1.5 Fin,936,,,17,Contemp,4,461,1,,Single,498,,,
003005203,1,5,1990,1950.00,Good,1,3,36,4.00,Conc 8in,8,2,Avg/Good,1.5 Fin,832,,,20,1.5 Sty,1,518,1,,Single,,,,
003005204,1,6,1997,1636.00,Average,1,3,29,4.00,Conc 8in,8,2,Average,2 Story,768,,,21,CapeCod,4,96,1,,Single,612,,,
003005205,1,5,2013,1288.00,Average,1,3,13,3.00,No Data,9,2,Average,1 Story,,,,13,Log,,96,1,,Single,,,,
003005206,1,7,2001,2064.00,Good,1,2,25,3.00,Conc 8in,11,2,Fair,1.5 Fin,1456,1,1,30,Modular,,794,1,,Single,,,,
003005210,1,5,2011,1960.00,Good,1,3,15,4.50,Conc 8in,8,2,Average,1.5 Fin,1050,1,,15,Contemp,,324,1,,Single,,,,
003005211,1,9,2002,2080.00,Good,1,4,24,4.00,Conc 8in,10,3,Average,2 Story,896,1,1,19,Colonial,3,1244,1,,Single,796,624,,
003005230,1,7,2004,2100.00,Good,1,2,22,3.25,Conc 8in,10,2,Average,1.5 Fin,1264,,,18,Saltbox,4,364,1,,Single,784,,,
003005240,1,5,2002,1096.00,Good,1,3,24,3.00,Conc 8in,10,2,Average,1.5 Fin,672,,1,19,CapeCod,4,444,1,,Single,572,,,
003005250,1,3,2001,808.00,Average,1,2,25,2.75,No Data,5,1,Fair,1.5 Fin,,,,30,CapeCod,,72,1,,Single,,,,
0030053,1,3,1800,1280.00,Below Avg,1,1,80,3.00,No Data,5,1,Poor,1.5 Fin,,,,80,CapeCod,,,1,,Camp,,,,
0030054,1,3,1990,585.00,Below Avg,,1,,1.00,No Data,,,Salvage,1 Story,,,,85,Camp,,,1,,Camp,,,,
0030055,1,8,1800,1701.00,Average,1,4,80,3.25,Blk 8in,8,2,Poor,1.5 Fin,690,,,66,CapeCod,1,224,1,,Single,,177,,
0030056,1,6,1966,1433.00,Average,1,4,60,3.25,Conc 8in,8,2,Avg/Good,1.5 Fin,992,1,,28,CapeCod,1,992,1,,Single,,,,
0030057,1,6,1831,1512.00,Average,1,4,90,3.25,Stone,7,1,Average,1.5 Fin,900,1,1,51,CapeCod,1,229,1,,Single,,342,,
0030058,1,5,2021,2106.00,Good,1,2,5,3.25,Conc 8in,5,1,Average,1.5 Fin,1120,1,,5,1.5 Sty,,,1,,Single,,,,
0030059,1,7,1994,1768.00,Average,1,3,32,3.50,Conc 8in,12,3,Avg/Good,1.5 Fin,1160,1,,18,Log,4,384,1,,Single,962,,,
003006,1,3,1996,600.00,Average,,2,30,3.00,No Data,1,,Fair/Avg,1 Story,,,,34,Camp,,,1,,Camp,,,,
0030061,1,7,1990,1404.00,Average,2,3,36,3.25,Blk 8in,7,1,Avg/Good,1.5 Fin,616,,1,20,1.5 Sty,1,552,1,,Single,,,,
0030062,1,5,1967,1472.00,Average,1,2,59,3.00,Conc 8in,8,2,Avg/Good,1.5 Fin,960,1,,28,Log,2,480,1,,Single,960,,,
003006201,1,5,1987,1248.00,Average,1,3,39,2.50,Conc 8in,8,2,Average,1 Story,1248,,,25,Ranch,1,285,1,,Single,,832,,
003006202,1,,,,No Data,,,,,No Data,,,No Data | Sketch not available.,No Data,,,,,No Data,,,,,No Data,,,,
003006203,1,,,,No Data,,,,,No Data,,,No Data | Sketch not available.,No Data,,,,,No Data,,,,,No Data,,,,
0030063,1,5,1979,1620.00,Average,1,3,47,2.75,No Data,5,1,Average,1.5 Fin,,,,29,CapeCod,,120,1,,Single,,,,
0030064,1,,,,No Data,,,,,No Data,,,No Data | Sketch not available.,No Data,,,,,No Data,,,,,No Data,,,,
0030065,1,3,2012,960.00,Average,1,2,14,3.00,No Data,5,1,Average,1 Story,,,,17,Camp,,,1,,Camp,,,,
0030066,1,,,,No Data,,,,,No Data,,,No Data | Sketch not available.,No Data,,,,,No Data,,,,,No Data,,,,
003006601,1,,,,No Data,,,,,No Data,,,No Data | Sketch not available.,No Data,,,,,No Data,,,,,No Data,,,,
0030067,1,,,,No Data,,,,,No Data,,,No Data | Sketch not available.,No Data,,,,,No Data,,,,,No Data,,,,
0030068,1,,,,No Data,,,,,No Data,,,No Data | Sketch not available.,No Data,,,,,No Data,,,,,No Data,,,,
0040001,1,8,1800,2772.00,Average,3,5,60,4.00,Conc 8in,18,4,Good,1.5 Fin,1076,1,,24,1.5 Sty,1,184,3,,Single,,,,
0040002,1,11,1857,2415.00,Average,1,4,60,4.00,Blk 8in,10,2,Avg/Good,1.5 Fin,764,,1,28,1.5 Sty,1,762,1,,Single,,1006,,
004000201,1,,,,No Data,,,,,No Data,,,No Data | Sketch not available.,No Data,,,,,No Data,,,,,No Data,,,,
0040003,1,4,1963,676.00,Average,1,3,60,3.25,Conc 8in,8,2,Avg/Good,1 Story,676,1,,28,Chalet,4,144,1,,Single,541,,,
0040004,1,4,1963,676.00,Average,1,2,60,3.25,Conc 8in,8,2,Good,1 Story,676,,,24,Chalet,4,144,1,,Single,541,,,
0040005,1,4,1963,728.00,Average,1,3,60,3.25,Conc 8in,8,2,Good,1 Story,728,,,24,Chalet,4,236,1,,Single,704,,,
0040006,1,3,1963,676.00,Average,1,3,60,3.25,Conc 8in,8,2,Fair/Avg,1 Story,676,,,43,Chalet,4,141,1,,Single,532,,,
0040007,1,5,1963,678.00,Average,1,3,60,3.25,Conc 8in,8,2,Average,1 Story,676,,,35,Chalet,4,560,1,,Single,516,,,
0040008,1,6,1973,1672.00,Average,1,3,53,4.00,No Data,8,2,Avg/Good,1.5 Fin,,,,26,CapeCod,,,1,,Single,,,,
0040009,1,8,1967,1022.00,Good,1,5,40,4.00,Conc 8in,8,2,Good,1.5 Fin,600,,,17,Contemp,4,407,1,,Single,600,,,
004001,1,6,1973,1808.00,Average,1,3,40,4.25,No Data,8,2,Good,1.5 Fin,,1,,17,Contemp,,1096,1,,Single,,,,
0040011,1,7,1875,2304.00,Average,1,4,70,3.50,Conc 8in,8,2,Good,1.5 Fin,960,,,28,1.5 Sty,1,356,1,,Single,,,,
0040011,2,4,2019,1202.00,Good,1,1,7,4.00,Conc 8in,5,1,Average,1 Story,400,,,7,One Story,,200,1,,Single,,,,
0040012,1,11,1856,2516.00,Average,1,6,60,4.25,Stone,13,3,Good,1.5 Fin,520,,,24,1.5 Sty,1,222,2,,Single,,,,
0040013,1,5,1951,1320.00,Average,1,3,60,3.25,Conc 8in,5,1,Average,1.5 Fin,704,1,,35,1.5 Sty,1,216,1,,Single,,,,
0040014,1,10,1870,2485.00,Average,1,4,60,4.25,Conc 8in,13,3,Good,1.5 Fin,860,1,1,24,1.5 Sty,4,493,1,,Single,556,,,
004001501,1,,,,No Data,,,,,No Data,,,No Data,No Data,,,,,No Data,,246,,,No Data,,936,,
0040016,1,,,,No Data,,,,,No Data,,,No Data | Sketch not available.,No Data,,,,,No Data,,,,,No Data,,,,
0040021,1,5,1889,1349.00,No Data,,2,,5.00,No Data,9,1,Good,No Data,882,,2,,No Data,3,363,,5,No Data,400,,,
004002101,1,4,1889,966.00,No Data,,2,,5.00,No Data,5,1,Average,No Data,483,,,,No Data,1,288,,5,No Data,,,,
0040022,1,7,1850,1710.00,Average,1,2,60,4.00,Conc 8in,8,1,Good,1.5 Fin,1006,1,1,24,1.5 Sty,1,550,1,,Single,,,,
0040023,1,5,1880,2634.00,Average,1,4,50,4.00,Conc 8in,11,2,Good,1.5 Fin,1468,1,1,20,1.5 Sty,,,1,,Single,,,,
004002304,1,,,,No Data,,,,,No Data,,,No Data | Sketch not available.,No Data,,,,,No Data,,,,,No Data,,,,
0040024,1,6,1890,1636.00,Average,1,3,70,3.25,No Data,8,2,Average,1.5 Fin,,,,40,1.5 Sty,,288,1,,Single,,,,
0040025,1,6,1850,1806.00,Average,1,3,70,3.50,Blk 8in,10,2,Avg/Good,1.5 Fin,428,1,1,32,1.5 Sty,1,316,1,,Single,,,,
0040026,1,6,2002,2492.00,Good,1,4,24,4.00,Conc 8in,14,3,Average,1.5 Fin,800,1,1,19,Two Story,4,479,1,,Single,572,,,
0040029,1,5,1978,1132.00,Average,1,3,48,3.00,Conc 8in,8,2,Fair/Avg,Split,1110,1,,36,SpLevel,4,135,1,,Single,1000,,,
0040031,1,6,1905,2880.00,Average,2,4,60,4.00,Conc 8in,13,3,Good,1.5 Fin,480,,,24,1.5 Sty,,447,1,,Single,,288,,
0040032,1,,,3232.00,No Data,4,5,,3.50,Stone,18,4,Salvage,2 Story,1064,,,40,AptHse,1,,4,,Single,,,,
004003301,1,,,,No Data,,,,,No Data,,,No Data | Sketch not available.,No Data,,,,,No Data,,,,,No Data,,,,
00400331,1,,,988.00,No Data,,,,,No Data,,,No Data,No Data,4950,,,,No Data,,,,,No Data,,,,
0040034,1,10,1850,2152.00,Average,1,6,80,3.50,Blk 8in,10,2,Average,1.5 Fin,1244,,1,45,1.5 Sty,6,318,1,,Single,1244,,,
0040034,2,10,1900,1904.00,Average,1,4,70,2.50,Blk 8in,8,2,Fair,1.5 Fin,672,,,54,1.5 Sty,6,,,,Single,672,,,
0040035,1,8,1860,2224.00,Average,1,3,70,4.00,Stone,8,2,Good,1.5 Fin,616,,,28,1.5 Sty,1,249,1,,Single,,,,
0040035,2,4,1960,4640.00,Average,,1,60,3.50,Conc 8in,5,1,Avg/Good,1.5 Fin,672,,,28,Colonial,2,665,1,10,Single,672,,,
004003600,1,,,,No Data,,,,,No Data,,,No Data | Sketch not available.,No Data,,,,,No Data,,,,,No Data,,,,
0040037,1,6,1990,2108.00,Good,1,3,36,4.50,Conc 8in,13,3,Good,1.5 Fin,1274,,,16,CapeCod,4,714,1,,Single,660,528,,
0040038,1,4,1948,2100.00,Good,1,3,50,4.00,Blk 8in,11,3,Good,1.5 Fin,576,,,20,CapeCod,1,336,1,,Single,,,,
0040039,1,7,1855,2138.00,Average,1,4,70,3.50,Conc 8in,11,3,Good,1.5 Fin,822,,,28,1.5 Sty,1,56,1,,Single,,,,
0040041,1,13,1890,2348.00,Average,1,5,70,3.50,Stone,12,3,Avg/Good,2 Story,704,,,32,Colonial,,288,1,,Single,,,,
00400411,1,,,,No Data,,,,,No Data,,,No Data | Sketch not available.,No Data,,,,,No Data,,,,,No Data,,,,
0040042,1,8,1865,1715.00,Average,1,3,70,3.50,Stone,7,1,Fair/Avg,1.5 Fin,689,,1,47,1.5 Sty,2,448,1,,Single,420,432,,
0040043,1,5,1890,1629.00,Average,2,2,70,3.75,Blk 8in,8,2,Avg/Good,1.5 Fin,729,,,32,1.5 Sty,6,611,1,,Single,,,,
0040044,1,6,1850,2332.00,Average,1,3,60,4.00,Blk 8in,10,2,Good,1.5 Fin,1058,,1,24,1.5 Sty,6,232,1,,Single,,,,
0040047,1,8,1965,880.00,Average,1,4,60,3.00,Conc 8in,5,1,Average,BiLev (SF),816,,,35,BiLevel,4,368,1,,Single,720,288,,
0040048,1,9,1850,2247.00,Average,1,6,70,4.00,Conc 8in,10,2,Good,2.5 Fin,936,1,1,28,Colonial,1,649,1,,Single,,,,
0040049,1,7,1850,2064.00,Average,1,2,70,4.00,Conc 8in,11,2,Avg/Good,1.5 Fin,748,,1,32,1.5 Sty,1,511,2,,Single,,,,
004005,1,9,1830,2028.00,Average,1,3,80,3.50,Conc 8in,8,2,Fair/Avg,1.5 Fin,1528,1,,52,1.5 Sty,1,148,1,,Single,,,,
0040051,1,6,1900,1610.00,Good,1,3,50,4.00,Stone,8,2,Good,1.5 Fin,399,,,20,1.5 Sty,6,144,1,,Single,,,,
004005101,1,5,1996,2257.00,Good,1,2,30,4.00,Conc 8in,8,2,Avg/Good,1.5 Fin,1572,,,18,1.5 Sty,2,691,1,,Single,800,,,
0040052,1,5,1863,1664.00,Average,1,2,80,3.25,Stone,7,1,Average,2 Story,256,,1,45,CapeCod,1,112,1,,Single,,,,
0040053,1,8,1932,1800.00,Average,1,4,60,4.00,Conc 8in,8,2,Good,1.5 Fin,448,,,24,1.5 Sty,,462,1,,Single,,,,
004005302,1,4,1999,408.00,Average,1,2,27,2.50,No Data,5,1,Fair/Avg,1 Story,,,,37,MobileHome,,96,1,,Mobile,,,,
0040054,1,6,1993,1120.00,Good,1,2,33,3.25,Conc 8in,5,1,Avg/Good,1 Story,1120,1,,19,Ranch,4,342,1,,Single,1066,320,,
0040055,1,6,1959,1320.00,Average,1,3,67,2.00,No Data,5,1,Poor,1 Story,,,,85,Camp,,104,1,,Camp,,,,
0040056,1,4,1964,720.00,Average,1,2,60,2.75,Blk 6in,5,1,Fair/Avg,1 Story,720,,,43,Ranch,1,120,1,,Single,,,,
0050001,1,6,1900,2662.00,Average,1,2,70,3.25,Blk 8in,12,2,Average,2 Story,988,,2,40,ResComm,4,130,1,,Single,752,,,
0050003,1,6,1961,1340.00,Good,1,3,55,4.00,Blk 8in,8,2,Good,1 Story,1012,1,,22,Contemp,1,576,1,,Single,,,,
0050004,1,5,1962,1187.00,Average,1,3,60,4.00,Blk 8in,8,2,Good,1 Story,1104,1,,24,Ranch,4,725,1,,Single,883,992,,
0050004,2,2,2000,436.00,Average,1,1,26,4.00,No Data,4,1,Avg/Good,1.5 Fin,,,,20,Camp,,419,1,,Camp,,,,
0050008,1,8,1850,2140.00,Average,1,6,70,3.50,Blk 8in,11,3,Avg/Good,2 Story,1352,1,,32,1.5 Sty,3,152,1,,Single,532,,,
005000801,1,9,1985,1398.00,Average,1,3,41,3.25,Conc 8in,5,2,Avg/Good,1 Story,1398,,,21,Contemp,5,451,2,,Single,1028,480,,
005000802,1,8,1996,2304.00,Average,1,6,30,3.00,Conc 8in,10,2,Average,2 Story,1536,,1,21,Two Story,4,168,1,5,Single,1536,768,,
005000803,1,6,2022,2016.00,Good,1,3,4,3.25,Conc 8in,12,3,Average,2 Story,1008,,,4,Two Story,,,1,,Single,,,,
0050009,1,6,1972,1280.00,Average,1,3,54,3.50,Conc 8in,7,2,Avg/Good,1.5 Fin,768,1,1,26,1.5 Sty,5,60,2,,Single,768,,,
005001001,1,5,2002,1542.00,Good,1,3,24,3.25,Conc 8in,11,3,Average,1.5 Fin,936,,,19,CapeCod,4,298,1,,Single,876,528,,
005001002,1,6,2003,1956.00,Good,1,4,23,3.25,Conc 8in,8,2,Average,1.5 Fin,1040,,,18,CapeCod,,240,1,,Single,,,,
005001003,1,7,2002,1782.00,Average,1,4,24,3.00,No Data,8,2,Average,1 Story,,,,29,DblWide,,36,1,,Mobile,,,,
0050012,1,3,2003,1564.00,Good,1,2,23,3.50,WoodFrame,8,2,Average,1 Story,1564,,,18,Two Story,4,349,1,,Single,950,,,
0050013,1,6,1993,1496.00,Good,1,4,33,3.75,Conc 8in,14,4,Avg/Good,1.5 Fin,896,,,19,Contemp,4,208,1,,Single,700,,,
00500131,1,6,1991,1904.00,Average,1,4,35,3.00,Conc 8in,11,3,Average,2 Story,912,1,,24,Colonial,1,288,1,,Single,,,,
0050014,1,,,,No Data,,,,,No Data,,,No Data | Sketch not available.,No Data,,,,,No Data,,,,,No Data,,,,
005001401,1,9,1998,3437.00,Average,1,3,28,4.00,Conc 8in,12,3,Avg/Good,2 Story,1344,,,17,Colonial,1,904,1,,Single,,784,,
005001402,1,8,2004,2632.00,Average,1,4,22,3.00,Conc 8in,10,2,Average,2 Story,1232,2,1,18,Colonial,,832,1,,Single,,624,,
005001403,1,,,,No Data,,,,,No Data,,,No Data | Sketch not available.,No Data,,,,,No Data,,,,,No Data,,,,
005001404,1,,,,No Data,,,,,No Data,,,No Data | Sketch not available.,No Data,,,,,No Data,,,,,No Data,,,,
005001410,1,5,2006,2506.00,Good,1,3,20,3.50,Conc 8in,10,2,Average,2 Story,1480,,1,17,1.5 Sty,4,875,1,,Single,1100,,,
005001411,1,,,,No Data,,,,,No Data,,,No Data | Sketch not available.,No Data,,,,,No Data,,,,,No Data,,,,
005001420,1,5,2023,1984.00,Good,1,3,3,3.50,Conc 12in,8,2,Average,2 Story,1064,,,3,Two Story,,,1,,Single,,,,
0050015,1,6,1967,1200.00,Average,1,2,59,2.75,No Data,8,2,Average,2 Story,,,,34,Colonial,,160,1,,Single,,,,
0050016,1,4,1962,936.00,Average,1,2,60,2.75,No Data,5,1,Average,1 Story,,,,35,Log,,280,1,,Single,,,,
0050017,1,5,1963,1986.00,Average,1,3,60,3.00,Blk 8in,10,2,Average,1 Story,780,1,,35,Ranch,3,360,1,,Single,660,528,,
0050018,1,6,1964,1379.00,Average,1,3,60,3.00,Blk 8in,5,1,Avg/Good,1 Story,264,1,,28,One Story,6,100,1,,Single,,,,
005001801,1,7,2008,1922.00,Good,1,4,18,3.25,No Data,8,2,Average,2 Story,,1,,16,Two Story,,422,1,,Single,,,,
0050019,1,5,1963,968.00,Average,1,4,60,2.75,Conc 8in,8,2,Avg/Good,1 Story,968,1,,28,Log,4,304,1,,Single,929,,,
005002,1,5,1963,1111.00,Average,1,2,60,2.75,No Data,7,1,Fair/Avg,1 Story,,,1,43,Log,,123,1,,Single,,,,
0050021,1,10,1965,2496.00,Average,1,4,60,3.00,Blk 8in,10,2,Average,1.5 Fin,140,,1,35,1.5 Sty,1,668,2,,Single,,,,
0050022,1,10,1960,1080.00,Average,1,5,60,2.75,Conc 8in,11,2,Average,1 Story,1080,,,35,Ranch,5,189,1,,Single,1020,,,
0050023,1,6,1962,1373.00,Average,1,3,64,2.75,No Data,8,2,Poor,1 Story,,1,,60,Ranch,,228,1,,Single,,,,
0050024,1,5,1969,1537.00,Average,1,3,57,3.25,No Data,11,2,Avg/Good,1.5 Fin,,1,1,27,1.5 Sty,,566,1,,Single,,,,
0050025,1,6,1961,1352.00,Average,2,4,60,3.50,No Data,7,1,Good,2 Story,,1,1,24,Contemp,,120,1,,Single,,,,
0050026,1,6,1961,988.00,Average,1,3,60,3.00,No Data,5,1,Average,1.5 Fin,,,,35,Chalet,,204,1,,Single,,,,
0050027,1,5,1968,1128.00,Average,1,1,58,3.00,No Data,8,2,Fair/Avg,1.5 Fin,,,,42,Chalet,1,300,1,,Single,,,,
0050028,1,5,1969,1360.00,Average,1,3,57,3.00,No Data,8,2,Average,1.5 Fin,,1,,33,1.5 Sty,,140,1,,Single,,,,
0050029,1,5,1960,1244.00,Average,1,3,60,3.00,No Data,8,2,Average,1 Story,,1,,35,Contemp,,400,1,,Single,,,,
005003,1,5,1968,1088.00,Average,1,3,58,3.00,No Data,8,2,Average,1 Story,,1,,34,Ranch,,576,1,,Single,,,,
0050031,1,5,1977,1360.00,Average,1,3,49,3.25,Conc 8in,5,1,Average,1.5 Fin,864,,,30,Log,1,200,1,,Single,,,,
0050032,1,5,1968,1352.00,Average,1,3,58,3.25,No Data,8,2,Avg/Good,1.5 Fin,,1,,27,Contemp,,,1,,Single,,,,
0050033,1,6,1978,1576.00,Good,1,3,48,3.25,Conc 8in,8,2,Avg/Good,1.5 Fin,896,1,,24,CapeCod,1,,1,,Single,,,,
0050034,1,7,1970,1676.00,Average,1,4,56,3.25,No Data,8,2,Avg/Good,1.5 Fin,,1,,26,1.5 Sty,,500,1,,Single,,408,,
0050036,1,10,1968,3495.00,Average,1,5,58,5.00,No Data,17,3,Good,2.5 Fin,,1,1,23,Contemp,,1882,1,,Single,,,,
0050038,1,10,1972,2097.00,Average,1,4,54,3.50,No Data,10,2,Average,2.5 Fin,,1,1,32,Contemp,,36,1,,Single,,,,
0050039,1,13,1975,2837.00,Average,3,6,51,3.25,No Data,15,3,Fair/Avg,2.5 Fin,,,,38,Contemp,,114,3,,Single,,,,
005004,1,,,,No Data,,,,,No Data,,,No Data | Sketch not available.,No Data,,,,,No Data,,,,,No Data,,,,
005004101,1,6,2006,1568.00,Good,1,3,20,3.00,No Data,8,2,Average,1.5 Fin,,,,17,CapeCod,,96,1,,Single,,,,
005004102,1,6,2004,784.00,Average,1,3,22,3.00,WoodFrame,5,1,Average,1.5 Fin,784,,,18,CapeCod,4,,1,,Single,684,,,
0050042,1,14,1972,2622.00,Average,1,6,54,3.00,No Data,20,4,Fair,2.5 Fin,,,,46,AptHse,,206,4,,Single,,,,
0050043,1,6,1964,1568.00,Average,1,3,60,3.50,Blk 8in,7,1,Average,2 Story,512,,1,35,Contemp,3,168,1,,Single,512,,,
0050045,1,7,1965,2433.00,Good,1,5,60,4.00,Conc 8in,13,3,Avg/Good,1.5 Fin,1679,1,2,28,Contemp,4,512,1,,Single,1561,391,,
005004501,1,6,2003,2886.00,Good,1,3,23,3.75,Conc 8in,12,3,Average,2.5 Fin,1064,,,18,Colonial,,864,1,,Single,,,,
005004502,1,7,2004,2884.00,Good,1,4,22,3.25,Conc 8in,11,2,Average,1.5 Fin,1236,1,1,18,Saltbox,3,228,1,,Single,1064,784,,
005004503,1,5,2023,864.00,Excellent,1,3,3,4.00,Conc 8in,10,2,Average,1 Story,864,,1,3,One Story,4,288,1,,Single,864,,,
0050046,1,3,1965,844.00,Good,1,2,60,3.25,Blk 8in,9,2,Avg/Good,1 Story,644,1,,28,Chalet,4,171,1,,Single,368,,,
0050049,1,5,1964,1928.00,Average,1,3,62,3.00,Blk 6in,8,2,Avg/Good,1.5 Fin,500,1,,29,A-Frame,1,494,1,,Single,,,,
005004901,1,6,2023,2080.00,Good,1,3,3,4.00,Conc 8in,12,2,Average,1.5 Fin,960,,1,3,1.5 Sty,4,756,1,,Single,672,432,,
005005,1,6,1960,1248.00,Average,1,4,50,3.50,Conc 8in,8,2,Good,1.5 Fin,864,1,,20,1.5 Sty,1,247,1,,Single,,,,
0050051,1,4,1968,1118.00,Average,1,1,58,3.00,Conc 8in,5,1,Fair/Avg,2 Story,400,,,42,Contemp,1,,1,,Single,,96,,
0050052,1,6,1870,1964.00,Average,1,4,70,3.50,Blk 8in,11,3,Avg/Good,1.5 Fin,616,,,32,1.5 Sty,6,448,1,,Single,,728,,
0050054,1,7,1980,1200.00,Average,1,3,46,3.00,Conc 8in,8,2,Average,BiLev (SF),1056,,,28,BiLevel,4,208,1,,Single,848,576,,
0050057,1,15,1993,8109.00,Good,1,6,33,8.00,Conc 8in,27,6,Avg/Good,1.5 Fin,4342,3,2,19,Contemp,4,1377,1,,Single,3802,528,,
0050062,1,6,1960,1352.00,Average,1,3,66,2.75,No Data,8,2,Avg/Good,1 Story,,1,,30,Ranch,,617,1,,Single,,,,
0050062,2,7,1965,1248.00,Average,1,3,61,2.50,No Data,8,2,Fair/Avg,1 Story,,1,,43,Ranch,,96,,,Single,,,,
0050062,3,3,1965,652.00,Average,1,1,61,2.50,WoodFrame,5,1,Average,1 Story,652,,,36,Ranch,1,,1,,Single,,,,
0050065,1,4,1965,768.00,Average,1,2,60,2.75,No Data,5,1,Avg/Good,1 Story,,,,28,Ranch,,144,1,,Single,,,,
0050067,1,4,2019,1316.00,Good,1,2,7,3.00,Conc 8in,10,2,Average,1 Story,1316,,1,7,One Story,3,360,1,,Single,658,,,
005007,1,6,1988,2343.00,Good,1,2,38,4.50,Conc 6in,10,2,Good,1.5 Fin,896,,,16,Log,,454,1,,Single,,,,
0050071,1,8,2005,5161.00,Good,1,5,21,6.00,Conc 8in,15,3,Average,1.5 Fin,1656,1,2,18,Contemp,3,582,1,,Single,1004,671,,
0050072,1,,,,No Data,,,,,No Data,,,No Data | Sketch not available.,No Data,,,,,No Data,,,,,No Data,,,,
0050073,1,,,,No Data,,,,,No Data,,,No Data | Sketch not available.,No Data,,,,,No Data,,,,,No Data,,,,
0050075,1,6,1850,1189.00,Average,1,2,80,3.25,Stone,7,1,Average,1.5 Fin,667,1,1,45,1.5 Sty,6,86,1,,Single,,,,
0050082,1,,2025,2656.00,Good,1,3,1,4.00,Conc 8in,10,2,Average,2 Story,1760,,1,,Two Story,4,120,1,,Single,700,,,
005008201,1,8,2017,2550.00,Good,1,4,9,4.00,Conc 8in,15,4,Average,2 Story,1446,1,,9,Two Story,4,745,1,,Single,1446,,,
005008203,1,,2025,2432.00,Good,1,2,1,4.00,Conc 8in,10,2,Average,1 Story,2432,,1,,One Story,4,336,1,,Single,1000,576,,
005008204,1,,2025,2624.00,Good,1,2,1,4.00,Conc 8in,10,2,Average,1.5 Fin,1952,1,1,,1.5 Sty,4,340,1,,Single,1000,,,
005008301,1,7,2013,2088.00,Good,1,5,13,4.50,Conc 8in,11,3,Average,2 Story,589,,,13,Contemp,4,372,1,,Single,399,682,,
005008302,1,4,2020,1717.00,Good,1,3,6,3.25,Conc 8in,10,2,Average,1.5 Fin,1271,,,6,1.5 Sty,,100,1,,Single,,,,
005008303,1,8,2020,2040.00,Good,1,3,6,4.50,Conc 8in,11,3,Average,1.5 Fin,1200,,,6,1.5 Sty,4,492,1,,Single,1200,,,
005008304,1,,,,No Data,,,,,No Data,,,No Data | Sketch not available.,No Data,,,,,No Data,,,,,No Data,,,,
005008305,1,9,2009,2434.00,Good,1,3,17,4.00,Conc 8in,10,2,Average,2 Story,998,1,1,16,Victorian,,372,1,,Single,,624,,
005008306,1,5,2022,2016.00,Good,1,3,4,4.25,Conc 8in,11,3,Average,2 Story,1008,,,4,Two Story,,660,1,,Single,,784,,
005008307,1,8,2022,2108.00,Good,1,3,4,4.50,Conc 8in,10,2,Average,1.5 Fin,1344,,1,4,1.5 Sty,4,319,1,,Single,1344,,,
005008308,1,6,2011,2112.00,Good,1,3,15,4.50,Conc 8in,10,2,Average,1.5 Fin,1088,1,1,15,Contemp,1,396,1,,Single,,,,
005008309,1,5,2023,2560.00,Good,1,3,3,4.00,No Data,14,4,Average,1.5 Fin,,,,3,1.5 Sty,,389,1,,Single,,448,,
0050085,1,,,,No Data,,,,,No Data,,,No Data | Sketch not available.,No Data,,,,,No Data,,,,,No Data,,,,
0050095,1,4,1965,1108.00,Good,1,2,61,3.25,Conc 8in,5,1,Average,1 Story,624,1,,36,Ranch,1,,1,15,Single,1020,,,
0050095,2,15,1965,3032.00,Good,1,10,61,3.50,Conc 8in,31,9,Average,2 Story,1020,1,1,36,No Data,4,364,,20,Single,1020,,,
0060002,1,9,1968,1318.00,Average,1,4,58,3.25,Blk 8in,8,2,Average,1 Story,1318,1,,34,Contemp,4,678,1,,Single,636,,,
0060003,1,8,1972,2248.00,Good,1,4,54,3.25,Blk 8in,11,3,Avg/Good,1.5 Fin,540,1,,26,1.5 Sty,4,612,1,,Single,340,300,,
0060004,1,14,1962,5479.00,Average,1,5,64,4.50,Conc 8in,21,5,Good,1.5 Fin,1642,1,2,26,1.5 Sty,4,1220,1,,Single,806,,,
0060006,1,8,1850,1384.00,Good,1,4,70,3.50,Blk 8in,8,2,Avg/Good,1.5 Fin,800,,,32,CapeCod,1,,1,,Single,,,,
0060007,1,18,1965,2224.00,Average,1,6,61,3.25,Blk 6in,30,6,Avg/Good,1.5 Fin,400,,,28,AptHse,2,892,6,,Single,195,,,
0060008,1,6,2021,2776.00,No Data,1,2,5,3.25,No Data,11,3,Average,1.5 Fin,,,,5,Contemp,,,1,10,Single,,,,
0060009,1,19,1965,5390.00,Average,1,5,61,6.00,Conc 8in,24,5,Good,2.5 Fin,2448,3,1,24,3 Story,4,812,1,,Single,1008,,,
006001,1,10,1965,1617.00,Average,1,4,61,3.50,Conc 8in,12,2,Avg/Good,BiLev (SF),1225,1,2,28,BiLevel,4,732,1,,Single,1225,,,
0060011,1,10,1960,1547.00,Average,1,5,66,3.25,Conc 8in,11,2,Avg/Good,1 Story,1504,1,1,30,Log,4,634,1,,Single,835,,,
0060012,1,8,1972,1922.00,Average,1,4,54,3.50,Conc 8in,12,3,Avg/Good,BiLev (SF),1188,1,,26,BiLevel,4,714,1,,Single,1050,,,
0060013,1,7,1964,1748.00,Average,1,4,62,3.50,Blk 8in,10,2,Avg/Good,1 Story,1168,,1,29,Ranch,4,1339,1,,Single,768,,,
0060014,1,7,1964,1185.00,Average,1,4,62,3.00,Blk 6in,8,2,Avg/Good,1 Story,825,,,29,Ranch,4,,1,,Single,825,,,
0060015,1,6,1964,1015.00,Average,1,3,62,3.25,Conc 8in,8,2,Avg/Good,1 Story,841,,,29,Ranch,4,482,1,,Single,777,288,,
0060016,1,7,1965,898.00,Average,1,4,61,3.25,Conc 8in,8,2,Avg/Good,1 Story,700,,,28,Ranch,4,,1,,Single,700,428,,
0060017,1,7,1977,1716.00,Average,1,4,49,3.00,No Data,8,2,Average,2 Story,,,,30,Two Story,,344,1,,Single,,,,
0060018,1,9,1972,1318.00,Average,1,4,54,3.50,Conc 8in,10,2,Avg/Good,1 Story,1188,1,,26,BiLevel,4,200,1,,Single,954,509,,
0060019,1,7,2022,2553.00,Good,1,3,4,4.00,Conc 8in,9,2,Average,2.5 Fin,1134,,,4,2.5 Story,,959,1,,Single,,,,
006001901,1,6,2015,2156.00,Good,1,3,11,4.00,No Data,8,1,Average,2 Story,,,1,11,Two Story,,192,1,,Single,,,,
006001902,1,6,2013,1540.00,Good,1,4,13,4.00,Conc 8in,12,3,Average,2 Story,1008,,,13,Contemp,4,1044,1,,Single,404,,,
006001904,1,5,2021,2304.00,Good,2,3,5,3.50,Conc 8in,11,3,Avg/Good,1.5 Fin,1280,,,2,1.5 Sty,,,1,,Single,,,,
006002,1,,,,No Data,,,,,No Data,,,No Data | Sketch not available.,No Data,,,,,No Data,,,,,No Data,,,,
0060021,1,19,1987,4006.00,Good,1,9,39,4.00,Conc 8in,25,5,Avg/Good,1 Story,2731,1,2,21,Contemp,5,670,3,,Single,1749,,,
0060023,1,13,1972,3058.00,Average,1,7,54,3.25,Conc 8in,15,3,Avg/Good,1.5 Fin,640,,,26,Contemp,5,454,3,,Single,630,,,
0060025,1,7,1962,1410.00,Good,1,4,20,4.00,Conc 8in,11,3,Average,1 Story,1798,1,,17,Contemp,4,440,1,,Single,1642,,,
0060026,1,10,1965,1594.00,Good,1,5,61,3.50,Conc 8in,11,3,Good,1 Story,1544,1,,24,Contemp,4,615,1,,Single,1344,672,,
0060027,1,8,1978,2228.00,Average,1,4,48,3.25,No Data,11,2,Avg/Good,1.5 Fin,,,1,24,CapeCod,,288,1,,Single,,,,
0060028,1,5,1978,1408.00,Average,1,3,48,3.00,No Data,8,2,Avg/Good,1.5 Fin,,,,24,CapeCod,,160,1,,Single,,,,
0060029,1,7,1964,992.00,Good,1,4,62,3.50,Conc 8in,11,3,Good,1 Story,992,1,,25,Chalet,4,440,1,,Single,576,,,
006003,1,7,1963,1688.00,Average,1,4,63,3.25,Conc 8in,11,3,Avg/Good,1 Story,600,1,,29,Chalet,3,240,1,,Single,300,440,,
0060031,1,5,1966,1152.00,Good,1,3,60,3.25,No Data,8,2,Good,2 Story,,1,,24,Chalet,,480,1,,Single,,,,
0060032,1,5,1968,1320.00,Average,1,3,58,3.00,No Data,7,1,Avg/Good,2 Story,,1,1,27,BiLevel,,384,1,,Single,,,,
0060033,1,5,2006,2152.00,Average,2,4,20,3.25,Conc 8in,8,2,Average,2.5 Fin,1024,,,17,2.5 Story,2,200,1,,Single,500,,,
0060035,1,8,1999,1608.00,Average,1,4,27,4.00,Conc 8in,10,2,Average,2 Story,896,,1,20,Two Story,4,600,1,,Single,796,,,
0060036,1,17,2021,3228.00,Good,2,5,5,4.75,Conc 8in,11,4,Average,2 Story,2024,2,,5,Two Story,5,1435,2,,Single,1628,,,
0060037,1,,,,No Data,,,,,No Data,,,No Data | Sketch not available.,No Data,,,,,No Data,,,,,No Data,,,,
0060038,1,,,,No Data,,,,,No Data,,,No Data | Sketch not available.,No Data,,,,,No Data,,,,,No Data,,,,
0060039,1,7,2002,2152.00,Good,1,3,24,3.50,Conc 8in,10,2,Average,1.5 Fin,1200,,1,19,1.5 Sty,1,672,1,,Single,1200,,,
006004,1,4,2023,1456.00,Good,1,2,3,3.25,Conc 8in,7,1,Average,1.5 Fin,,,1,3,Contemp,1,,1,,Single,,,,
0060041,1,,,,No Data,,,,,No Data,,,No Data | Sketch not available.,No Data,,,,,No Data,,,,,No Data,,,,
006004101,1,,,,No Data,,,,,No Data,,,No Data | Sketch not available.,No Data,,,,,No Data,,,,,No Data,,,,
0060042,1,,,,No Data,,,,,No Data,,,No Data | Sketch not available.,No Data,,,,,No Data,,,,,No Data,,,,
006004201,1,,,,No Data,,,,,No Data,,,No Data | Sketch not available.,No Data,,,,,No Data,,,,,No Data,,,,
0060043,1,,,,No Data,,,,,No Data,,,No Data | Sketch not available.,No Data,,,,,No Data,,,,,No Data,,,,
0060044,1,7,1967,804.00,Good,1,3,59,3.50,Blk 8in,8,2,Average,1.5 Fin,624,1,,34,Chalet,4,202,1,,Single,424,,,
0060046,1,10,1972,2240.00,Average,1,6,54,3.25,Conc 8in,8,3,Avg/Good,2.5 Fin,960,1,,26,Contemp,5,830,2,,Single,900,,,
0060047,1,,,,No Data,,,,,No Data,,,No Data,No Data,,,,,No Data,,,,,No Data,,,,
0060048,1,6,1973,1674.00,Average,1,3,53,4.00,Conc 8in,12,2,Avg/Good,Split,784,,1,26,SpLevel,4,243,1,,Single,784,607,,
0060049,1,10,1973,2138.00,Average,1,7,53,3.00,Conc 8in,8,3,Average,1.5 Fin,1040,,,31,1.5 Sty,5,1034,2,,Single,884,,,
006005,1,9,1972,1056.00,Good,1,6,54,3.50,Conc 8in,13,3,Good,BiLev (SF),1056,1,1,22,BiLevel,4,635,1,,Single,1056,,,
0060051,1,,,,No Data,,,,,No Data,,,No Data | Sketch not available.,No Data,,,,,No Data,,,,,No Data,,,,
0060052,1,,,,No Data,,,,,No Data,,,No Data | Sketch not available.,No Data,,,,,No Data,,,,,No Data,,,,
0060054,1,5,2019,1248.00,Good,1,3,7,4.00,Conc 8in,8,2,Average,1.5 Fin,816,,,7,1.5 Sty,,612,1,,Single,,,,
0090001,1,5,1967,692.00,Average,1,3,40,2.50,No Data,5,1,Fair,1 Story,,,,85,No Data,,96,1,,Mobile,,,,
0090002,1,5,1972,1095.00,Good,1,2,54,3.50,No Data,5,1,Good,1.5 Fin,,,,22,1.5 Sty,,255,1,,Single,,,,
0090003,1,6,1972,1101.00,Average,1,3,54,3.25,Conc 8in,8,2,Fair/Avg,2 Story,105,,,39,No Data,1,344,1,,Single,,,,
0090005,1,3,1972,979.00,Average,1,2,54,3.25,No Data,5,1,Average,1.5 Fin,,,,32,1.5 Sty,,364,1,,Single,,,,
0090006,1,3,1972,480.00,Average,1,2,54,2.75,No Data,5,1,Average,1.5 Fin,,,,32,1.5 Sty,,476,1,,Single,,,,
009000701,1,4,1999,1125.00,Average,1,2,27,3.50,Conc 8in,5,1,Avg/Good,1.5 Fin,624,,,17,No Data,1,488,1,,Single,,,,
0090009,1,,,,No Data,,,,,No Data,,,No Data | Sketch not available.,No Data,,,,,No Data,,,,,No Data,,,,
00900091,1,5,1988,924.00,Average,1,3,38,3.00,No Data,5,1,Fair,1 Story,,,,79,MobileHome,,,1,,Mobile,,,,
009001,1,8,1966,1934.00,Good,1,5,60,4.00,Conc 8in,13,3,Good,1 Story,1934,2,1,24,No Data,4,556,1,,Single,1934,506,,
0090011,1,6,1964,929.00,Average,1,3,55,3.25,Conc 8in,8,2,Good,1 Story,720,,,22,No Data,4,355,1,,Single,720,,,
0090012,1,9,1967,1594.00,Average,1,6,59,3.50,Conc 8in,11,3,Good,2 Story,720,1,,24,No Data,4,646,1,,Single,720,,,
009001201,1,,,,No Data,,,,,No Data,,,No Data | Sketch not available.,No Data,,,,,No Data,,,,,No Data,,,,
009001202,1,8,2003,2386.00,Good,1,4,23,4.25,Conc 8in,10,2,Average,2 Story,1274,,1,18,Saltbox,,1315,1,,Single,,672,,
009001203,1,5,2004,1584.00,Good,1,2,22,4.50,Conc 8in,7,1,Avg/Good,1.5 Fin,970,1,1,15,CapeCod,4,480,1,,Single,629,,,
009001204,1,,,,No Data,,,,,No Data,,,No Data | Sketch not available.,No Data,,,,,No Data,,,,,No Data,,,,
009001205,1,,,,No Data,,,,,No Data,,,No Data | Sketch not available.,No Data,,,,,No Data,,,,,No Data,,,,
009001206,1,4,2005,1540.00,Good,1,3,21,3.25,Conc 8in,8,2,Average,1.5 Fin,884,,,18,CapeCod,,272,1,,Single,,,,
0090013,1,18,1850,5878.00,Average,1,6,60,6.50,Conc 8in,24,5,Very Good,1.5 Fin,2001,2,,20,Contemp,4,412,2,,Single,638,858,,
0090013,2,5,2021,1601.00,Good,1,2,5,4.50,No Data,7,1,Average,2 Story,,,1,5,Two Story,,128,1,,Single,,,,
009001302,1,10,1988,3162.00,Average,1,5,38,4.50,Conc 8in,11,2,Good,1.5 Fin,1926,1,1,16,Contemp,1,394,1,,Single,,,,
009001303,1,13,1991,2972.00,Excellent,1,6,35,6.50,Conc 8in,20,5,Good,1.5 Fin,1856,1,,16,1.5 Sty,5,879,1,,Single,1686,,,
0090014,1,,,,No Data,,,,,No Data,,,No Data | Sketch not available.,No Data,,,,,No Data,,,,,No Data,,,,
0090015,1,10,1850,4117.00,Good,1,4,60,6.50,Conc 8in,18,3,Good,1.5 Fin,1869,,1,24,1.5 Sty,1,646,1,,Single,,676,,
0090017,1,6,1989,1380.00,Average,1,4,37,3.00,Conc 8in,8,2,Fair/Avg,1 Story,1380,,,31,Log,2,368,1,,Single,345,,,
0090017,2,4,2006,784.00,No Data,1,2,20,2.75,No Data,6,1,Fair,1 Story,,,,60,No Data,,80,1,,Mobile,,,,
0090017,3,,1987,980.00,Average,1,2,39,2.75,No Data,6,1,Fair,1 Story,,,,85,MobileHome,,,1,,Mobile,,,,
009001701,1,4,2013,952.00,Average,1,2,13,3.00,No Data,8,2,Average,1 Story,,,,18,MobileHome,,240,1,,Mobile,,,,
0090019,1,5,1979,2064.00,Good,1,3,47,4.00,No Data,8,2,Good,1.5 Fin,,,,19,Two Story,,532,1,,Single,,,,
009002,1,4,1981,1080.00,Average,1,2,45,3.00,No Data,7,1,Fair,1.5 Fin,,,1,41,1.5 Sty,,123,1,,Single,,,,
009002001,1,,,,No Data,,,,,No Data,,,No Data | Sketch not available.,No Data,,,,,No Data,,,,,No Data,,,,
009002002,1,,,,No Data,,,,,No Data,,,No Data | Sketch not available.,No Data,,,,,No Data,,,,,No Data,,,,
009002003,1,9,1987,2736.00,Average,1,4,39,4.00,No Data,8,2,Avg/Good,1.5 Fin,,1,,21,1.5 Sty,,682,1,,Single,,324,,
0090021,1,6,1966,768.00,Average,1,3,60,2.75,Conc 8in,8,2,Avg/Good,1.5 Fin,480,,,28,1.5 Sty,4,476,1,,Single,480,,,
0090022,1,9,1973,2644.00,Average,1,3,53,5.50,Conc 8in,14,3,Good,2 Story,917,1,,21,SpLevel,3,580,1,,Single,334,,,
009002201,1,,,,No Data,,,,,No Data,,,No Data | Sketch not available.,No Data,,,,,No Data,,,,,No Data,,,,
0090023,1,7,1974,1182.00,Average,1,3,52,2.75,Blk 8in,7,1,Average,1.5 Fin,638,,1,31,1.5 Sty,4,228,1,,Single,320,,,
0090024,1,13,1981,4112.00,Average,1,5,45,3.25,Conc 8in,8,2,Salvage,2.5 Fin,168,,,90,2.5 Story,,,1,,Single,,,,
0090025,1,5,1981,1819.00,Average,1,3,45,3.50,Conc 8in,10,2,Avg/Good,1.5 Fin,812,,1,23,1.5 Sty,3,400,1,,Single,273,528,,
0090026,1,5,1979,1909.00,Average,1,3,47,3.50,No Data,8,2,Avg/Good,1.5 Fin,,,,23,1.5 Sty,,576,1,,Single,,,,
0090027,1,5,1978,1538.00,Average,1,3,48,3.50,No Data,8,2,Average,1.5 Fin,,1,,29,1.5 Sty,,238,1,,Single,,572,,
0090028,1,6,1979,1464.00,Average,1,3,47,3.50,Conc 8in,7,1,Fair/Avg,2 Story,768,,1,36,Two Story,1,54,1,,Single,,,,
0090031,1,4,1983,2344.00,Average,1,3,43,3.50,No Data,8,2,Avg/Good,2 Story,,,,22,Contemp,,344,1,,Single,,,,
0090032,1,7,1973,896.00,Average,1,4,53,3.25,Conc 8in,8,2,Average,1 Story,896,,,31,Chalet,4,203,1,,Single,896,,,
0090033,1,8,1973,1688.00,Average,1,4,53,3.00,No Data,15,3,Average,2.5 Fin,,1,,31,2.5 Story,,499,3,,Single,,,,
0090034,1,7,1974,2023.00,Average,1,2,52,2.75,No Data,8,2,Poor,1.5 Fin,,,,52,Contemp,,136,1,,Single,,342,,
0090035,1,5,1972,1790.00,Average,1,3,54,3.25,Blk 8in,9,2,Fair/Avg,1.5 Fin,812,,,39,1.5 Sty,1,114,1,,Single,,,,
0090036,1,4,2004,1376.00,Good,1,2,22,3.50,Conc 8in,7,1,Avg/Good,2 Story,784,1,1,15,CapeCod,,826,1,,Single,,,,
0090038,1,6,1977,1839.00,Average,1,3,49,3.75,Conc 8in,12,2,Good,1.5 Fin,720,1,1,19,1.5 Sty,5,812,1,,Single,720,,,
0090039,1,5,1976,1212.00,Average,1,3,50,3.25,No Data,8,2,Good,1.5 Fin,,1,,20,CapeCod,,294,1,,Single,,162,,
009004,1,8,1976,3293.00,Average,1,4,50,4.00,Conc 8in,11,2,Avg/Good,1.5 Fin,795,1,1,25,1.5 Sty,1,545,1,,Single,,,,
0090041,1,6,1978,828.00,Average,1,3,48,3.50,Conc 8in,7,1,Avg/Good,BiLev (SF),828,,1,24,BiLevel,4,,1,,Single,828,,,
0090042,1,8,1979,2074.00,Average,1,4,47,3.25,No Data,8,2,Average,1.5 Fin,,,,29,1.5 Sty,,632,1,,Single,,,,
0090043,1,6,1978,1169.00,Average,1,4,48,2.75,No Data,5,1,Poor,2 Story,,,,50,Two Story,,320,1,,Single,,200,,
0090044,1,5,1978,1536.00,Good,1,3,20,3.50,Conc 8in,8,2,Avg/Good,2 Story,768,1,,14,Two Story,4,315,1,,Single,576,,,
0090045,1,,,,No Data,,,,,No Data,,,No Data | Sketch not available.,No Data,,,,,No Data,,,,,No Data,,,,
0090046,1,4,2014,1110.00,Good,1,3,12,4.00,WoodFrame,9,2,Average,1.5U (SF),1400,,,12,One Story,4,300,1,,Single,1290,364,,
0090047,1,,,,No Data,,,,,No Data,,,No Data | Sketch not available.,No Data,,,,,No Data,,,,,No Data,,,,
0090048,1,8,,2048.00,Good,1,5,20,3.50,No Data,11,3,Average,2.5U (SF),,,,17,2.5 Story,,427,1,,Single,,,,
0090049,1,9,1976,3560.00,Average,1,4,50,3.50,Conc 8in,14,3,Avg/Good,1.5 Fin,2180,,1,25,1.5 Sty,1,1078,1,,Single,,,,
009005,1,5,1977,1568.00,Average,1,2,49,3.00,Conc 8in,8,2,Average,2 Story,400,,,30,No Data,1,687,1,,Single,,,,
0090051,1,5,1986,2038.00,Average,2,4,40,3.50,No Data,8,2,Avg/Good,1.5 Fin,,,,21,CapeCod,,763,1,,Single,,,,
0090052,1,6,2004,2502.00,Good,1,3,22,4.00,Conc 8in,10,2,Avg/Good,1.5 Fin,1332,,1,15,CapeCod,,507,1,,Single,,875,,
0090053,1,9,1979,2503.00,Average,1,3,47,4.00,No Data,8,2,Avg/Good,1.5 Fin,,,,23,1.5 Sty,,519,1,,Single,,528,,
0090054,1,6,1979,3309.00,Good,1,3,10,4.00,No Data,9,2,Good,2 Story,,,,6,Two Story,,,1,,Single,,484,,
0090055,1,3,1994,1152.00,Good,1,2,32,3.50,Conc 8in,8,2,Avg/Good,1.5 Fin,768,,,18,Contemp,4,390,1,,Single,668,,,
0090057,1,5,1986,1804.00,Average,1,3,40,4.00,Conc 8in,8,2,Avg/Good,1.5 Fin,1410,1,,21,1.5 Sty,,402,1,,Single,,530,,
0090058,1,9,1988,1853.00,Average,1,3,38,4.00,Conc 8in,10,2,Avg/Good,1.5 Fin,1160,,1,20,Contemp,4,278,1,,Single,1160,593,,
0090059,1,,,,No Data,,,,,No Data,,,No Data | Sketch not available.,No Data,,,,,No Data,,,,,No Data,,,,
0090061,1,9,1999,2981.00,Good,1,4,27,4.00,No Data,11,2,Good,2 Story,,,1,13,Two Story,,56,1,,Single,,,,
0090062,1,,,,No Data,,,,,No Data,,,No Data | Sketch not available.,No Data,,,,,No Data,,,,,No Data,,,,
0090063,1,3,2017,400.00,Average,1,2,9,2.00,Conc 8in,5,1,Average,1 Story,400,,,9,One Story,2,84,1,,blank,400,,,
0090064,1,,,,No Data,,,,,No Data,,,No Data | Sketch not available.,No Data,,,,,No Data,,,,,No Data,,,,
0090066,1,,,,No Data,,,,,No Data,,,No Data | Sketch not available.,No Data,,,,,No Data,,,,,No Data,,,,
0090067,1,7,1989,2234.00,Average,1,2,37,4.00,No Data,11,2,Good,1.5 Fin,,1,1,16,Contemp,,606,1,,Single,,572,,
0090068,1,,,,No Data,,,,,No Data,,,No Data | Sketch not available.,No Data,,,,,No Data,,,,,No Data,,,,
0090069,1,6,2007,1612.00,Good,1,1,19,3.00,Conc 8in,5,1,Average,1.5 Fin,884,,,17,Modular,,144,1,,Single,,,,
009007,1,,,,No Data,,,,,No Data,,,No Data | Sketch not available.,No Data,,,,,No Data,,,,,No Data,,,,
0090071,1,6,1982,1324.00,Average,1,3,44,3.25,No Data,8,2,Average,1.5 Fin,,,,27,1.5 Sty,,285,1,,Single,,,,
0090073,1,,,,No Data,,,,,No Data,,,No Data | Sketch not available.,No Data,,,,,No Data,,,,,No Data,,,,
0090074,1,7,1984,1828.00,Good,1,3,42,3.25,No Data,8,2,Average,1.5 Fin,,1,,27,1.5 Sty,,98,1,,Single,,704,,
0090076,1,6,1987,1056.00,Average,1,3,39,3.50,No Data,8,2,Avg/Good,1.5 Fin,,,,21,1.5 Sty,,88,1,,Single,,616,,
0090077,1,,,,No Data,,,,,No Data,,,No Data | Sketch not available.,No Data,,,,,No Data,,,,,No Data,,,,
0090078,1,8,1986,1664.00,Average,1,5,40,3.00,No Data,8,2,Average,1.5 Fin,,,,26,No Data,,645,1,,Single,,,,
009008,1,7,1988,2676.00,Good,1,4,38,4.00,No Data,10,2,Avg/Good,1.5 Fin,,,1,20,No Data,,355,1,,Single,,806,,
0090081,1,11,1974,4621.00,Average,1,4,52,3.50,No Data,11,3,Good,1.5 Fin,,,,21,1.5 Sty,,628,1,,Single,,572,,
0090082,1,6,1988,2000.00,Average,2,3,38,3.50,Conc 8in,9,2,Avg/Good,1.5 Fin,1296,1,,20,1.5 Sty,3,465,1,,Single,400,,,
009008201,1,5,1984,1800.00,Average,1,2,42,3.50,Conc 8in,15,3,Average,1.5U (SF),1800,,,27,1.5 Sty,4,468,3,,Single,1800,,,
009008202,1,7,1984,2514.00,Good,1,4,42,3.25,Conc 8in,15,4,Avg/Good,2 Story,1288,1,,22,Two Story,4,528,1,,Single,437,,,
0090083,1,5,1971,2254.00,Average,1,1,55,3.00,Conc 8in,8,2,Fair/Avg,1 Story,2254,,,40,No Data,1,1100,1,,Single,,,,
0090084,1,5,1978,1008.00,Average,1,3,48,3.00,Conc 8in,7,1,Avg/Good,1 Story,1008,,1,24,Ranch,3,250,1,,Single,244,,,
0090085,1,5,1972,1352.00,Average,1,2,54,3.00,No Data,5,1,Avg/Good,1 Story,,1,,26,One Story,,884,1,,Single,,,,
0090087,1,8,1988,3404.00,Average,1,4,38,4.50,Conc 8in,14,4,Good,1.5 Fin,2007,1,,16,1.5 Sty,1,1348,1,,Single,,528,,
0120001,1,11,1973,3768.00,Average,1,5,53,5.00,Conc 8in,18,4,Good,2.5 Fin,396,1,1,21,Contemp,1,1035,2,,Single,,624,,
0120002,1,,,,No Data,,,,,No Data,,,No Data | Sketch not available.,No Data,,,,,No Data,,,,,No Data,,,,
0120003,1,15,1975,6668.00,Average,1,7,51,5.00,Conc 8in,22,6,Average,2 Story,595,2,1,30,Contemp,,356,2,,Single,,,,
0120003,2,4,1975,2216.00,No Data,1,2,51,3.25,No Data,8,2,Average,1 Story,,,,30,One Story,,192,1,,Single,,70,,
0120004,1,8,1970,1682.00,Average,1,3,40,3.50,Conc 8in,11,3,Good,1 Story,1554,1,,17,One Story,4,610,1,,Single,1554,,,
0120005,1,4,2001,2000.00,Good,1,3,25,3.25,Conc 8in,10,2,Average,1.5 Fin,1318,,1,19,Log,1,680,1,,Single,,,,
0120006,1,5,1964,1274.00,Average,1,2,62,3.50,Blk 8in,10,1,Avg/Good,2 Story,570,,2,29,Two Story,4,593,1,,Single,570,,,
0120007,1,,,,No Data,,,,,No Data,,,No Data,No Data,,,,,No Data,,96,,,No Data,,80,,
0120008,1,5,1980,840.00,Average,,3,46,4.00,No Data,5,1,Average,1.5 Fin,,,,35,A-Frame,,408,1,,Camp,,,,
0120009,1,9,1980,4130.00,Average,1,3,46,5.00,Conc 8in,14,2,Good,1.5 Fin,1869,1,1,18,1.5 Sty,,912,1,,Single,,483,,
0120011,1,5,1975,766.00,Average,1,3,51,3.25,Blk 8in,5,1,Average,BiLev (SF),576,,,30,BiLevel,4,260,1,,Single,576,,,
0120012,1,6,2019,2565.00,Good,3,3,7,5.00,Conc 8in,9,2,Average,2 Story,1540,1,1,7,Two Story,1,578,1,,Single,,,,
0120013,1,8,1978,2940.00,Good,1,3,48,4.50,Conc 8in,8,2,Good,1.5 Fin,1042,,,19,1.5 Sty,1,514,1,,Single,,594,,
0120014,1,5,1850,1584.00,Good,1,2,70,3.50,Stone,7,1,Very Good,1.5 Fin,832,1,1,24,1.5 Sty,6,48,1,,Single,,,,
0120015,1,7,1971,1782.00,Average,1,4,55,3.50,Conc 8in,8,2,Fair/Avg,2 Story,1443,,,40,1.5 Sty,3,729,1,,Single,300,576,,
0120018,1,9,1971,4052.00,Average,1,3,55,5.00,Conc 8in,13,3,Avg/Good,1 Story,2714,1,1,26,Contemp,4,2070,1,,Single,2456,726,,
0120019,1,14,1985,5349.00,Excellent,1,7,41,5.00,Conc 8in,24,6,Good,2 Story,624,1,,17,Contemp,1,1294,1,,Single,,624,,
012002,1,7,1978,2284.00,Average,1,3,48,5.00,Conc 8in,12,2,Good,1.5 Fin,1305,1,1,19,1.5 Sty,1,320,1,,Single,,,,
0120021,1,7,1976,1800.00,Average,1,3,50,3.50,Conc 6in,8,2,Avg/Good,2 Story,816,1,,25,Two Story,,408,1,,Single,,,,
0120022,1,11,1979,1602.00,Average,1,3,47,5.50,Conc 8in,12,2,Good,1 Story,1143,2,1,19,Contemp,4,963,1,,Single,1143,,,
0120022,2,5,1985,874.00,Average,1,1,41,3.50,Conc 8in,5,1,Good,1.5U (SF),948,,,17,1.5 Sty,1,,1,,Single,,,,
0120023,1,8,1979,1878.00,Average,1,4,47,3.50,Conc 8in,10,2,Avg/Good,1.5 Fin,1036,,1,23,1.5 Sty,4,608,1,,Single,500,,,
0120024,1,,,,No Data,,,,,No Data,,,No Data | Sketch not available.,No Data,,,,,No Data,,,,,No Data,,,,
0120025,1,,,,No Data,,,,,No Data,,,No Data | Sketch not available.,No Data,,,,,No Data,,,,,No Data,,,,
0120026,1,,,,No Data,,,,,No Data,,,No Data | Sketch not available.,No Data,,,,,No Data,,,,,No Data,,,,
0120027,1,,,,No Data,,,,,No Data,,,No Data | Sketch not available.,No Data,,,,,No Data,,,,,No Data,,,,
0120028,1,8,1995,4103.00,Average,1,4,31,5.00,Conc 8in,14,4,Good,1.5 Fin,2314,1,,15,CapeCod,,518,1,,Single,,336,,
012003001,1,4,2026,788.00,Good,1,1,,3.25,No Data,5,1,Average,1 Story,,,,,One Story,,380,1,,Single,,,,
012003002,1,,,,No Data,,,,,No Data,,,No Data | Sketch not available.,No Data,,,,,No Data,,,,,No Data,,,,
012003003,1,6,2026,1752.00,Good,1,2,,3.50,Conc 8in,8,2,Average,2 Story,216,,,,Contemp,1,,1,,Single,,,,
012003004,1,,,,No Data,,,,,No Data,,,No Data | Sketch not available.,No Data,,,,,No Data,,,,,No Data,,,,
012003005,1,6,2007,2560.00,Good,1,3,19,4.50,Conc 8in,11,3,Average,2 Story,1505,1,,17,Two Story,3,644,1,,Single,500,1025,,
0120031,1,,,,No Data,,,,,No Data,,,No Data | Sketch not available.,No Data,,,,,No Data,,,,,No Data,,,,
0120033,1,11,1981,5502.00,Good,1,5,45,5.50,No Data,16,4,Good,1.5 Fin,,1,,18,One Story,,,1,,Single,,972,,
0120034,1,7,1964,2251.00,Good,1,4,62,5.50,Conc 8in,13,3,Good,1 Story,2370,1,1,25,One Story,4,3442,1,,Single,2198,,,
0120036,1,6,1979,1610.00,Average,1,3,47,3.50,No Data,8,2,Good,1.5 Fin,,,,19,No Data,,868,1,,Single,,,,
0120037,1,,,,No Data,,,,,No Data,,,No Data | Sketch not available.,No Data,,,,,No Data,,,,,No Data,,,,
0120039,1,8,2005,3296.00,Good,1,4,21,3.50,Conc 8in,13,3,Average,2 Story,1684,,1,18,Two Story,4,1879,1,,Single,1684,2056,,
012004,1,8,1966,1632.00,Average,1,3,60,3.25,Conc 8in,8,2,Avg/Good,2 Story,1008,,,28,Contemp,4,636,1,,Single,1008,,,
012005,1,10,2023,3436.00,Excellent,1,3,3,5.00,Conc 8in,13,3,Average,1.5 Fin,2502,1,1,3,1.5 Sty,4,699,1,,Single,160,875,,
0140001,1,10,1900,2384.00,Good,1,4,70,3.50,Conc 8in,13,3,Avg/Good,1.5 Fin,962,,,32,Contemp,1,456,2,,Single,,,,
0140002,1,11,1978,2463.00,Good,1,5,48,3.50,Conc 8in,16,4,Average,1.5 Fin,1972,,,29,Contemp,4,986,2,,Single,1025,,,
0140003,1,8,1978,1890.00,Good,1,4,48,4.00,Conc 8in,13,3,Average,1.5 Fin,1260,1,,29,Contemp,5,384,2,,Single,750,,,
0140004,1,12,1979,3681.00,Good,1,6,47,4.00,Conc 8in,18,4,Avg/Good,1.5 Fin,952,1,2,23,1.5 Sty,4,412,1,,Single,499,440,,
0140005,1,,,,No Data,,,,,No Data,,,No Data | Sketch not available.,No Data,,,,,No Data,,,,,No Data,,,,
0140006,1,5,1962,560.00,Average,1,3,64,3.00,Conc 8in,7,1,Good,1 Story,560,1,1,26,One Story,4,420,1,,Single,560,,,
0140007,1,5,1979,552.00,Average,1,3,47,3.00,Conc 8in,5,1,Avg/Good,1 Story,552,,,23,One Story,4,348,1,,Single,480,,,
0140007,2,1,2024,144.00,Good,1,,2,4.00,No Data,1,,Average,1 Story,,,,1,Camp,,,,,Camp,,,,
0140008,1,2,1982,508.00,Average,1,1,44,3.00,No Data,5,1,Avg/Good,1.5 Fin,,,,22,1.5 Sty,,263,1,,Single,,,,
0140009,1,9,1900,3072.00,Good,1,4,70,5.00,Conc 8in,13,3,Good,2 Story,1842,1,1,28,Contemp,1,868,1,,Single,,,,
014000901,1,,,,No Data,,,,,No Data,,,No Data | Sketch not available.,No Data,,,,,No Data,,,,,No Data,,,,
0140011,1,6,1976,2092.00,Average,1,4,50,3.50,No Data,11,3,Avg/Good,1.5 Fin,,,,25,1.5 Sty,,878,1,,Single,,504,,
0140012,1,5,1976,1612.00,Good,1,3,50,3.25,Conc 8in,8,2,Avg/Good,2 Story,560,,,25,Colonial,1,168,1,,Single,,,,
0140013,1,7,1978,2624.00,Average,1,4,48,4.00,No Data,10,2,Average,2 Story,,1,1,29,Colonial,,464,1,,Single,,440,,
0140014,1,7,1994,2260.00,Average,1,4,32,4.00,Conc 8in,10,2,Average,2 Story,1008,1,1,22,Contemp,3,1145,1,,Single,808,,,
0140015,1,9,1979,3124.00,Average,1,4,47,5.00,No Data,11,3,Good,2 Story,,1,,19,Contemp,,1156,1,,Single,,,,
0160001,1,8,1870,2198.00,Good,1,4,60,4.00,Conc 8in,13,3,Good,1.5 Fin,736,1,1,24,CapeCod,,128,1,,Single,,,,
0160002,1,6,1900,1246.00,Average,1,3,60,3.00,Conc 8in,5,1,Fair,1.5 Fin,871,,,50,CapeCod,,150,1,,Single,,630,,
0160003,1,6,2019,1728.00,Good,1,3,7,4.00,Conc 8in,11,2,Average,2 Story,864,,1,7,Two Story,4,392,1,,Single,764,,,
0160004,1,12,1850,3232.00,Good,1,6,50,4.25,Stone,10,2,Good,1.5 Fin,858,,,20,1.5 Sty,1,680,1,,Single,,,,
0160005,1,7,1850,2067.00,Average,1,4,70,3.50,Blk 8in,8,2,Average,1.5 Fin,1232,,,40,CapeCod,6,180,1,,Single,,420,,
0160006,1,9,1971,1116.00,Good,1,4,55,3.00,Conc 8in,11,3,Average,1 Story,1116,1,,32,Ranch,4,335,1,,Single,1116,,,
0160007,1,6,1965,1240.00,Average,1,3,60,3.25,Conc 8in,7,1,Average,1 Story,1240,1,1,35,Ranch,,80,1,,Single,,690,,
0160008,1,12,1979,3765.00,Good,1,2,47,4.50,Conc 8in,15,3,Avg/Good,2 Story,1428,1,,23,CapeCod,,813,1,,Single,,1782,,
0160009,1,13,1875,3010.00,Good,1,5,70,5.00,Conc 8in,20,4,Good,1.5 Fin,840,,1,28,Colonial,1,504,2,,Single,,190,,
016001,1,,,,No Data,,,,,No Data,,,No Data | Sketch not available.,No Data,,,,,No Data,,,,,No Data,,,,
0160011,1,6,1900,1497.00,Average,1,3,80,3.25,Conc 8in,5,1,Average,1.5 Fin,320,,,45,CapeCod,1,72,1,,Single,,209,,
0160012,1,11,1900,1979.00,Average,1,4,70,3.25,Conc 8in,10,2,Average,1.5 Fin,952,,1,40,CapeCod,3,161,1,,Single,196,,,
0160013,1,17,1800,4082.00,Average,1,8,90,3.50,Blk 8in,15,3,Fair/Avg,1.5 Fin,2599,,,57,CapeCod,1,580,3,,Single,,,,
0160014,1,7,1900,1760.00,Average,1,3,70,3.50,Conc 8in,10,2,Avg/Good,1.5 Fin,525,,1,32,CapeCod,1,209,1,,Single,,,,
0160015,1,,,,No Data,,,,,No Data,,,No Data | Sketch not available.,No Data,,,,,No Data,,,,,No Data,,,,
0160016,1,7,1973,936.00,Average,1,4,53,3.25,Conc 8in,8,2,Avg/Good,1 Story,936,,,26,Ranch,4,1050,1,,Single,736,,,
0160017,1,6,1900,2472.00,Average,1,2,70,3.75,Stone,11,3,Avg/Good,1.5 Fin,952,1,,32,CapeCod,1,1154,1,,Single,,,,
0160018,1,7,1998,2075.00,Good,1,3,28,3.75,Conc 8in,10,2,Average,1 Story,1886,1,1,21,Contemp,4,762,1,,Single,977,,,
016002,1,6,1850,2532.00,Good,1,4,60,5.00,Conc 8in,13,3,Good,2.5 Fin,1292,1,1,24,Contemp,1,820,1,,Single,,,,
016002001,1,4,2023,1575.00,Good,1,3,3,3.75,Conc 8in,10,2,Avg/Good,1 Story,1575,1,1,,One Story,4,775,1,,Single,1375,728,,
0160021,1,8,1985,3054.00,Good,1,5,41,4.00,Conc 8in,16,4,Avg/Good,1.5 Fin,1088,,1,21,CapeCod,1,916,1,,Single,,480,,
016002301,1,6,1840,1760.00,Good,1,3,70,3.50,Conc 8in,8,2,Average,1.5 Fin,468,1,,40,CapeCod,6,320,1,,Single,,,,
0160024,1,11,1973,2869.00,Average,1,8,53,4.50,Conc 8in,17,5,Avg/Good,2.5 Fin,1321,1,,26,Contemp,4,1439,1,,Single,960,361,,
0160025,1,7,1970,2554.00,Good,1,4,56,4.00,No Data,11,3,Avg/Good,2 Story,,2,,26,Contemp,,280,1,,Single,,,,
0160026,1,4,1978,1664.00,Average,1,3,48,3.75,Conc 8in,8,2,Avg/Good,1.5 Fin,896,,,24,CapeCod,1,112,1,,Single,,,,
0160027,1,9,1974,2160.00,Average,1,4,52,3.75,No Data,11,3,Avg/Good,1.5 Fin,,,,25,Contemp,,854,1,,Single,,,,
0160028,1,11,2005,3718.00,Good,1,3,21,5.25,Conc 8in,19,5,Very Good,1.5 Fin,1072,1,1,9,Contemp,4,1438,1,,Single,872,766,,
016003,1,5,1976,1433.00,Average,1,2,50,3.25,No Data,7,1,Average,1.5 Fin,,,1,30,Saltbox,,330,1,,Single,,,,
0160031,1,5,1976,1440.00,Average,1,3,50,3.25,Conc 8in,7,1,Average,1.5 Fin,840,,1,30,Contemp,4,747,1,,Single,640,,,
0160032,1,7,1850,1872.00,Average,1,3,80,3.00,Stone,8,2,Poor,1.5 Fin,900,1,,66,CapeCod,6,234,1,,Single,,315,,
0160033,1,5,2025,1216.00,Good,1,3,1,3.50,Conc 8in,8,2,Average,1.5 Fin,768,,,,1.5 Sty,4,,1,,Single,768,,,
0160035,1,16,1856,4048.00,Good,1,8,80,4.50,Conc 8in,28,8,Avg/Good,1.5 Fin,2638,2,1,36,CapeCod,4,1189,1,,Single,2438,,,
016003502,1,4,1999,1176.00,Good,1,2,27,3.50,No Data,8,2,Avg/Good,1.5 Fin,,1,,17,Contemp,,,1,,Single,,,,
0160036,1,5,2003,1696.00,Average,1,3,23,3.25,Conc 8in,10,2,Average,1.5 Fin,864,,1,18,CapeCod,1,140,1,,Single,,,,
0160037,1,6,1982,2423.00,Average,1,3,44,4.00,Conc 8in,8,2,Avg/Good,1.5 Fin,728,1,,22,Contemp,1,132,1,,Single,,,,
0160038,1,5,1992,1680.00,Average,1,3,34,3.25,Conc 8in,7,1,Avg/Good,1.5 Fin,644,,1,19,1.5 Sty,1,507,1,,Single,,,,
016003901,1,6,1997,2432.00,Good,1,4,29,3.75,Conc 8in,13,3,Avg/Good,1.5 Fin,1496,1,1,17,CapeCod,3,552,1,,Single,168,,,
016003902,1,4,2015,1912.00,Good,1,2,11,3.50,Conc 8in,11,3,Average,2 Story,936,,,11,Two Story,5,286,1,,Single,870,624,,
016003903,1,7,2004,3288.00,Good,1,3,22,4.00,Conc 8in,11,3,Avg/Good,1.5 Fin,1216,,,15,Contemp,4,806,1,,Single,1117,630,,
016004,1,9,1850,2407.00,Average,1,4,60,3.75,Stone,13,3,Avg/Good,1.5 Fin,840,,1,28,CapeCod,1,489,1,,Single,,,,
0160041,1,,,,No Data,,,,,No Data,,,No Data | Sketch not available.,No Data,,,,,No Data,,,,,No Data,,,,
016004101,1,,,,No Data,,,,,No Data,,,No Data | Sketch not available.,No Data,,,,,No Data,,,,,No Data,,,,
016004102,1,12,2009,4951.00,Good,1,5,17,6.00,Conc 8in,22,6,Good,2 Story,1951,1,1,11,Two Story,4,717,1,,Single,1951,780,,
0160042,1,8,1960,2380.00,Average,1,3,66,3.25,Conc 8in,8,2,Average,2 Story,968,,,38,Log,1,882,1,,Single,,,,
0160044,1,16,1975,5771.00,Average,1,5,51,4.00,Conc 8in,20,4,Average,1.5 Fin,2598,2,1,30,Contemp,4,1188,1,20,Single,2397,915,,
016004401,1,10,1991,1519.00,Good,1,3,35,3.50,Conc 8in,10,2,Avg/Good,1.5 Fin,869,,1,19,1.5 Sty,4,321,1,,Single,669,480,,
0160045,1,6,1880,2052.00,Average,2,3,80,3.75,Stone,8,2,Good,1.5 Fin,940,1,,32,CapeCod,6,779,1,,Single,,,,
0160046,1,10,1989,3872.00,Good,1,3,37,5.50,Conc 8in,15,3,Avg/Good,2 Story,2107,2,1,20,Contemp,4,631,1,,Single,500,868,,
01600461,1,15,2014,3484.00,Excellent,1,5,12,6.00,Conc 8in,16,3,Good,1.5 Fin,1499,1,1,8,1.5 Sty,4,734,1,,Single,1499,985,,
01600462,1,7,2021,3106.00,Excellent,1,3,5,5.50,Conc 8in,13,3,Good,1.5 Fin,1761,1,1,1,1.5 Sty,,446,1,,Single,,,,
0160047,1,8,1850,2415.00,Average,2,5,70,4.25,Blk 8in,8,2,Avg/Good,1.5 Fin,800,1,,32,CapeCod,1,384,1,,Single,,,,
0160049,1,,,,No Data,,,,,No Data,,,No Data | Sketch not available.,No Data,,,,,No Data,,,,,No Data,,,,
016005,1,7,1996,2548.00,Good,1,3,30,4.25,Conc 8in,15,3,Good,1.5 Fin,1864,1,2,14,1.5 Sty,1,393,1,,Single,,624,,
0160051,1,8,1979,2071.00,Average,1,4,47,3.25,Conc 8in,8,2,Avg/Good,1.5 Fin,1371,,,23,Saltbox,1,360,1,,Single,,,,
016005101,1,9,1989,2501.00,Average,1,5,37,3.75,Conc 8in,15,4,Avg/Good,1.5 Fin,910,,,20,CapeCod,1,854,1,,Single,,624,,
016005102,1,6,2010,2319.00,Good,1,3,16,4.50,Conc 8in,13,3,Avg/Good,2 Story,1386,1,1,12,Contemp,4,589,1,,Single,364,,,
0160052,1,,,,No Data,,,,,No Data,,,No Data | Sketch not available.,No Data,,,,,No Data,,,,,No Data,,,,
016005201,1,6,1996,1960.00,Average,1,3,30,3.50,Conc 8in,11,2,Average,1.5 Fin,340,,1,21,CapeCod,4,1317,1,,Single,668,,,
016005202,1,10,2003,2572.00,Good,1,4,23,3.50,Conc 8in,16,4,Good,1.5 Fin,1728,,,12,1.5 Sty,4,1515,1,,Single,1566,,,
016005203,1,9,2000,2912.00,Average,1,8,26,3.25,Conc 8in,17,5,Average,2 Story,1456,,,20,Modular,3,316,1,,Single,1115,,,
0160053,1,7,2004,3568.00,Good,1,4,22,4.50,Conc 8in,12,2,Avg/Good,1.5 Fin,2040,1,2,15,CapeCod,4,1200,1,,Single,1208,720,,
0160054,1,8,1979,2730.00,Average,1,4,47,3.25,Conc 8in,13,3,Average,1.5 Fin,1560,,1,29,Saltbox,1,456,1,,Single,,,,
016005501,1,6,1980,1872.00,Average,1,4,46,3.50,Conc 8in,10,2,Average,2 Story,936,1,1,28,CapeCod,4,874,1,,Single,888,,,
016005502,1,5,2023,1210.00,Good,1,3,3,3.50,Conc 8in,8,2,Avg/Good,1.5 Fin,728,,,,1.5 Sty,2,120,1,,Single,528,,,
016005503,1,7,2001,1968.00,Good,1,4,25,3.25,Conc 8in,11,3,Average,1.5 Fin,1120,,,19,1.5 Sty,4,864,1,,Single,920,,,
016005504,1,6,2003,1806.00,Good,1,3,23,4.50,Conc 8in,8,2,Good,1.5 Fin,1816,1,,12,CapeCod,1,288,1,,Single,,462,,
016005505,1,5,2002,1511.00,Good,1,3,24,3.50,Conc 8in,8,2,Good,1.5 Fin,804,,,13,1.5 Sty,4,334,1,,Single,195,,,
016005507,1,5,2001,2249.00,Good,1,3,25,5.25,Blk 8in,10,2,Good,1.5 Fin,195,,1,13,Contemp,,867,1,,Single,,,,
016005509,1,5,2002,2048.00,Good,1,3,24,4.25,Conc 8in,11,3,Good,2 Story,1024,1,,13,Colonial,1,626,1,,Single,,,,
016005510,1,7,2004,2845.00,Good,1,3,22,4.50,Conc 8in,14,4,Good,1.5 Fin,1280,1,,12,1.5 Sty,1,774,1,,Single,,570,,
016005511,1,4,2004,1544.00,Good,1,3,22,3.50,Conc 8in,8,2,Avg/Good,1.5 Fin,936,,,15,CapeCod,4,627,1,,Single,736,,,
016005512,1,7,2004,2329.00,Good,1,3,22,4.75,Conc 8in,10,2,Good,1.5 Fin,1530,1,1,12,1.5 Sty,2,596,1,,Single,1330,,,
016005513,1,6,2007,2154.00,Good,1,3,19,4.50,Conc 8in,11,3,Good,1.5 Fin,1674,,,11,1.5 Sty,1,474,1,,Single,,,,
016005515,1,8,1998,1916.00,Good,1,3,28,3.50,Blk 8in,10,2,Avg/Good,2 Story,668,1,1,17,Contemp,4,992,1,,Single,503,,,
016005516,1,6,2001,1630.00,Good,1,2,25,3.50,Conc 8in,8,2,Avg/Good,1.5 Fin,864,,,16,CapeCod,1,300,1,,Single,,,,
0160056,1,,1998,3413.00,Good,1,3,28,5.00,Conc 8in,8,2,Avg/Good,2 Story,1108,,,17,CapeCod,4,793,1,,Single,1284,768,,
0160056,2,7,1999,2216.00,Average,1,3,27,3.50,Conc 8in,8,2,Average,2 Story,1108,1,,20,Contemp,4,303,1,,Single,852,220,,
0160057,1,6,2023,1776.00,Good,1,3,3,4.25,Conc 8in,8,2,Average,1 Story,984,,,3,Contemp,4,944,1,,Single,984,792,,
0160058,1,6,1850,1408.00,Average,1,3,85,3.25,Blk 8in,8,2,Fair,1.5 Fin,960,,,61,CapeCod,1,40,1,,Single,,,,
0160059,1,9,2015,3012.00,Good,1,3,11,5.00,Conc 8in,10,2,Average,1.5 Fin,1788,2,1,11,Colonial,1,2000,1,,Single,,750,,
016005901,1,9,1832,2918.00,Average,1,4,50,4.75,Stone,8,2,Very Good,1.5 Fin,567,1,,16,CapeCod,6,72,1,,Single,,,,
016006000,1,8,1989,2908.00,Average,1,4,37,4.00,Conc 8in,10,2,Average,2.5 Fin,1120,1,1,24,Colonial,1,484,1,,Single,,,,
0160061,1,10,1987,2843.00,Average,1,5,39,3.75,Conc 8in,17,5,Avg/Good,2 Story,1724,1,,21,Colonial,4,533,1,,Single,1152,294,,
0160061,2,3,2021,388.00,Good,1,2,5,4.50,No Data,5,1,Avg/Good,1.5 Fin,,,,3,1.5 Sty,,238,1,,Camp,,,,
0160062,1,6,1973,1116.00,Average,1,3,53,2.75,Blk 8in,5,1,Fair/Avg,1.5 Fin,308,,,39,A-Frame,1,316,1,,Single,,,,
0220001,1,6,1900,1152.00,Average,1,3,50,3.25,Stone,8,2,Average,1.5 Fin,480,,,30,1.5 Sty,1,126,1,,Single,,288,,
0220002,1,,,,No Data,,,,,No Data,,,No Data | Sketch not available.,No Data,,,,,No Data,,,,,No Data,,,,
0220003,1,5,1900,1200.00,Average,1,2,50,3.25,Stone,7,1,Avg/Good,1.5 Fin,720,,1,25,1.5 Sty,,,1,,Single,,,,
022000301,1,5,2023,1040.00,Good,1,2,3,4.00,Conc 8in,5,1,Average,1.5 Fin,768,,,3,1.5 Sty,,432,1,,Single,,,,
0220004,1,,,,No Data,,,,,No Data,,,No Data | Sketch not available.,No Data,,,,,No Data,,,,,No Data,,,,
0220005,1,11,2002,4714.00,Good,2,5,24,4.50,Conc 8in,21,5,Average,2 Story,2240,4,1,19,Duplex,,1964,2,,Single,,,,
022000501,1,,,,No Data,,,,,No Data,,,No Data | Sketch not available.,No Data,,,,,No Data,,,,,No Data,,,,
0220006,1,6,1971,1561.00,Average,1,3,55,4.00,Conc 8in,11,3,Good,1.5 Fin,780,1,,22,1.5 Sty,4,1027,1,,Single,780,,,
0220007,1,9,1973,2076.00,Average,1,3,53,3.50,No Data,11,3,Average,1.5 Fin,,,,31,1.5 Sty,,558,1,,Single,,,,
0220007,2,3,2022,1344.00,Good,1,2,4,3.50,No Data,8,2,Average,1.5 Fin,,,,4,1.5 Sty,,,1,,Single,,,,
0220009,1,8,1975,2332.00,Average,2,4,51,4.00,No Data,14,2,Good,2.5 Fin,,1,2,20,2.5 Story,,536,2,,Single,,,,
022001,1,5,1976,1968.00,Average,1,3,50,3.50,No Data,7,1,Average,2.5 Fin,,1,1,30,2.5 Story,,416,1,,Single,,,,
022001,2,2,2025,960.00,Good,1,1,1,4.00,No Data,6,1,Average,1 Story,,,,,Contemp,,394,1,,Single,,,,
0220012,1,,,,No Data,,,,,No Data,,,No Data | Sketch not available.,No Data,,,,,No Data,,,,,No Data,,,,
0220013,1,11,1967,3670.00,Average,1,4,59,3.50,Conc 8in,16,4,Good,1.5 Fin,1922,2,1,24,1.5 Sty,4,681,1,,Single,1208,,,
0220014,1,9,1985,4155.00,Average,1,4,41,5.00,Conc 8in,19,4,Good,1.5 Fin,1566,1,1,17,1.5 Sty,1,1445,1,,Single,,668,,
0220015,1,13,1990,3806.00,Average,1,6,36,5.00,Conc 8in,16,3,Good,2 Story,1682,2,1,16,Two Story,4,818,1,,Single,810,863,,
0220016,1,10,1972,2889.00,Average,1,3,54,5.00,No Data,15,4,Average,1.5 Fin,,1,,32,1.5 Sty,,1123,1,,Single,,,,
0220017,1,11,1937,2887.00,Average,1,3,50,3.50,Stone,10,2,Fair/Avg,1.5 Fin,1306,1,1,37,1.5 Sty,2,520,1,,Single,528,,,
022001702,1,4,2005,1127.00,Good,1,1,21,3.50,WoodFrame,5,1,Average,1.5 Fin,823,,,18,1.5 Sty,1,102,1,,Single,,,,
022001703,1,8,1992,3522.00,Good,1,5,34,5.00,Conc 8in,13,3,Avg/Good,1.5 Fin,1069,1,,19,1.5 Sty,4,885,1,,Single,928,546,,
022001704,1,9,2003,3344.00,Good,1,4,23,3.50,Conc 8in,11,3,Average,2.5 Fin,1232,,,18,Colonial,,288,1,,Single,,780,,
0230001,1,5,1813,1428.00,Average,1,2,60,3.75,Stone,8,2,Avg/Good,1.5 Fin,620,,,28,1.5 Sty,1,390,1,,Single,,,,
0230002,1,13,1850,3900.00,Average,1,3,70,3.75,Conc 8in,8,2,Avg/Good,2.5 Fin,1508,,,32,2.5 Story,1,623,1,,Single,,,,
0230003,1,7,2023,1344.00,Good,1,2,3,3.75,Conc 8in,8,2,Average,1.5U (SF),1344,,,3,One Story,,266,1,,Single,,,,
0230005,1,7,1971,2268.00,Average,1,3,55,3.75,Conc 8in,8,2,Avg/Good,1.5 Fin,1200,1,,26,Chalet,1,1816,1,,Single,,,,
0230006,1,5,2011,1886.00,Good,1,3,15,3.50,Conc 8in,8,2,Average,1.5 Fin,1058,1,,15,Colonial,3,324,1,,Single,977,,,
023000602,1,5,2006,2308.00,Good,,3,20,3.75,Conc 8in,10,2,Average,1.5 Fin,1372,1,1,17,1.5 Sty,3,456,1,,Single,672,,,
02300061,1,6,2022,2580.00,Good,1,3,4,4.00,Conc 8in,13,3,Average,1.5 Fin,1780,,1,4,1.5 Sty,,519,1,,Single,,,,
0230008,1,8,1830,2250.00,Average,1,4,80,3.75,Conc 8in,5,1,Average,1.5 Fin,400,,,45,1.5 Sty,1,1120,1,5,Single,,,,
0230009,1,8,1979,2593.00,Average,1,4,47,3.50,Conc 8in,13,3,Average,2.5 Fin,960,,,29,Colonial,1,409,1,,Single,,656,,
023001,1,9,1971,1420.00,Average,1,3,55,3.00,Conc 8in,10,2,Fair,1 Story,1452,1,1,47,Ranch,3,32,1,,Single,1232,784,,
02300101,1,6,2015,1836.00,Good,1,3,11,3.50,Conc 8in,11,3,Average,2 Story,918,,,11,Two Story,,382,1,,Single,,,,
02300102,1,,,,No Data,,,,,No Data,,,No Data | Sketch not available.,No Data,,,,,No Data,,,,,No Data,,,,
02300103,1,,,,No Data,,,,,No Data,,,No Data | Sketch not available.,No Data,,,,,No Data,,,,,No Data,,,,
0230011,1,5,1889,1559.00,Average,1,2,70,3.50,Blk 8in,8,2,Avg/Good,1.5 Fin,1055,,,32,1.5 Sty,3,807,1,,Single,144,,,
0230012,1,4,2019,1519.00,Good,1,2,7,3.25,Conc 8in,8,2,Average,1 Story,1635,,,7,One Story,3,606,1,,Single,1393,324,,
0230013,1,5,1978,960.00,Average,1,3,48,3.00,Conc 8in,5,1,Average,1 Story,960,,,29,No Data,4,500,1,,Single,960,,,
023001301,1,2,2020,664.00,Average,1,1,6,3.00,No Data,5,1,Average,1 Story,,,,6,1.5 Sty,,184,1,,Single,,,,
023001302,1,5,2020,1600.00,Good,1,2,6,3.50,No Data,8,2,Average,1.5 Fin,,,,6,1.5 Sty,,348,1,,Single,,,,
023001303,1,,2024,3290.00,Good,1,,2,4.25,No Data,11,3,Average,2 Story,,,,1,Two Story,,1262,1,,Single,,,,
023001304,1,8,2024,2016.00,Good,1,3,2,3.25,Conc 8in,10,2,Average,2 Story,1008,,1,1,Two Story,,420,1,,Single,,,,
023001305,1,,,,No Data,,,,,No Data,,,No Data,No Data,,,,,No Data,,,,,No Data,,,,
023001401,1,9,1988,2166.00,Average,1,3,38,3.75,Conc 8in,11,3,Average,1.5 Fin,1330,1,,25,Contemp,4,1442,1,,Single,880,,,
023001402,1,,,,No Data,,,,,No Data,,,No Data | Sketch not available.,No Data,,,,,No Data,,,,,No Data,,,,
023001403,1,5,2004,2663.00,Good,1,3,22,4.00,Conc 8in,10,2,Avg/Good,1.5 Fin,1812,1,1,15,Contemp,3,638,1,,Single,604,,,
023001404,1,7,1988,1772.00,Average,1,4,38,3.50,Conc 8in,10,2,Avg/Good,1.5 Fin,1492,1,1,20,1.5 Sty,4,765,1,,Single,1064,,,
023001405,1,9,1996,3406.00,Average,1,4,30,3.50,Conc 8in,13,2,Average,2 Story,1461,,1,21,Two Story,1,578,1,,Single,,576,,
023001501,1,7,1992,3199.00,Average,1,3,34,5.00,Conc 8in,15,3,Good,1.5 Fin,2714,,2,15,Contemp,3,971,1,,Single,1260,528,,
023001502,1,6,2016,1174.00,Good,1,2,10,3.25,Conc 8in,5,1,Average,2 Story,699,,,10,Two Story,,324,1,,Single,,,,
0230016,1,,,,No Data,,,,,No Data,,,No Data | Sketch not available.,No Data,,,,,No Data,,,,,No Data,,,,
023001701,1,8,2015,2802.00,Good,1,4,11,4.00,No Data,11,3,Avg/Good,2 Story,,1,,8,Contemp,1,207,1,,Single,,,,
0230018,1,8,2021,2264.00,Good,1,4,5,4.00,Conc 8in,10,2,Average,2 Story,1247,,1,5,Two Story,3,559,1,,Single,500,624,,
0230019,1,6,1994,2674.00,Average,1,3,32,4.00,Conc 8in,8,2,Avg/Good,2 Story,1684,1,,18,Two Story,1,624,1,,Single,,,,
0230021,1,11,2007,4633.00,Good,1,6,19,6.00,Conc 8in,21,5,Avg/Good,2 Story,1205,1,2,14,Contemp,4,1558,1,,Single,1095,744,,
0230022,1,11,1979,4279.00,Average,1,5,47,5.00,Conc 8in,11,2,Good,1.5 Fin,635,1,1,19,1.5 Sty,1,1271,1,,Single,,,,
023002201,1,7,2002,1808.00,Good,1,3,24,3.50,Conc 8in,7,2,Avg/Good,1.5 Fin,1248,1,1,16,CapeCod,5,680,2,,Single,896,,,
0230023,1,9,1982,3743.00,Average,1,5,44,4.00,Conc 8in,11,3,Avg/Good,1.5 Fin,1814,,,22,Contemp,3,2248,1,,Single,143,,,
0230023,2,6,2023,1560.00,Good,1,2,3,3.25,Conc 8in,8,2,Average,1.5 Fin,1008,,,3,1.5 Sty,,327,1,,Single,,,,
023002301,1,7,1991,4001.00,Average,1,4,35,4.50,Conc 8in,11,3,Avg/Good,1.5 Fin,840,,,19,1.5 Sty,,924,1,,Single,,,,
023002301,2,3,1991,748.00,Average,1,1,35,3.25,No Data,5,1,Avg/Good,1 Story,,,,19,One Story,,,1,,Single,,,,
0230024,1,8,1890,2032.00,Average,1,5,50,3.50,No Data,8,2,Good,2 Story,,,,20,Two Story,,,1,,Single,,,,
023002501,1,5,1982,1478.00,Average,1,3,44,3.50,Conc 8in,8,2,Average,1.5 Fin,717,,,27,Contemp,1,723,1,,Single,,,,
023002502,1,5,1984,1616.00,Average,1,2,42,4.00,Conc 8in,7,1,Average,2.5 Fin,676,,1,27,2.5 Story,1,590,1,,Single,,,,
023002503,1,6,1998,1662.00,Average,1,3,28,3.25,Conc 8in,8,2,Average,1.5 Fin,917,,,21,CapeCod,,392,1,,Single,,,,
023002504,1,6,1995,2082.00,Average,1,2,31,3.50,Conc 8in,8,2,Avg/Good,1.5 Fin,850,,,18,1.5 Sty,1,710,1,,Single,,,,
023002506,1,,,,No Data,,,,,No Data,,,No Data | Sketch not available.,No Data,,,,,No Data,,,,,No Data,,,,
02300251,1,5,1981,1492.00,Average,1,2,45,3.25,No Data,5,1,Average,1.5 Fin,,,,28,Contemp,,231,1,,Single,,,,
0230026,1,5,1981,1476.00,Average,1,3,45,3.25,No Data,5,1,Average,1.5 Fin,,,,28,1.5 Sty,,320,1,,Single,,,,
023002601,1,6,2020,1568.00,Good,1,3,6,3.00,Conc 8in,9,2,Average,1 Story,1568,,,6,One Story,,248,1,,Single,,,,
023002602,1,5,1984,1908.00,Average,1,3,42,4.00,Conc 8in,7,1,Good,1.5 Fin,977,,1,17,1.5 Sty,1,678,1,,Single,,,,
023002603,1,,,,No Data,,,,,No Data,,,No Data | Sketch not available.,No Data,,,,,No Data,,,,,No Data,,,,
023002604,1,6,1988,1557.00,Average,1,3,38,3.25,Conc 8in,8,2,Average,1.5 Fin,930,,,25,1.5 Sty,1,805,1,,Single,,,,
0230028,1,5,1977,1592.00,Good,1,3,49,4.00,Conc 8in,8,2,Avg/Good,1.5 Fin,616,,,24,1.5 Sty,,224,1,,Single,,768,,
0230029,1,6,1979,1568.00,Average,1,4,47,3.50,No Data,8,2,Good,1.5 Fin,,,,19,1.5 Sty,,406,1,,Single,,,,
023002901,1,6,1996,2072.00,Average,1,3,30,4.50,Conc 8in,10,2,Average,2 Story,1008,,1,21,Two Story,3,585,1,,Single,336,680,,
0230031,1,,,,No Data,,,,,No Data,,,No Data | Sketch not available.,No Data,,,,,No Data,,,,,No Data,,,,
0230032,1,6,1979,1951.00,Average,1,3,47,3.50,Conc 8in,5,1,Average,1.5 Fin,576,,,29,1.5 Sty,1,274,1,,Single,,,,
023003201,1,,,,No Data,,,,,No Data,,,No Data | Sketch not available.,No Data,,,,,No Data,,,,,No Data,,,,
023003203,1,5,2003,2326.00,Good,1,3,23,4.00,Conc 8in,10,2,Average,2 Story,1358,1,1,18,Two Story,,717,1,,Single,,,,
023003204,1,7,1997,1483.00,Average,1,1,29,3.50,No Data,7,1,Average,2.5 Fin,,,1,21,2.5 Story,,282,1,,Single,,,,
0230033,1,6,1971,1164.00,Average,1,2,55,3.25,Conc 8in,7,1,Avg/Good,1.5 Fin,520,,1,26,1.5 Sty,2,357,1,,Single,294,,,
0230034,1,11,1985,4651.00,Average,1,7,41,5.25,No Data,16,4,Good,2.5 Fin,,1,1,17,2.5 Story,,1019,1,,Single,,,,
0230035,1,6,2017,2650.00,Good,1,4,9,3.50,No Data,13,3,Average,1.5 Fin,,,1,9,Contemp,,1059,1,,Single,,,,
0230036,1,6,2023,1842.00,Good,1,3,3,4.00,No Data,15,3,Average,1.5 Fin,,,1,3,1.5 Sty,,130,1,10,Single,,280,,
0230037,1,8,1972,1716.00,Average,1,4,54,3.75,Conc 8in,12,2,Avg/Good,1.5 Fin,1192,1,2,26,1.5 Sty,4,490,1,,Single,480,720,,
0230039,1,7,1850,1961.00,Average,1,4,70,3.50,Conc 8in,8,2,Avg/Good,1.5 Fin,1239,,,32,1.5 Sty,1,699,1,,Single,,360,,
023003901,1,7,1997,3026.00,Average,1,4,29,5.00,Conc 8in,14,4,Avg/Good,2 Story,1820,2,,17,Log,4,2660,1,,Single,1760,,,
023003902,1,7,2006,3010.00,Good,1,4,20,5.00,Conc 8in,14,3,Average,2 Story,1816,,,17,Two Story,3,358,1,,Single,664,,,
023003903,1,8,1997,4381.00,Good,1,3,29,5.25,Conc 8in,18,3,Average,1.5 Fin,2536,1,1,21,Colonial,1,376,1,10,Single,,672,,
023003905,1,5,1996,2978.00,Good,1,4,30,5.00,Conc 8in,13,2,Good,1.5 Fin,2072,1,1,14,1.5 Sty,4,255,1,,Single,1094,575,,
023003906,1,8,2017,3608.00,Good,1,4,9,5.50,Conc 8in,14,3,Average,1.5 Fin,680,1,1,9,1.5 Sty,4,834,,,Single,680,928,,
023003907,1,6,2020,1646.00,Good,1,3,6,4.50,Conc 8in,12,2,Average,1.5 Fin,1144,,1,6,1.5 Sty,4,728,1,,Single,1044,,,
023003908,1,7,2023,2900.00,Good,1,3,3,5.00,Conc 8in,13,2,Average,2 Story,1279,1,1,3,Two Story,,1557,1,,Single,,935,,
023003909,1,9,1995,2908.00,Good,1,3,31,5.50,Conc 8in,15,3,Average,2.5 Fin,1596,1,1,22,Contemp,2,480,1,,Single,1197,,,
023003910,1,5,2002,3827.00,Good,1,3,24,4.50,Conc 8in,8,2,Average,1.5 Fin,323,,,19,1.5 Sty,,576,1,,Single,,,,
023003911,1,7,2000,3819.00,Good,1,4,26,5.75,Conc 8in,17,4,Avg/Good,2 Story,1716,1,,16,Two Story,4,2524,1,,Single,1396,1064,,
023003912,1,,,,No Data,,,,,No Data,,,No Data | Sketch not available.,No Data,,,,,No Data,,,,,No Data,,,,
0230041,1,7,1984,1912.00,Average,1,3,42,3.50,Conc 8in,8,2,Avg/Good,1.5 Fin,1106,1,,22,1.5 Sty,4,1100,1,,Single,1026,,,
0230042,1,8,1980,2913.00,Good,1,4,25,5.50,Conc 8in,12,2,Good,2.5 Fin,1041,1,1,13,Contemp,4,717,1,,Single,1041,,,
0230043,1,12,1999,3973.00,Average,1,6,27,5.25,Conc 8in,20,6,Avg/Good,2 Story,2190,1,,17,Colonial,4,1583,1,,Single,2130,606,,
0230044,1,6,1966,1440.00,Average,1,3,60,3.00,No Data,7,1,Average,2 Story,,1,1,35,Two Story,,528,1,,Single,,,,
0230045,1,9,1981,1196.00,Average,1,4,45,3.25,Conc 8in,8,2,Avg/Good,1.5 Fin,912,1,,23,1.5 Sty,4,504,1,,Single,852,,,
0230046,1,9,1850,2008.00,Average,1,6,70,3.50,Blk 8in,8,2,Average,1.5 Fin,350,1,,40,1.5 Sty,,96,1,,Single,,,,
023005,1,6,1966,1880.00,Average,1,6,60,3.75,Conc 8in,17,4,Avg/Good,1.5 Fin,1400,1,1,28,Chalet,4,538,1,,Single,1310,,,
0230051,1,6,1960,1178.00,Average,1,4,60,3.25,Conc 8in,12,3,Avg/Good,1 Story,770,1,,28,Chalet,4,272,1,,Single,618,,,
0230052,1,,,,Average,,,,,No Data,,,No Data,No Data,528,,,,No Data,,312,,,No Data,,,,
0230053,1,3,2021,1320.00,Good,1,2,5,4.00,Conc 8in,8,2,Average,1.5 Fin,780,,,5,1.5 Sty,,576,1,,Single,,,,
0230054,1,11,2004,5547.00,Excellent,,4,22,7.50,Conc 8in,20,4,Good,2 Story,796,1,1,12,Colonial,1,1011,1,,Single,,,,
023005402,1,,,,No Data,,,,,No Data,,,No Data | Sketch not available.,No Data,,,,,No Data,,,,,No Data,,,,
023005403,1,,,,No Data,,,,,No Data,,,No Data | Sketch not available.,No Data,,,,,No Data,,,,,No Data,,,,
0230055,1,,,,No Data,,,,,No Data,,,No Data | Sketch not available.,No Data,,,,,No Data,,,,,No Data,,,,
023005501,1,8,1996,1576.00,Good,1,3,30,3.25,Conc 8in,10,2,Avg/Good,1.5 Fin,896,,1,18,1.5 Sty,,712,1,,Single,,,,
023005503,1,,,,No Data,,,,,No Data,,,No Data | Sketch not available.,No Data,,,,,No Data,,,,,No Data,,,,
0230056,1,6,1972,2072.00,Average,1,3,54,3.50,No Data,11,3,Average,2.5 Fin,,,,32,2.5 Story,,462,1,,Single,,,,
0230057,1,9,1973,3406.00,Average,1,5,53,3.50,Conc 8in,14,4,Average,2 Story,1847,,,31,Two Story,1,1072,1,,Single,,,,
023006,1,5,2000,2273.00,Good,1,3,26,4.00,Conc 8in,8,2,Average,1.5 Fin,1336,1,,20,1.5 Sty,3,314,1,,Single,360,,,
0230061,1,9,1973,1788.00,Average,1,4,53,3.25,Conc 8in,8,2,Average,1.5 Fin,1064,1,,31,Saltbox,,633,1,,Single,,244,,
023006101,1,7,2019,3084.00,Good,1,3,7,4.00,Conc 8in,11,2,Average,2 Story,1228,1,1,7,Two Story,,600,1,,Single,,728,,
0230062,1,9,1975,2369.00,Average,1,5,51,3.25,Conc 8in,11,3,Average,2 Story,463,1,,30,Two Story,1,1203,1,,Single,,,,
0230063,1,8,1988,2545.00,Average,1,4,38,3.50,Conc 8in,11,2,Fair/Avg,2 Story,1328,1,1,31,Contemp,3,662,1,,Single,849,,,
023006308,1,10,2025,3004.00,Good,1,4,1,4.00,Conc 8in,11,2,Average,1 Story,3004,,1,,One Story,,,1,,Single,,,,
0230064,1,13,1973,3185.00,Average,1,5,53,3.25,Conc 8in,10,2,Fair/Avg,2.5 Fin,1415,2,1,39,Contemp,3,598,1,,Single,371,,,
0230067,1,4,1976,1102.00,Average,1,2,50,3.00,Conc 8in,5,1,Average,1.5 Fin,400,,,30,CapeCod,1,,1,,Single,,,,
0230068,1,6,1976,1549.00,Average,1,4,50,3.25,No Data,8,2,Avg/Good,1.5 Fin,,,,25,CapeCod,,815,1,,Single,,,,
0230069,1,6,1976,1680.00,Good,1,4,50,3.25,No Data,8,2,Avg/Good,1.5 Fin,,,,25,Colonial,,408,1,,Single,,,,
023007,1,5,2008,3144.00,Good,1,4,18,4.00,Conc 8in,13,3,Average,2 Story,1161,,1,16,Colonial,1,696,1,,Single,,541,,
0230071,1,8,1979,2183.00,Average,1,4,47,4.00,Conc 8in,10,2,Avg/Good,2 Story,1061,1,1,23,Contemp,1,428,1,,Single,,695,,
0230072,1,5,1989,1344.00,Average,1,2,37,3.00,No Data,8,2,Average,1 Story,,,,42,MobileHome,,128,1,,Mobile,,,,
0230073,1,6,1980,1080.00,Average,1,4,46,3.00,Conc 8in,8,2,Fair/Avg,1 Story,1080,,,35,One Story,3,360,1,,Single,540,,,
0230074,1,12,2012,6372.00,Good,1,4,14,5.00,Conc 8in,13,3,Average,1.5 Fin,1792,1,1,14,Contemp,2,1809,1,,Single,1792,,,
023007401,1,,,,No Data,,,,,No Data,,,No Data | Sketch not available.,No Data,,,,,No Data,,,,,No Data,,,,
0230075,1,6,1976,1371.00,Average,1,4,50,3.25,Conc 8in,8,2,Average,1 Story,843,1,,30,Log,3,431,1,,Single,462,,,
0230075,2,3,1992,864.00,Good,1,1,34,3.00,No Data,5,1,Average,1 Story,,,,23,Log,,192,1,,Single,,,,
0230077,1,,,,No Data,,,,,No Data,,,No Data | Sketch not available.,No Data,,,,,No Data,,,,,No Data,,,,
0230078,1,,,,No Data,,,,,No Data,,,No Data | Sketch not available.,No Data,,,,,No Data,,,,,No Data,,,,
0230079,1,,,,No Data,,,,,No Data,,,No Data | Sketch not available.,No Data,,,,,No Data,,,,,No Data,,,,
023008,1,,,,No Data,,,,,No Data,,,No Data | Sketch not available.,No Data,,,,,No Data,,,,,No Data,,,,
0230082,1,7,1982,2667.00,Average,1,3,44,3.50,No Data,10,2,Average,1.5 Fin,,1,1,27,Contemp,,144,1,,Single,,,,
023008201,1,9,1983,2290.00,Average,1,3,43,3.25,Conc 8in,11,3,Average,1.5 Fin,624,,,27,1.5 Sty,4,78,1,,Single,288,,,
0230083,1,8,1975,3232.00,Average,1,4,51,5.00,Conc 8in,19,5,Good,2 Story,1988,2,1,20,Colonial,1,697,1,,Single,,720,,
0230084,1,8,1979,3015.00,Average,1,4,47,5.00,Conc 8in,13,3,Good,1.5 Fin,1576,1,1,19,Contemp,4,722,1,,Single,932,744,,
0230085,1,8,1972,3578.00,Average,1,4,54,4.00,Conc 8in,13,3,Avg/Good,2 Story,1789,1,1,26,Contemp,4,1149,1,,Single,1038,,,
0230086,1,7,1991,3797.00,Excellent,1,4,35,5.00,Conc 8in,13,3,Average,1.5 Fin,1748,1,1,24,1.5 Sty,1,88,1,,Single,,1148,,
023008601,1,12,2013,5313.00,Good,1,5,13,5.00,Conc 8in,24,6,Average,1.5 Fin,2542,1,2,13,Contemp,4,,1,,Single,2341,,,
023008602,1,8,2006,3000.00,Good,1,4,20,5.00,Conc 8in,12,3,Avg/Good,2 Story,1500,1,,14,Two Story,4,1016,1,,Single,1266,,,
023008603,1,6,2005,2592.00,Good,1,5,21,4.25,Conc 8in,16,4,Average,2 Story,1216,1,1,18,Two Story,4,1480,1,,Single,1016,,,
023008604,1,7,2004,3091.00,Good,1,5,22,4.50,Conc 8in,11,3,Avg/Good,1.5 Fin,1232,1,,15,1.5 Sty,4,1371,1,,Single,986,576,,
023009,1,7,2009,3415.00,Good,1,5,17,4.00,Conc 8in,13,3,Average,2 Story,1755,2,1,16,Two Story,1,98,1,,Single,,,,
0230091,1,10,1978,3576.00,Average,1,5,48,4.00,No Data,13,3,Avg/Good,2 Story,,,1,24,Colonial,,628,1,,Single,,796,,
0230093,1,5,1987,1416.00,Average,1,3,39,3.75,Conc 8in,8,2,Avg/Good,1.5 Fin,440,,,21,Contemp,1,64,1,,Single,,,,
0230094,1,9,1850,3609.00,Average,1,5,60,5.00,Conc 8in,11,3,Good,1.5 Fin,1633,1,,24,Colonial,4,1805,1,,Single,400,,,
0280001,1,4,2017,2110.00,Good,1,2,9,4.00,WoodFrame,9,2,Average,1.5U (SF),2472,,,9,1.5 Sty,3,140,1,,Single,1500,,,
028000101,1,10,1850,2221.00,Average,1,4,70,3.50,Conc 8in,9,2,Average,1.5 Fin,1212,,,40,CapeCod,4,814,1,,Single,936,,,
0280002,1,8,1965,1556.00,Average,1,4,61,2.00,No Data,8,2,Average,1 Story,,,,36,Camp,,154,1,,Single,,,,
028000201,1,7,1997,2266.00,Average,1,4,29,4.25,Conc 8in,8,2,Good,1.5 Fin,1196,1,,14,CapeCod,4,715,1,,Single,846,,,
028000202,1,11,1995,3879.00,Average,1,3,31,4.50,Conc 8in,13,3,Fair/Avg,2.5 Fin,1216,1,1,28,2.5 Story,1,,1,5,Single,,576,,
0280003,1,10,1966,1524.00,Good,1,5,60,4.00,Conc 8in,11,3,Good,1 Story,1476,1,,24,One Story,4,1184,1,,Single,1476,72,,
028000301,1,7,1982,1798.00,Average,1,4,44,3.00,Conc 8in,11,3,Average,1.5 Fin,672,,,27,1.5 Sty,3,260,1,,Single,264,,,
028000302,1,5,2002,672.00,Good,1,3,24,2.50,Conc 8in,8,2,Fair,1 Story,672,,,29,One Story,4,192,1,,Single,672,,,
028000303,1,5,2008,1664.00,Good,1,3,18,2.75,Conc 8in,10,2,Fair/Avg,2 Story,832,,1,20,Two Story,,736,1,,Single,,,,
0280004,1,6,1967,1248.00,Average,1,3,59,2.75,Conc 8in,5,1,Fair,1 Story,1248,,,49,Ranch,2,152,1,,Single,253,,,
0280006,1,6,1971,1136.00,Good,1,3,40,3.50,No Data,8,2,Avg/Good,2 Story,,1,,21,Two Story,,762,1,,Single,,,,
0280009,1,7,1967,1560.00,Average,1,3,59,3.25,No Data,8,2,Fair/Avg,2 Story,,1,,42,Two Story,,545,1,,Single,,112,,
028001,1,11,1972,2588.00,Good,1,3,54,4.00,Conc 8in,11,3,Good,2 Story,622,1,,22,No Data,2,597,1,,Single,165,,,
0280012,1,5,1963,990.00,Average,1,3,63,2.75,Conc 8in,5,1,Average,1 Story,990,,,37,Ranch,1,,1,,Single,,,,
0280015,1,7,1974,864.00,Average,2,3,52,3.25,Conc 8in,8,2,Average,1 Story,864,,,31,BiLevel,4,488,1,,Single,864,,,
028001501,1,5,2004,2054.00,Good,1,3,22,3.50,Conc 8in,9,2,Average,1 Story,2054,,,18,One Story,1,287,1,,Single,,,,
0280016,1,7,1978,864.00,Average,2,4,48,3.00,Conc 8in,8,2,Average,1 Story,864,,,29,One Story,4,192,1,,Single,687,,,
0280017,1,6,2000,1610.00,Below Avg,1,3,26,2.00,No Data,5,1,Poor,1 Story,,,,36,Contemp,,,1,,Single,,,,
0280018,1,9,1969,2705.00,Good,1,4,57,3.75,Conc 8in,8,2,Avg/Good,1.5 Fin,528,,,27,1.5 Sty,1,252,1,,Single,,575,,
0280019,1,5,1979,1484.00,Average,1,3,47,3.00,Blk 8in,8,2,Average,1.5 Fin,580,,,29,1.5 Sty,1,,1,,Single,,,,
028001901,1,7,1994,1964.00,Average,1,3,32,3.50,WoodFrame,8,2,Avg/Good,1 Story,196,,,32,MobileHome,,168,1,,Mobile,,,,
028001902,1,7,1994,2016.00,Good,1,3,32,2.75,Conc 8in,11,3,Fair/Avg,2 Story,1008,,,28,Two Story,1,,1,,Single,,,,
028001903,1,7,1963,962.00,Average,1,3,63,2.50,Conc 8in,7,1,Avg/Good,1 Story,960,,1,29,Ranch,2,,1,,Single,960,,,
028001904,1,7,1967,2803.00,Average,1,6,59,3.00,Conc 8in,14,2,Average,1.5 Fin,850,1,3,34,Contemp,4,350,1,5,Single,596,,,
028001905,1,4,1994,1064.00,Average,1,2,32,2.50,Blk 8in,5,1,Fair/Avg,1 Story,1064,,,28,One Story,1,264,1,,Single,,,,
028001906,1,5,2019,1679.00,Good,1,2,7,3.25,Conc 8in,8,2,Average,1.5 Fin,1129,,,7,1.5 Sty,,218,1,,Single,,,,
028001907,1,4,1999,1008.00,Average,1,2,27,2.75,Conc 8in,8,2,Average,1 Story,1008,,,20,Two Story,4,372,1,,Single,300,,,
028002,1,8,1812,2506.00,Average,1,3,60,4.00,Conc 8in,12,3,Good,2.5U (SF),1178,1,,24,Colonial,1,366,1,,Single,,864,,
0280021,1,4,1850,1216.00,Average,,2,60,3.50,No Data,5,1,Average,1.5 Fin,,,,45,CapeCod,,,1,,Single,,,,
0280022,1,7,1981,3320.00,Average,1,3,45,3.50,Conc 8in,10,2,Good,1 Story,2592,1,1,18,One Story,4,997,1,,Single,600,70,,
0280023,1,6,1996,2982.00,Average,1,3,30,3.50,No Data,10,2,Average,2.5U (SF),,1,1,21,CapeCod,,232,1,,Single,,288,,
028002301,1,12,2007,2771.00,Excellent,1,3,19,4.50,Conc 8in,16,3,Good,2 Story,1173,1,1,11,Two Story,4,975,1,,Single,1093,929,,
028002302,1,9,1992,3450.00,Good,1,4,34,4.75,Conc 8in,14,3,Excellent,2.5U (SF),1068,1,1,10,CapeCod,1,308,1,,Single,,768,,
02800231,1,6,1998,1850.00,Good,1,3,28,5.00,Conc 8in,11,2,Good,1.5 Fin,1198,,1,14,1.5 Sty,4,485,1,,Single,1055,730,,
02800232,1,4,1999,1362.00,Average,1,2,27,2.75,No Data,10,2,Average,2.5 Fin,,,1,20,2.5 Story,,105,1,,Single,,,,
0280024,1,9,1900,3265.00,Average,1,5,60,3.50,Stone,9,3,Good,1.5 Fin,920,1,1,24,Colonial,,360,1,,Single,,,,
028002401,1,5,1993,3376.00,Good,1,3,33,3.75,No Data,8,2,Good,1.5 Fin,,1,,15,1.5 Sty,,273,1,,Single,,,,
028002402,1,,2000,1992.00,Good,1,3,26,3.25,Conc 8in,10,2,Average,1.5 Fin,1064,,1,20,CapeCod,3,,1,,Single,504,,,
028002403,1,6,1998,2902.00,Good,1,3,28,4.25,Conc 8in,11,3,Average,2 Story,1296,,,21,Two Story,2,620,1,,Single,344,720,,
028002404,1,9,1996,1860.00,Good,1,6,30,3.50,Conc 8in,13,3,Avg/Good,2.5 Fin,816,,1,18,2.5 Story,4,248,1,,Single,408,,,
0280025,1,,2024,2088.00,Good,1,2,2,3.50,No Data,10,2,Average,1.5 Fin,,,1,1,1.5 Sty,,128,1,,Single,,600,,
0280026,1,4,1990,2592.00,Average,1,3,36,3.00,Conc 8in,8,2,Fair,2 Story,1296,,,37,Two Story,2,,1,,Single,1296,,,
028002601,1,7,1984,2548.00,Good,1,4,42,4.00,Conc 8in,10,2,Good,1.5 Fin,1402,,1,17,CapeCod,2,620,1,,Single,440,,,
028002701,1,10,1991,3409.00,Good,1,6,35,6.00,Conc 8in,15,3,Good,2.5 Fin,1143,1,1,16,No Data,1,494,1,,Single,,,,
02800281,1,,,,No Data,,,,,No Data,,,No Data | Sketch not available.,No Data,,,,,No Data,,,,,No Data,,,,
02800282,1,,,,No Data,,,,,No Data,,,No Data | Sketch not available.,No Data,,,,,No Data,,,,,No Data,,,,
0280031,1,7,2003,2063.00,Good,1,3,23,5.00,Conc 8in,12,3,Good,1.5 Fin,834,,,12,Contemp,4,673,1,,Single,168,,,
0280032,1,9,1967,1140.00,Average,1,4,59,2.75,Conc 8in,11,3,Average,1.5 Fin,1008,,,34,Chalet,3,576,1,,Single,912,,,
0280033,1,,,,No Data,,,,,No Data,,,No Data | Sketch not available.,No Data,,,,,No Data,,,,,No Data,,,,
0280034,1,7,1962,1056.00,Good,1,4,64,3.25,Blk 8in,8,2,Good,1.5 Fin,864,,,26,A-Frame,4,851,1,,Single,864,,,
0280035,1,5,1966,1138.00,Average,1,3,60,3.00,Conc 8in,10,2,Avg/Good,1.5 Fin,704,1,1,28,CapeCod,3,300,1,,Single,440,,,
0280036,1,4,1967,1174.00,Average,1,2,59,3.00,Conc 8in,5,1,Average,1 Story,950,,,34,Chalet,3,88,1,,Single,325,,,
0280037,1,4,2025,730.00,Good,1,2,1,2.75,No Data,5,1,Average,1.5 Fin,,,,,A-Frame,,396,1,,Single,,,,
028003701,1,,,,No Data,,,,,No Data,,,No Data | Sketch not available.,No Data,,,,,No Data,,,,,No Data,,,,
028004,1,3,1967,600.00,Average,1,2,59,2.75,Blk 8in,5,1,Avg/Good,1 Story,600,,,28,Ranch,1,120,1,,Single,,,,
0280041,1,6,1978,1742.00,Average,1,3,48,3.00,No Data,5,1,Avg/Good,1 Story,,,,24,1.5 Sty,,245,1,,Single,,,,
0280044,1,,,,No Data,,,,,No Data,,,No Data | Sketch not available.,No Data,,,,,No Data,,,,,No Data,,,,
0280045,1,5,1967,1380.00,Average,1,2,59,3.00,No Data,5,1,Avg/Good,1.5 Fin,,,,28,CapeCod,,380,1,,Single,,,,
0280046,1,,,,No Data,,,,,No Data,,,No Data | Sketch not available.,No Data,,,,,No Data,,,,,No Data,,,,
0280047,1,,,,No Data,,,,,No Data,,,No Data | Sketch not available.,No Data,,,,,No Data,,,,,No Data,,,,
0280048,1,,,,No Data,,,,,No Data,,,No Data | Sketch not available.,No Data,,,,,No Data,,,,,No Data,,,,
0280049,1,4,2002,1534.00,Good,1,3,24,3.50,Conc 8in,5,1,Avg/Good,1.5 Fin,936,,,16,Log,,523,1,,Single,,,,
028005,1,2,1945,384.00,Average,,1,81,3.00,No Data,1,,Fair,1 Story,,,,71,Camp,,48,,,Camp,,,,
02800503,1,4,2015,1690.00,Good,1,3,11,3.75,Conc 8in,10,2,Average,1.5 Fin,864,,1,11,1.5 Sty,3,256,1,,Single,500,,,
0280051,1,7,2003,2277.00,Good,1,3,23,4.50,Conc 8in,17,4,Good,2 Story,1305,1,1,12,CapeCod,4,1009,1,,Single,800,,,
028005101,1,7,1995,2800.00,Average,1,3,31,3.25,Conc 8in,5,1,Fair/Avg,1.5 Fin,1682,,,28,1.5 Sty,1,570,1,,Single,,,,
028005102,1,5,1994,1964.00,Average,1,2,32,3.25,Conc 8in,10,1,Avg/Good,1.5 Fin,1184,,2,18,1.5 Sty,1,337,1,,Single,,,,
028005103,1,4,1999,1908.00,Average,1,3,27,3.50,Conc 8in,8,2,Average,1.5 Fin,1092,,,20,1.5 Sty,1,376,1,,Single,,,,
028005105,1,7,2005,2424.00,Good,1,3,21,4.50,Conc 8in,11,2,Avg/Good,1.5 Fin,1216,1,1,15,1.5 Sty,4,315,1,,Single,716,,,
0280053,1,,,,No Data,,,,,No Data,,,No Data | Sketch not available.,No Data,,,,,No Data,,,,,No Data,,,,
0280054,1,,,,No Data,,,,,No Data,,,No Data | Sketch not available.,No Data,,,,,No Data,,,,,No Data,,,,
0280056,1,6,2023,2483.00,Good,1,4,3,4.00,Conc 8in,12,3,Average,1.5 Fin,1400,,,3,1.5 Sty,4,456,1,,Single,,,,
0280057,1,,,,No Data,,,,,No Data,,,No Data | Sketch not available.,No Data,,,,,No Data,,,,,No Data,,,,
0380001,1,5,1982,1548.00,Average,1,4,44,3.50,Conc 8in,7,1,Good,1.5 Fin,864,,1,18,Log,4,288,1,,Single,584,,,
038000101,1,7,1993,2186.00,Good,1,3,33,3.75,Conc 8in,11,3,Avg/Good,1.5 Fin,979,,,19,CapeCod,4,160,1,,Single,785,572,,
038000102,1,6,1978,2043.00,Average,1,3,48,3.50,No Data,8,2,Avg/Good,2 Story,,,,24,1.5 Sty,,256,1,,Single,,,,
038000103,1,6,1993,1736.00,Good,1,3,33,3.00,Conc 8in,8,2,Average,1.5 Fin,1008,,,23,Log,1,348,1,,Single,,,,
038000103,2,4,2017,544.00,Good,1,1,9,2.50,No Data,5,1,Average,1.5 Fin,,,,9,1.5 Sty,,144,1,,Single,,,,
0380002,1,,,,No Data,,,,,No Data,,,No Data | Sketch not available.,No Data,,,,,No Data,,,,,No Data,,,,
038000301,1,,,,No Data,,,,,No Data,,,No Data | Sketch not available.,No Data,,,,,No Data,,,,,No Data,,,,
038000302,1,,,,No Data,,,,,No Data,,,No Data | Sketch not available.,No Data,,,,,No Data,,,,,No Data,,,,
0380005,1,5,1980,1486.00,Average,1,3,46,3.25,Conc 8in,8,2,Fair/Avg,1.5 Fin,910,,,35,Contemp,3,1236,1,,Single,117,,,
0380007,1,6,1976,2548.00,Average,1,3,50,4.50,No Data,10,2,Very Good,2.5 Fin,,,,16,Contemp,,1506,1,,Single,,,,
0380008,1,6,2015,3285.00,Excellent,1,3,11,4.25,Conc 8in,14,3,Average,1.5 Fin,1480,,1,11,Contemp,1,206,1,,Single,,683,,
0380008,2,6,1975,3182.00,Average,1,4,51,4.00,Conc 8in,9,2,Average,2 Story,1536,,,30,Contemp,,1264,1,,Single,,,,
038000801,1,6,1988,2480.00,Average,1,4,38,4.50,Conc 8in,12,3,Good,1.5 Fin,1395,1,,16,Contemp,1,1061,1,,Single,,,,
0380009,1,8,1980,1999.00,Average,1,4,46,2.75,Conc 8in,8,2,Average,2.5 Fin,342,,,28,Contemp,2,526,1,,Single,180,,,
0380011,1,,1965,3055.00,Average,1,3,61,2.75,No Data,11,1,Average,1.5 Fin,,,2,36,Contemp,,148,2,,Single,,680,,
0380012,1,5,1976,1139.00,Average,1,1,50,3.00,Conc 8in,7,1,Fair,1.5 Fin,282,,1,44,Contemp,,,1,,Single,,,,
0380012,2,6,1966,1490.00,Below Avg,1,3,60,2.50,No Data,5,1,Fair,1.5 Fin,,,,50,Contemp,,540,1,,Single,,,,
0380013,1,10,1971,4492.00,Average,1,4,55,3.75,Conc 8in,11,3,Avg/Good,2.5 Fin,1451,,,26,SpLevel,1,618,1,,Single,,864,,
0380014,1,7,1975,3072.00,Average,1,4,51,5.75,Conc 8in,11,2,Avg/Good,2.5 Fin,460,1,1,25,2.5 Story,1,1841,1,,Single,,,,
0380016,1,5,1969,1744.00,Average,1,3,57,3.50,No Data,9,2,Good,2.5 Fin,,,,23,2.5 Story,,349,1,,Single,,,,
0380016,2,3,2020,706.00,Good,1,1,6,3.50,No Data,6,1,Average,1.5 Fin,,,,6,1.5 Sty,,243,1,,Single,,,,
0380017,1,,,,No Data,,,,,No Data,,,No Data | Sketch not available.,No Data,,,,,No Data,,,,,No Data,,,,
0380018,1,6,1968,1149.00,Average,1,4,58,3.50,Blk 8in,9,1,Good,2.5 Fin,524,,1,23,Contemp,4,922,1,,Single,524,,,
038002,1,4,2013,2386.00,Good,1,2,13,6.00,Conc 8in,10,2,Average,1 Story,2386,,,13,Contemp,,1035,1,,Single,,400,,
0380021,1,,,,No Data,,,,,No Data,,,No Data | Sketch not available.,No Data,,,,,No Data,,,,,No Data,,,,
0380022,1,8,1969,1807.00,Average,1,1,57,4.50,No Data,12,2,Good,2.5 Fin,,,1,23,Contemp,,373,1,,Single,,,,
0380023,1,11,1975,2508.00,Average,1,4,51,3.25,Conc 8in,8,2,Avg/Good,2.5 Fin,1898,1,,25,Contemp,1,973,1,,Single,,648,,
038002301,1,1,2023,172.00,Average,,,3,3.00,No Data,,,Average,1 Story,,,,3,Camp,,148,,,Camp,,,,
0380025,1,7,1967,1553.00,Average,1,3,59,3.25,No Data,8,2,Good,2.5 Fin,,,,24,A-Frame,1,502,1,,Single,,,,
0380026,1,6,1967,1632.00,Average,1,4,59,3.25,No Data,7,1,Good,2.5 Fin,,,1,24,Contemp,,136,1,,Single,,,,
0380027,1,,2010,2200.00,Good,1,2,16,4.50,Conc 8in,10,2,Average,1.5 Fin,936,,1,15,Contemp,1,291,1,,Single,,576,,
0380028,1,7,2008,2576.00,Good,1,3,18,5.00,Conc 8in,14,4,Average,2 Story,1290,1,,16,Two Story,4,744,1,,Single,700,,,
038002801,1,2,1954,632.00,Average,1,2,30,3.50,No Data,3,,Average,1 Story,,,1,35,MobileHome,,266,1,,Mobile,,,,
0380029,1,7,1975,2551.00,Average,1,2,51,3.25,Conc 8in,8,2,Average,2 Story,280,,,30,Contemp,1,,1,,Single,,,,
038003,1,4,1983,688.00,Average,1,2,43,3.00,Conc 8in,5,1,Good,2 Story,252,,,18,Contemp,1,267,1,,Single,,216,,
0380031,1,,,,No Data,,,,,No Data,,,No Data | Sketch not available.,No Data,,,,,No Data,,,,,No Data,,,,
0380032,1,4,2016,1921.00,Excellent,1,2,10,4.00,Conc 8in,11,3,Average,2 Story,118,1,,10,Contemp,1,372,1,,Single,,,,
0380034,1,4,1964,567.00,Average,,2,62,3.00,No Data,2,,Salvage,1 Story,,1,,79,Camp,,133,1,,Camp,,,,
0380035,1,8,1975,2574.00,Average,1,3,51,4.50,Conc 8in,13,3,Avg/Good,2 Story,1172,,1,25,Contemp,4,555,1,,Single,652,,,
038003501,1,,,,No Data,,,,,No Data,,,No Data | Sketch not available.,No Data,,,,,No Data,,,,,No Data,,,,
0380037,1,7,1978,1741.00,Average,1,3,48,3.50,Conc 8in,9,2,Avg/Good,1.5 Fin,768,,,24,1.5 Sty,3,640,1,,Single,238,,,
0380038,1,4,1990,1344.00,Average,1,2,36,3.25,Conc 8in,7,1,Average,1.5 Fin,768,,1,24,Saltbox,1,332,1,,Single,,,,
038004,1,6,1976,2801.00,Good,1,3,50,3.50,Conc 8in,5,1,Average,1.5 Fin,1816,,1,30,BiLevel,4,1014,1,5,Single,198,,,
0380041,1,6,2002,2218.00,Good,1,3,24,5.00,Conc 8in,10,2,Average,2 Story,1145,,1,19,CapeCod,,485,1,,Single,,,,
038004101,1,7,1976,2198.00,Average,1,3,50,3.50,Conc 8in,10,2,Avg/Good,1.5 Fin,1570,,1,25,Contemp,3,1101,1,5,Single,700,,,
0380042,1,5,1981,1240.00,Average,1,3,45,3.00,No Data,8,2,Fair,1.5 Fin,,,,41,No Data,,64,1,,Single,,,,
0380043,1,3,2022,750.00,Good,1,1,4,3.25,No Data,5,1,Average,1.5 Fin,,,,4,1.5 Sty,,324,1,,Single,,,,
0380044,1,,,,No Data,,,,,No Data,,,No Data | Sketch not available.,No Data,,,,,No Data,,,,,No Data,,,,
0380045,1,8,1973,1917.00,Average,1,3,53,3.00,Conc 8in,5,1,Avg/Good,1.5 Fin,910,,,26,1.5 Sty,1,584,1,,Single,,336,,
0380046,1,6,2003,2589.00,Good,1,3,23,3.25,Conc 8in,11,3,Average,1.5 Fin,1536,,,18,Contemp,,1164,1,,Single,,,,
0380047,1,7,1991,2876.00,Average,1,3,35,3.50,No Data,13,3,Average,2.5 Fin,,,1,24,Contemp,,788,1,,Single,,,,
0380049,1,7,2004,2289.00,Good,1,4,22,6.00,Conc 8in,11,2,Avg/Good,2 Story,1496,1,1,15,Contemp,4,195,1,,Single,477,517,,
038004901,1,,,,No Data,,,,,No Data,,,No Data | Sketch not available.,No Data,,,,,No Data,,,,,No Data,,,,
038004902,1,,,,No Data,,,,,No Data,,,No Data | Sketch not available.,No Data,,,,,No Data,,,,,No Data,,,,
038004903,1,,,,No Data,,,,,No Data,,,No Data | Sketch not available.,No Data,,,,,No Data,,,,,No Data,,,,
048000101,1,7,2008,3378.00,Good,1,4,18,4.50,Conc 8in,10,2,Average,2 Story,2068,1,1,16,Two Story,,112,1,,Single,,576,,
048000102,1,11,2011,3915.00,Good,1,5,15,5.00,Conc 8in,16,4,Excellent,1.5 Fin,3058,1,1,5,Contemp,4,618,1,,Single,2038,,,
048000104,1,13,2013,3208.00,Good,1,5,13,6.00,Conc 8in,19,4,Average,2 Story,2028,1,1,13,Contemp,4,438,1,,Single,1928,,,
048000105,1,9,2023,3844.00,Good,1,4,3,6.00,Conc 12in,29,6,Average,2.5 Fin,1610,1,1,3,Two Story,4,667,1,,Single,1500,864,,
048000106,1,8,2009,2429.00,Good,1,4,17,5.00,Conc 8in,16,4,Average,1.5 Fin,1806,1,1,16,Contemp,4,631,1,,Single,1746,,,
048000107,1,,,,No Data,,,,,No Data,,,No Data | Sketch not available.,No Data,,,,,No Data,,,,,No Data,,,,
048000108,1,7,2013,3164.00,Good,1,4,13,4.50,Conc 8in,16,4,Average,1.5 Fin,1956,1,1,13,Contemp,4,458,1,,Single,1856,,,
048000109,1,10,2009,2400.00,Good,1,5,17,3.25,Conc 8in,13,3,Average,1.5 Fin,1222,,1,16,CapeCod,4,256,1,,Single,1160,,,
048000110,1,11,2023,1672.00,Excellent,1,4,3,5.00,Conc 8in,14,3,Average,1 Story,2186,1,1,3,One Story,4,794,1,,Single,2000,750,,
048000111,1,16,2017,9010.00,Excellent,3,7,9,7.00,Conc 8in,43,8,Average,1.5 Fin,4456,1,5,9,Two Story,4,2216,3,,Single,2174,,,
048000112,1,9,2021,3030.00,Good,1,5,5,4.00,Conc 8in,13,3,Average,2 Story,1587,,1,5,Two Story,4,480,1,,Single,1190,624,,
048000113,1,6,2011,2869.00,Good,1,4,15,4.50,Conc 8in,18,4,Average,1.5 Fin,1456,1,1,15,Contemp,3,1138,1,,Single,848,672,,
048000114,1,8,2023,2080.00,Good,1,4,3,3.50,Conc 8in,14,4,Average,1.5 Fin,1120,2,,3,CapeCod,4,376,1,,Single,922,672,,
048000115,1,8,2007,2173.00,Good,1,3,19,4.50,Conc 8in,13,3,Average,1.5 Fin,1737,1,,17,CapeCod,4,826,1,,Single,1388,784,,
048000116,1,,,,No Data,,,,,No Data,,,No Data | Sketch not available.,No Data,,,,,No Data,,,,,No Data,,,,
048000117,1,6,2009,2950.00,Good,1,3,17,4.50,Conc 8in,13,2,Average,1.5 Fin,1580,1,1,16,1.5 Sty,4,987,1,,Single,790,600,,
048000118,1,7,2017,2972.00,Good,1,4,9,4.50,Conc 8in,14,4,Average,2 Story,1472,1,,9,1.5 Sty,,536,1,,Single,,994,,
048000119,1,,,,No Data,,,,,No Data,,,No Data,No Data,,,,,No Data,,,,,No Data,,,,
048000120,1,16,2007,4826.00,Good,1,5,19,4.50,Conc 8in,30,8,Good,2.5 Fin,2017,1,,11,2.5 Story,5,894,3,,Single,324,748,,
0480002,1,8,1978,3280.00,Average,1,3,48,4.00,No Data,10,2,Avg/Good,1.5 Fin,,1,1,24,1.5 Sty,,389,1,,Single,,,,
0480003,1,8,1973,3552.00,Average,1,5,53,5.00,Conc 8in,22,5,Avg/Good,2.5 Fin,1231,1,,26,Contemp,2,422,1,,Single,400,,,
0480004,1,6,1987,1476.00,Average,1,3,39,4.00,Conc 8in,8,2,Good,1.5 Fin,780,,,17,Saltbox,4,372,1,,Single,508,,,
0480005,1,8,1980,1736.00,Average,1,5,46,4.25,Conc 8in,11,3,Good,1.5 Fin,940,,,18,CapeCod,4,718,1,,Single,880,,,
0480007,1,5,2005,2146.00,Good,1,3,21,4.00,Conc 8in,13,3,Avg/Good,2 Story,1382,1,1,15,CapeCod,4,643,1,,Single,1282,,,
0480008,1,6,1967,1905.00,Average,1,4,59,3.54,No Data,8,2,Avg/Good,2 Story,,1,,28,BiLevel,,996,1,,Single,,,,
0480009,1,7,1967,2262.00,Average,1,5,59,4.25,No Data,8,2,Good,2 Story,,1,,24,Chalet,,553,1,,Single,,,,
048001,1,5,1969,1364.00,Average,1,3,57,3.50,Blk 8in,8,2,Avg/Good,1.5 Fin,837,1,,27,Chalet,1,392,1,,Single,,,,
0480011,1,5,1968,1248.00,Average,1,3,58,3.25,No Data,8,2,Avg/Good,1 Story,,1,,27,Ranch,,1041,1,,Single,,,,
0480012,1,9,1988,1760.00,Average,1,3,38,4.50,Conc 8in,8,2,Good,1.5 Fin,936,1,,16,CapeCod,4,948,1,,Single,672,,,
048001201,1,,,,No Data,,,,,No Data,,,No Data | Sketch not available.,No Data,,,,,No Data,,,,,No Data,,,,
048001202,1,10,1992,3514.00,Average,1,4,34,5.00,Conc 8in,16,4,Good,1.5 Fin,1508,3,1,15,Contemp,4,566,1,,Single,1142,,,
048001220,1,6,1998,1600.00,Good,1,5,28,3.75,Conc 8in,8,2,Avg/Good,1.5 Fin,1120,,,17,1.5 Sty,4,838,1,,Single,958,,,
0480013,1,6,1979,2227.00,Average,1,3,47,3.25,Conc 8in,13,3,Avg/Good,1.5 Fin,1206,,1,23,CapeCod,1,832,1,,Single,,400,,
0480014,1,6,1988,1609.00,Average,1,2,38,3.75,Conc 8in,10,2,Avg/Good,2 Story,841,1,1,20,Contemp,3,728,1,,Single,522,483,,
0480015,1,9,1981,2128.00,Good,1,4,45,3.50,Conc 8in,10,2,Avg/Good,1.5 Fin,1568,,1,23,1.5 Sty,3,296,1,,Single,192,724,,
0480016,1,7,1999,2625.00,Average,1,4,27,4.00,Conc 8in,14,4,Average,2 Story,1320,1,,20,CapeCod,4,944,1,,Single,1240,960,,
0480017,1,6,2000,2054.00,Good,1,4,26,3.50,Conc 8in,11,3,Average,1.5 Fin,1344,,,20,CapeCod,4,676,1,,Single,288,,,
0480018,1,6,1969,1368.00,Average,1,3,57,3.25,Conc 8in,11,3,Average,1 Story,864,,,33,1.5 Sty,4,488,1,,Single,664,,,
048001801,1,8,1995,1864.00,Average,1,4,31,3.50,Conc 8in,11,3,Average,1.5 Fin,1036,1,,22,1.5 Sty,4,260,,,Single,720,480,,
0480019,1,6,1971,1527.00,Average,1,4,55,3.50,No Data,8,2,Avg/Good,1.5 Fin,,,,26,1.5 Sty,,242,1,,Single,,,,
048002,1,8,1971,2840.00,Average,1,5,55,4.00,No Data,18,5,Average,2 Story,,1,,32,Two Story,,976,1,,Single,,441,,
0480021,1,6,1972,1728.00,Average,1,4,54,3.50,Conc 8in,8,2,Avg/Good,1 Story,864,,,26,BiLevel,4,684,1,,Single,576,,,
0480021,2,3,1972,816.00,Average,1,2,54,3.00,Conc 8in,5,1,Avg/Good,1 Story,576,,,26,Ranch,,200,1,,Single,,,,
0480022,1,5,1969,768.00,Average,1,3,57,2.75,Conc 8in,5,1,Avg/Good,1 Story,768,,,27,Contemp,4,,1,,Single,708,,,
0480023,1,6,2020,1536.00,Good,1,3,6,3.50,Conc 8in,11,2,Average,2 Story,1152,,1,6,Two Story,4,300,1,,Single,800,,,
0480024,1,7,1987,2195.00,Average,1,3,39,4.50,Conc 8in,13,3,Good,1.5 Fin,924,1,,17,Contemp,4,855,1,,Single,776,726,,
0480025,1,9,1967,1464.00,Average,1,6,59,3.25,Blk 8in,13,3,Avg/Good,2.5 Fin,768,,1,28,Contemp,4,481,1,,Single,768,,,
0480026,1,10,1971,5918.00,Average,1,8,55,4.50,Conc 8in,19,5,Good,1.5 Fin,1344,1,,22,1.5 Sty,1,576,2,,Single,,,,
0480027,1,10,1971,2115.00,Average,1,4,55,3.50,Conc 8in,11,3,Avg/Good,2.5 Fin,1026,,,26,Contemp,3,175,1,10,Single,508,,,
0480028,1,8,1970,1719.00,Average,1,6,56,3.75,Conc 8in,11,2,Average,1.5 Fin,1116,1,1,33,Contemp,4,606,1,,Single,1016,,,
0480029,1,7,2017,3874.00,Good,1,4,9,4.50,Conc 8in,12,2,Average,1.5 Fin,3246,,1,9,1.5 Sty,1,1088,1,,Single,,,,
048003101,1,5,2001,2299.00,Good,1,3,25,4.25,Conc 8in,10,2,Average,1.5 Fin,1436,1,,19,Contemp,,797,1,,Single,,,,
048003102,1,6,2018,2458.00,Good,1,3,8,3.50,Conc 8in,13,2,Average,1.5 Fin,1450,1,1,8,1.5 Sty,3,476,1,,Single,800,528,,
048003103,1,8,1996,2991.00,Average,1,4,30,5.50,Conc 8in,18,5,Avg/Good,2 Story,1575,1,,18,Contemp,3,740,1,,None,800,,,
048003104,1,7,1996,2016.00,Good,1,4,30,4.00,Conc 8in,11,3,Avg/Good,1.5 Fin,1606,2,,18,CapeCod,4,216,1,,Single,1400,,,
048003105,1,7,1998,4126.00,Average,1,4,28,5.50,Conc 8in,18,4,Avg/Good,1.5 Fin,2142,1,1,17,Contemp,4,559,1,,Single,1638,576,,
0480032,1,6,1960,1708.00,Good,2,2,66,4.50,Conc 8in,13,1,Good,1 Story,1660,1,2,26,One Story,5,386,2,,Single,1426,,,
048003601,1,9,2005,4355.00,Good,3,5,21,5.50,Conc 8in,22,6,Average,1.5 Fin,974,1,,18,Contemp,4,1611,1,,Single,718,648,,
0530001,1,6,1980,1976.00,Average,2,4,46,3.50,Conc 8in,15,3,Avg/Good,1 Story,960,1,1,23,1.5 Sty,4,380,1,,Single,825,576,,
0530002,1,6,1971,1180.00,Good,1,3,55,3.25,Conc 8in,8,2,Avg/Good,1.5 Fin,840,1,,26,A-Frame,1,424,1,,Single,,,,
0530004,1,4,1982,1641.00,Good,1,3,44,4.25,Conc 8in,8,2,Avg/Good,1.5 Fin,108,1,,22,CapeCod,1,470,1,,Single,,,,
0530005,1,5,1972,864.00,Good,1,3,54,3.00,Conc 8in,8,2,Average,1 Story,864,1,,32,Chalet,4,288,1,,Single,432,,,
0530006,1,8,1973,1160.00,Average,1,3,53,2.75,Conc 8in,8,2,Fair,1 Story,1008,,,46,Ranch,3,96,1,,Single,800,,,
0530007,1,12,1983,5418.00,Good,1,4,43,5.00,No Data,23,7,Good,1.5 Fin,,2,,18,Contemp,1,1509,1,,Single,,672,,
0530008,1,9,1978,5299.00,Good,1,5,48,5.25,Conc 8in,19,5,Good,1.5 Fin,696,2,1,19,Contemp,4,1019,1,,Single,696,,,
0530009,1,,,,No Data,,,,,No Data,,,No Data | Sketch not available.,No Data,,,,,No Data,,,,,No Data,,,,
053001001,1,,,,No Data,,,,,No Data,,,No Data | Sketch not available.,No Data,,,,,No Data,,,,,No Data,,,,
0530011,1,12,1840,4668.00,Good,1,7,70,3.50,Conc 8in,25,7,Avg/Good,1.5 Fin,1584,1,,32,CapeCod,1,936,2,,Single,,,,
0530013,1,11,1960,2236.00,Good,1,5,66,3.50,Conc 8in,13,3,Avg/Good,1.5 Fin,726,,,30,CapeCod,5,342,2,,Single,526,,,
0530014,1,7,1960,2345.00,Good,1,5,66,5.00,Conc 8in,14,4,Good,1.5 Fin,1457,1,,26,1.5 Sty,4,1242,1,,Single,550,,,
0530015,1,8,1965,729.00,Average,1,4,61,3.50,Conc 8in,8,2,Avg/Good,1 Story,729,1,,28,Contemp,4,256,1,,Single,630,,,
0530016,1,8,1965,1666.00,Average,1,4,61,3.25,Conc 8in,11,3,Avg/Good,1 Story,812,1,,28,Contemp,4,636,1,,Single,740,,,
0530017,1,6,1965,1184.00,Average,1,3,61,3.00,Conc 8in,8,2,Average,1 Story,1184,1,,36,Chalet,4,573,1,,Single,812,,,
0530018,1,7,1964,1974.00,Average,1,4,62,3.00,No Data,8,2,Average,1.5 Fin,,1,,36,Contemp,,404,1,,Single,,,,
0530019,1,6,1965,871.00,Average,1,4,61,3.50,Conc 8in,8,2,Avg/Good,1 Story,750,,,28,Ranch,4,598,1,,Single,550,,,
053002,1,8,1966,1017.00,Average,1,3,60,3.00,Conc 8in,12,2,Fair/Avg,1 Story,780,1,1,43,Contemp,5,480,2,,Single,780,,,
0530021,1,,,,No Data,,,,,No Data,,,No Data | Sketch not available.,No Data,,,,,No Data,,,,,No Data,,,,
053002101,1,4,2025,672.00,Good,1,3,1,3.25,Conc 8in,8,2,Average,1 Story,672,,,,Contemp,4,,1,,Single,472,,,
0530022,1,6,1966,2112.00,Good,1,4,60,3.50,No Data,11,3,Average,1 Story,,1,,35,Contemp,1,,1,,Single,,,,
0530023,1,5,1972,1011.00,Average,1,3,54,3.00,No Data,8,2,Average,1 Story,,,,32,Contemp,,300,1,,Single,,,,
0530024,1,5,1972,1165.00,Average,1,3,54,3.00,No Data,8,2,Average,1 Story,,,,32,Contemp,,160,1,,Single,,,,
0530025,1,3,1972,546.00,Average,1,2,54,3.00,No Data,5,1,Average,1 Story,,,,32,Ranch,,266,1,,Single,,,,
0530026,1,5,1972,821.00,Average,1,3,54,3.00,No Data,8,2,Average,1 Story,,,,32,Contemp,,125,1,,Single,,,,
0530027,1,7,1972,1565.00,Average,1,4,54,3.00,Conc 8in,11,3,Average,1 Story,925,1,,32,Contemp,4,287,1,,Single,877,,,
0530028,1,10,2007,5113.00,Good,1,4,19,3.75,Conc 8in,15,3,Good,1 Story,4831,1,2,11,Contemp,4,1390,1,,Single,1600,,,
0530031,1,8,1969,1106.00,Average,1,5,57,3.50,Conc 8in,11,3,Average,1 Story,1392,1,,33,Contemp,4,830,1,,Single,1106,286,,
0530033,1,9,1965,1735.00,Average,1,4,61,3.00,No Data,8,2,Avg/Good,2 Story,,1,,28,Contemp,,485,1,,Single,,,,
0530034,1,6,1974,1568.00,Average,1,3,52,3.00,No Data,8,2,Avg/Good,1 Story,,1,,25,Contemp,,200,1,,Single,,,,
0530035,1,6,1970,624.00,Average,1,3,56,2.75,Conc 8in,8,2,Average,1.5 Fin,720,1,,33,Contemp,4,568,1,5,Single,720,,,
0530036,1,,,,No Data,,,,,No Data,,,No Data | Sketch not available.,No Data,,,,,No Data,,,,,No Data,,,,
053003601,1,10,2007,2128.00,Good,1,5,19,3.75,Conc 8in,17,5,Avg/Good,2 Story,1064,1,,14,Two Story,4,804,1,,Single,728,,,
0530037,1,6,2003,1528.00,Good,1,4,23,4.50,Conc 8in,16,3,Average,2 Story,852,1,1,18,Two Story,4,1061,1,,Single,852,,,
053003701,1,6,2003,1872.00,Good,1,4,23,5.00,Conc 8in,16,4,Average,2 Story,680,2,,18,CapeCod,4,1013,1,,Single,626,,,
053003702,1,4,2023,3663.00,Good,1,3,3,4.00,Conc 8in,15,3,Average,2 Story,2767,1,1,3,Two Story,,434,1,,Single,,600,,
053003704,1,,2010,1514.00,Good,1,2,16,4.50,No Data,8,2,Average,2 Story,,,,15,Contemp,,120,1,,Single,,400,,
0530038,1,5,1964,1248.00,Good,1,3,62,2.75,No Data,8,2,Average,1.5 Fin,,1,,36,Contemp,,333,1,,Single,,,,
0530039,1,6,1961,1542.00,Good,1,4,50,3.50,No Data,8,2,Good,1.5 Fin,,1,,20,Contemp,,452,1,,Single,,,,
053004,1,4,1962,840.00,Average,1,2,64,2.75,No Data,5,1,Fair/Avg,1 Story,,1,,45,Ranch,,332,1,,Single,,,,
0530041,1,5,1966,860.00,Average,1,3,60,2.50,No Data,7,1,Average,1 Story,,1,1,35,Contemp,,135,1,,Single,,,,
0530042,1,6,1961,1652.00,Average,1,4,65,3.00,No Data,8,2,Fair/Avg,1.5 Fin,,1,,45,Contemp,,274,1,,Single,,,,
0530043,1,11,1968,1500.00,Average,1,8,58,3.25,Blk 8in,16,4,Avg/Good,1 Story,1500,1,,27,Contemp,4,349,2,,Single,1300,,,
0530044,1,10,1967,1398.00,Average,1,7,59,3.50,Blk 6in,11,3,Avg/Good,1.5 Fin,838,1,,28,CapeCod,4,662,2,,Single,728,,,
0530045,1,6,1964,1280.00,Average,1,4,60,3.25,Conc 8in,8,2,Avg/Good,1.5 Fin,768,,,28,A-Frame,4,320,1,,Single,647,,,
0530046,1,6,2025,2016.00,Good,1,4,1,4.75,Conc 8in,8,2,Average,2.5U (SF),308,,,,Duplex,4,96,1,,Single,154,546,,
053004601,1,7,2007,2366.00,Good,1,3,19,3.50,Conc 8in,10,2,Average,2 Story,1350,1,1,17,Two Story,4,558,1,,Single,392,672,,
053004602,1,,,,No Data,,,,,No Data,,,No Data | Sketch not available.,No Data,,,,,No Data,,,,,No Data,,,,
053004605,1,6,2023,2016.00,Good,1,3,2,4.75,Conc 8in,13,3,Average,2.5 Fin,308,,,1,2.5 Story,4,96,1,,Single,154,546,,
0530047,1,3,2001,312.00,Average,1,1,25,4.00,No Data,5,1,Average,1 Story,,,,24,Log,,72,1,,Camp,,,,
0530047,2,1,2005,144.00,Average,1,1,21,4.00,No Data,5,1,Average,1 Story,,,,22,Camp,,392,1,,Camp,,,,
0530047,3,2,2005,372.00,Average,1,2,21,4.00,No Data,5,1,Average,1.5 Fin,,,1,22,Camp,,,1,,Camp,,,,
0530048,1,8,1996,2344.00,Good,1,5,30,3.50,Conc 8in,10,2,Avg/Good,2 Story,936,1,1,18,CapeCod,1,672,1,,Single,,312,,
053005,1,5,1966,640.00,Average,1,4,60,2.50,Conc 8in,7,1,Average,1 Story,640,1,1,35,One Story,3,112,1,,Single,600,,,
1000001,1,6,1970,1360.00,Average,1,3,56,3.00,Conc 8in,6,1,Fair/Avg,1 Story,1008,1,,41,Ranch,3,378,1,,Single,674,,,
1000003,1,5,1968,1764.00,Average,1,3,58,3.25,Conc 8in,10,1,Avg/Good,1 Story,1380,1,2,27,Ranch,3,406,1,,Single,1289,,,
1000004,1,8,1850,2646.00,Average,1,3,80,3.00,Blk 8in,9,2,Fair/Avg,1.5 Fin,1755,1,,52,1.5 Sty,1,545,2,,Single,,,,
100000401,1,,,,No Data,,,,,No Data,,,No Data | Sketch not available.,No Data,,,,,No Data,,,,,No Data,,,,
1000005,1,,,,No Data,,,,,No Data,,,No Data | Sketch not available.,No Data,,,,,No Data,,,,,No Data,,,,
1000008,1,,,,No Data,,,,,No Data,,,No Data | Sketch not available.,No Data,,,,,No Data,,,,,No Data,,,,
100001,1,5,1968,1512.00,Average,1,3,40,2.00,No Data,5,1,Fair,1 Story,,,,85,No Data,,192,1,,Mobile,,672,,
1000011,1,7,1973,2124.00,Average,1,4,53,3.00,Conc 8in,9,2,Average,2.5 Fin,530,,,31,Contemp,1,531,1,20,Single,,,,
100001101,1,6,2016,2324.00,Good,1,3,10,3.25,Conc 8in,11,2,Average,2 Story,1260,,1,10,Two Story,,432,1,,Single,,,,
100001102,1,3,2018,1464.00,Good,1,2,8,3.25,Conc 8in,8,2,Average,1.5 Fin,1064,,,8,1.5 Sty,,420,1,,Single,,240,,
1000013,1,,2025,1080.00,Good,1,1,1,4.50,No Data,5,1,Average,1 Story,,,,,Camp,,,1,,Camp,,,,
1000014,1,4,1960,357.00,Below Avg,,2,66,2.00,No Data,1,,Fair/Avg,1 Story,,,1,56,No Data,,,1,,Camp,,,,
1000016,1,,,,No Data,,,,,No Data,,,No Data | Sketch not available.,No Data,,,,,No Data,,,,,No Data,,,,
1000019,1,,1999,1271.00,Average,,,27,3.25,No Data,3,,Average,1 Story,,,2,20,No Data,,36,,,Single,,,,
100002001,1,16,1860,3915.00,Average,1,3,80,3.00,Blk 8in,19,3,Fair/Avg,1.5 Fin,1564,,4,52,CapeCod,2,1533,1,,Single,1152,60,,
1000022,1,3,2022,312.00,Good,,1,4,4.00,No Data,,,Average,1.5 Fin,,,,5,Camp,,292,,,Camp,,,,
1000024,1,,,,No Data,,,,,No Data,,,No Data,No Data,,,,,No Data,,,,5,No Data,,,,
1000025,1,4,1989,1044.00,Average,1,2,37,3.25,No Data,5,1,Avg/Good,1 Story,,,,20,Ranch,,,1,,Single,,384,,
1000026,1,7,1973,1700.00,Average,1,3,53,3.00,Conc 8in,5,1,Average,2.5 Fin,374,,,31,Contemp,1,35,1,20,Single,,46,,
1000027,1,9,1800,2314.00,Average,1,5,70,3.75,Blk 8in,9,2,Fair/Avg,1.5 Fin,780,,,47,CapeCod,1,456,1,,Single,,1008,,
100002902,1,7,1999,3126.00,Good,1,3,27,5.00,No Data,13,3,Good,2 Story,,2,,13,No Data,,1002,1,,Single,,624,,
100002931,1,6,2004,2091.00,Good,1,3,22,4.00,Conc 8in,10,2,Avg/Good,2 Story,1024,1,1,15,CapeCod,4,728,1,,Single,880,,,
100002932,1,5,2000,1608.00,Good,1,3,26,3.50,Conc 8in,13,3,Avg/Good,1.5 Fin,864,,1,16,CapeCod,4,464,1,,Single,594,,,
100002933,1,5,2001,1788.00,Good,1,3,25,3.75,Conc 8in,11,2,Avg/Good,1.5 Fin,900,,1,16,CapeCod,4,520,1,,Single,679,,,
100002934,1,6,2001,2324.00,Good,1,4,25,3.50,Conc 8in,14,3,Avg/Good,2 Story,1168,,1,16,CapeCod,4,540,1,,Single,905,,,
100003,1,,,,No Data,,,,,No Data,,,No Data | Sketch not available.,No Data,,,,,No Data,,,,,No Data,,,,
1000031,1,10,1800,3108.00,Average,1,5,70,3.50,Stone,13,2,Avg/Good,1.5 Fin,945,,1,32,1.5 Sty,,360,2,,Single,,630,,
100003101,1,,,,No Data,,,,,No Data,,,No Data | Sketch not available.,No Data,,,,,No Data,,,,,No Data,,,,
1000032,1,5,1850,1880.00,Average,1,3,60,3.50,Conc 8in,10,2,Good,1.5 Fin,,,1,24,CapeCod,,463,1,,Single,,,,
1000033,1,8,1850,2752.00,Good,1,3,70,3.75,Conc 8in,11,3,Good,1.5 Fin,882,1,,28,Colonial,1,742,1,,Single,,,,
1000035,1,13,1974,2545.00,Average,1,3,52,3.50,Conc 8in,14,3,Average,2.5 Fin,728,,1,31,Contemp,4,150,2,,Single,728,,,
1000035,2,4,2006,1232.00,Average,1,2,20,3.00,No Data,8,2,Average,2 Story,,,,17,Two Story,,,2,,Single,,,,
1000036,1,8,1990,1152.00,Average,1,2,36,3.00,Conc 8in,10,2,Average,1 Story,1152,,,24,Modular,1,616,1,,Single,,,,
100003601,1,6,1988,2710.00,Good,1,4,38,5.00,No Data,11,2,Good,1.5 Fin,,1,1,16,No Data,,942,1,,Single,,,,
100003602,1,5,1993,1492.00,Average,1,3,33,3.00,Conc 8in,8,2,Avg/Good,1 Story,1492,,,19,Log,1,64,1,,Single,,,,
1000037,1,6,1981,1632.00,Average,1,3,45,3.25,Conc 8in,7,1,Average,2 Story,816,1,1,28,Colonial,1,432,1,,Single,,,,
1000038,1,7,1965,768.00,Average,1,3,61,3.25,Blk 8in,8,2,Average,1 Story,768,,,36,One Story,4,366,1,,Single,708,,,
100003801,1,6,2006,2052.00,Average,1,4,20,3.00,No Data,10,2,Avg/Good,1 Story,,1,,20,DblWide,,64,1,,Mobile,,,,
100003802,1,,,,No Data,,,,,No Data,,,No Data,No Data,,,,,No Data,,,,,No Data,,,,
1000041,1,2,2023,666.00,Average,,1,3,2.50,No Data,5,1,Average,1.5 Fin,,,,3,Camp,,36,1,,Single,,,,
1000042,1,5,1984,2320.00,Average,1,3,42,3.75,Conc 8in,8,2,Avg/Good,1.5 Fin,1352,,,22,1.5 Sty,4,576,1,,Single,676,,,
1000044,1,6,1967,2086.00,Average,1,4,59,3.50,No Data,8,2,Avg/Good,1.5 Fin,,,,28,Contemp,,306,1,,Single,,,,
1000045,1,6,1984,864.00,Average,1,3,42,3.00,Blk 6in,8,2,Average,1 Story,864,,,27,Chalet,4,630,1,,Single,796,,,
1000046,1,5,1979,924.00,Average,1,3,47,3.00,No Data,5,1,Poor,1 Story,,,,99,MobileHome,,440,1,,Mobile,,,,
100004601,1,,,,No Data,,,,,No Data,,,No Data | Sketch not available.,No Data,,,,,No Data,,,,,No Data,,,,
1000047,1,,,,No Data,,,,,No Data,,,No Data | Sketch not available.,No Data,,,,,No Data,,,,,No Data,,,,
1000048,1,,,,No Data,,,,,No Data,,,No Data | Sketch not available.,No Data,,,,,No Data,,,,,No Data,,,,
100005,1,5,1969,1142.00,Average,1,3,57,3.00,Conc 8in,9,1,Average,1 Story,1100,1,2,33,One Story,,284,1,,Single,,672,,
100005001,1,,,,No Data,,,,,No Data,,,No Data | Sketch not available.,No Data,,,,,No Data,,,,,No Data,,,,
1000051,1,9,1900,1951.00,Average,1,6,60,3.75,Stone,8,2,Avg/Good,1.5 Fin,600,,,28,1.5 Sty,1,278,1,,Single,,,,
1000052,1,,,,No Data,,,,,No Data,,,No Data | Sketch not available.,No Data,,,,,No Data,,,,,No Data,,,,
1000053,1,5,1985,1474.00,Average,1,3,41,3.50,No Data,8,2,Avg/Good,1 Story,,,,41,DblWide,,115,1,,Mobile,,,,
1000054,1,13,1850,2036.00,Average,1,5,70,3.50,Conc 8in,13,3,Good,1.5 Fin,816,1,1,28,Colonial,3,415,1,,Single,816,,,
1000055,1,6,1900,1662.00,Average,1,3,60,3.25,Conc 8in,7,1,Average,1.5 Fin,756,,1,35,1.5 Sty,1,216,1,,Single,,,,
100005501,1,,,,No Data,,,,,No Data,,,No Data | Sketch not available.,No Data,,,,,No Data,,,,,No Data,,,,
1000056,1,10,1972,3647.00,Average,1,6,54,3.50,Conc 8in,13,3,Average,2 Story,2103,2,1,32,Two Story,4,807,1,,Single,1050,,,
1000057,1,12,1900,3598.00,Average,1,6,70,3.50,Blk 8in,17,5,Average,1.5 Fin,800,,,40,CapeCod,,249,3,,Single,,,,
100006,1,9,1972,3606.00,Average,1,4,54,4.50,No Data,13,3,Good,2 Story,,2,,22,Contemp,,397,1,,Single,,,,
100006,2,6,1999,1713.00,Good,1,3,27,4.00,No Data,8,2,Avg/Good,1.5 Fin,,1,,17,No Data,,225,,,Single,,,,
1000061,1,4,1974,936.00,Average,1,2,52,3.00,No Data,5,1,Average,2 Story,,,,31,Contemp,,314,1,,Single,,,,
100006102,1,4,1982,1040.00,Average,1,2,44,3.00,No Data,5,1,Average,1.5 Fin,,,,27,CapeCod,,96,1,,Single,,,,
100006102,2,4,1982,1040.00,Average,1,2,44,3.00,No Data,5,1,Average,1.5 Fin,,,,27,CapeCod,,,1,,Single,,,,
1000062,1,3,2009,1224.00,Average,,2,17,3.25,WoodFrame,7,1,Average,1 Story,1296,,1,16,One Story,4,240,1,,Single,288,,,
100006201,1,5,2020,1652.00,Good,,1,6,4.00,No Data,9,1,Average,1.5 Fin,,,1,6,Contemp,,594,1,,Single,,,,
1000063,1,8,1994,2370.00,Average,1,3,32,3.50,Conc 8in,7,1,Fair,2 Story,1226,1,1,50,Two Story,1,462,1,,Single,,,,
1000064,1,5,1983,1863.00,Average,1,3,43,3.25,Blk 8in,11,3,Average,BiLev (SF),1080,,,27,BiLevel,4,286,1,,Single,1080,792,,
1000065,1,6,1978,1264.00,Average,1,3,48,3.50,Conc 8in,6,1,Good,1.5 Fin,720,,,19,1.5 Sty,2,516,1,,Single,720,432,,
1000065,2,2,1950,400.00,Average,1,1,74,2.00,No Data,5,1,Fair,1 Story,,,,56,One Story,,192,1,,Single,,,,
1000067,1,5,1958,1092.00,Average,1,2,68,2.50,Blk 8in,6,1,Average,1 Story,972,,,39,Ranch,2,516,1,,Single,972,,,
1000069,1,7,1860,2326.00,Good,1,4,80,5.00,No Data,14,3,Good,2 Story,,1,1,32,Colonial,,449,1,,Single,,,,
1000069,2,3,1988,618.00,Average,1,2,38,5.00,No Data,5,1,Avg/Good,1 Story,,1,,25,Log,,730,1,,Camp,,,,
100007,1,6,1870,708.00,Below Avg,,4,90,3.00,No Data,1,,Poor,1.5 Fin,,,,85,Camp,,224,1,,Camp,,,,
1000071,1,6,1850,1686.00,Average,1,3,80,2.75,Stone,8,2,Average,1.5 Fin,440,,,45,No Data,6,140,2,,Single,,,,
210001,1,10,1972,1648.00,Average,1,6,54,3.50,Conc 8in,11,3,Average,1.5 Fin,1204,1,,32,1.5 Sty,4,796,1,,Single,1096,,,
210002,1,8,2004,2226.00,Good,1,3,22,3.75,Conc 8in,16,4,Average,2 Story,1432,1,1,18,Contemp,4,132,1,,Single,607,,,
210003,1,11,1985,3422.00,Good,1,6,41,4.25,Conc 8in,20,6,Average,2 Story,1276,5,,26,Contemp,4,584,1,,Single,626,,,
210004,1,5,1972,1103.00,Good,1,4,25,4.00,Conc 8in,8,2,Good,BiLev (SF),900,1,,13,Contemp,4,480,1,,Single,900,,,
210005,1,8,1967,2146.00,Average,1,4,59,3.25,No Data,11,3,Average,2 Story,,,,34,Contemp,,465,1,10,Single,,,,
2100051,1,6,2007,2104.00,Good,1,4,19,3.50,Conc 8in,10,2,Avg/Good,1.5 Fin,1344,1,1,14,1.5 Sty,4,504,1,,Single,1344,,,
210006,1,3,1966,1758.00,Average,1,3,60,3.25,WoodFrame,15,3,Avg/Good,1 Story,1554,1,1,28,Contemp,4,465,1,,Single,1050,,,
210007,1,8,1971,2089.00,Average,1,4,55,3.50,Conc 8in,13,3,Avg/Good,2 Story,1209,1,1,26,Contemp,4,266,1,,Single,1209,,,
210008,1,6,1966,1856.00,Average,1,4,60,3.50,Conc 8in,11,3,Avg/Good,2 Story,700,,,28,Contemp,4,1014,1,,Single,646,560,,
210009,1,6,1978,1849.00,Average,1,4,48,3.00,Conc 8in,10,2,Average,2.5 Fin,714,,1,29,Contemp,2,320,1,,Single,432,,,
210010,1,6,1964,916.00,Good,1,4,30,4.00,Conc 8in,8,2,Good,1 Story,700,,,14,Contemp,4,436,1,,Single,656,,,
210011,1,6,1979,2300.00,Average,1,4,47,4.00,Conc 8in,11,3,Average,1.5 Fin,716,1,,29,1.5 Sty,3,742,1,,Single,656,,,
210012,1,4,1970,896.00,Average,1,3,56,3.00,Conc 8in,8,2,Average,1 Story,896,,,33,Ranch,4,667,1,,Single,836,,,
210013,1,9,1978,3542.00,Average,1,4,48,4.00,Conc 8in,15,3,Avg/Good,2 Story,1459,1,1,24,Two Story,4,852,1,,Single,868,672,,
210014,1,7,2004,2416.00,Good,1,4,22,4.25,Conc 8in,17,5,Avg/Good,2 Story,728,1,,15,Contemp,4,872,1,,Single,684,,,
210015,1,10,1966,1974.00,Average,1,5,50,4.00,Conc 8in,11,3,Good,1 Story,1968,2,,20,Contemp,4,1285,1,,Single,1908,,,
210016,1,5,2003,2362.00,Good,1,3,23,4.00,Conc 8in,13,3,Good,1.5 Fin,1411,2,1,12,Contemp,4,580,1,,Single,1283,,,
210017,1,7,1976,2758.00,Average,1,4,50,3.50,Conc 8in,14,4,Average,Split,441,2,,30,Contemp,3,473,1,,Single,361,288,,
210018,1,8,1967,2428.00,Average,1,4,50,3.50,No Data,11,3,Average,2 Story,,2,,30,Contemp,,351,1,,Single,,,,
210019,1,8,1981,2756.00,Average,1,4,45,3.50,Conc 8in,13,3,Average,2.5 Fin,540,,1,28,Contemp,1,945,1,5,Single,,432,,
210020,1,5,1974,1318.00,Average,1,4,,3.25,Conc 8in,8,2,Average,1 Story,1050,1,,25,BiLevel,4,200,1,,Single,954,,,
210021,1,6,2011,2253.00,Good,1,4,15,3.50,Conc 8in,13,3,Average,2 Story,1533,1,1,15,Contemp,4,509,1,,Single,1237,,,
210022,1,8,1971,1196.00,Good,1,4,55,3.50,Conc 8in,13,3,Avg/Good,2 Story,1086,1,1,26,Contemp,4,548,1,,Single,1893,,,
210023,1,13,1969,2476.00,Average,1,6,57,3.50,Conc 8in,13,3,Average,1.5 Fin,1976,,1,33,1.5 Sty,4,365,1,,Single,1770,,,
210024,1,7,1981,2386.00,Average,1,5,45,3.50,No Data,13,3,Avg/Good,2.5 Fin,,1,1,23,2.5 Story,,96,1,,Single,,,,
210025,1,7,1981,2008.00,Average,2,6,45,3.50,Conc 8in,13,3,Average,1.5 Fin,1200,1,1,28,1.5 Sty,4,404,1,,Single,1200,288,,
210026,1,13,1971,2064.00,Average,1,6,55,3.50,Conc 8in,16,4,Average,1 Story,2040,1,,32,Contemp,4,1000,2,,Single,2040,480,,
210027,1,8,1976,1192.00,Average,1,4,50,3.25,WoodFrame,8,2,Average,2 Story,592,,,30,Contemp,4,498,1,,Single,592,,,
210028,1,8,1992,1912.00,Average,1,4,34,3.50,Conc 8in,11,3,Average,2 Story,958,,,23,Contemp,4,896,1,,Single,881,528,,
210029,1,3,1979,1873.00,Average,1,1,47,3.50,No Data,10,2,Avg/Good,1.5 Fin,,2,1,23,Contemp,,1246,1,,Single,,,,
210030,1,12,1967,1938.00,Average,1,6,59,3.50,Conc 8in,14,5,Avg/Good,2 Story,1116,1,,28,Contemp,5,130,2,,Single,1084,322,,
210031,1,15,1983,2977.00,Average,1,9,43,3.50,Conc 8in,13,4,Average,2.5 Fin,1147,1,1,27,Contemp,5,1327,2,,Single,827,528,,
210032,1,7,1968,1693.00,Average,1,5,58,3.50,Conc 8in,11,3,Average,1 Story,1595,1,,34,Contemp,4,181,1,,Single,1535,,,
210033,1,7,1970,2253.00,Good,1,3,56,5.00,Conc 8in,13,3,Good,2.5 Fin,336,1,1,22,Contemp,3,573,1,,Single,336,534,,
210034,1,7,2002,1560.00,Good,1,4,24,4.25,Conc 8in,11,3,Avg/Good,1 Story,1328,2,,16,Contemp,4,905,1,,Single,1300,480,,
210035,1,8,1979,2891.00,Average,1,4,47,4.00,Conc 8in,21,4,Good,1.5 Fin,835,2,2,19,Contemp,4,831,1,,Single,507,,,
210036,1,7,1967,1155.00,Average,1,5,59,3.25,Conc 8in,11,3,Average,1 Story,1171,,,34,Contemp,4,828,1,,Single,1171,297,,
210037,1,4,1970,1516.00,Average,1,2,56,3.25,No Data,8,2,Avg/Good,1.5 Fin,,1,,26,Contemp,,589,1,,Single,,,,
210038,1,4,1977,1175.00,Average,1,4,49,3.25,Conc 8in,10,2,Avg/Good,1 Story,999,2,1,24,Contemp,4,350,1,,Single,954,420,,
210039,1,4,1972,1318.00,Average,1,3,54,3.25,Conc 8in,11,9,Average,1 Story,1814,1,,32,Contemp,4,874,1,,Single,1754,,,
210040,1,8,2005,2924.00,Good,1,2,21,4.00,Conc 6in,8,2,Average,2 Story,324,1,,18,Contemp,,360,1,,Single,,,,
210041,1,8,1994,2416.00,Good,1,5,32,4.00,Conc 8in,13,3,Average,1.5 Fin,2030,1,1,22,Contemp,4,972,1,,Single,1931,,,
210042,1,8,2023,1642.00,Good,1,3,3,3.50,Conc 8in,13,3,Average,1 Story,1642,1,1,3,One Story,4,440,1,,Single,1642,,,
210043,1,6,2013,2586.00,Good,1,3,13,3.50,Conc 8in,14,3,Average,2 Story,1452,,1,13,Contemp,4,432,1,,Single,960,784,,
210044,1,,,,No Data,,,,,No Data,,,No Data | Sketch not available.,No Data,,,,,No Data,,,,,No Data,,,,
221001,1,5,1966,1757.00,Average,1,5,60,3.50,Conc 8in,12,3,Avg/Good,1 Story,1714,,,28,Contemp,4,856,1,,Single,1064,672,,
221002,1,7,1966,918.00,Average,1,3,60,3.00,Conc 8in,8,2,Average,1 Story,918,,,35,Contemp,4,364,1,,Single,882,,,
221003,1,8,1969,1030.00,Average,1,4,57,3.00,Conc 8in,10,2,Average,1 Story,720,1,2,33,Contemp,5,200,1,,Single,620,,,
221004,1,12,1971,2362.00,Average,1,4,55,3.25,Conc 8in,11,2,Average,1.5 Fin,1205,1,1,26,1.5 Sty,,606,1,,Single,,,,
221005,1,8,2019,2016.00,Good,1,3,7,3.00,Conc 8in,11,3,Average,2 Story,1008,,,7,Two Story,,381,1,,Single,,,,
2210051,1,,,,No Data,,,,,No Data,,,No Data | Sketch not available.,No Data,,,,,No Data,,,,,No Data,,,,
221006,1,9,1977,1414.00,Good,1,5,49,3.00,Conc 8in,8,3,Fair,1.5 Fin,792,,,44,1.5 Sty,5,1114,1,,Single,792,864,,
221007,1,,,,No Data,,,,,No Data,,,No Data | Sketch not available.,No Data,,,,,No Data,,,,,No Data,,,,
221008,1,6,1971,1831.00,Average,1,4,55,4.00,Conc 8in,11,3,Good,1.5 Fin,304,1,,22,1.5 Sty,2,27,1,,Single,304,,,
221009,1,9,1971,2392.00,Good,1,3,50,4.00,No Data,14,4,Good,1.5 Fin,,1,,20,Saltbox,,60,1,,Single,,552,,
221010,1,7,2004,1552.00,Good,1,4,22,4.00,Conc 8in,16,4,Avg/Good,1.5 Fin,896,1,,15,1.5 Sty,4,568,1,,Single,796,,,
221011,1,,,,No Data,,,,,No Data,,,No Data | Sketch not available.,No Data,,,,,No Data,,,,,No Data,,,,
250000,1,,,,No Data,,,,,No Data,,,No Data | Sketch not available.,No Data,,,,,No Data,,,,,No Data,,,,
250010,1,,,,No Data,,,,,No Data,,,No Data | Sketch not available.,No Data,,,,,No Data,,,,,No Data,,,,
250011,1,,,,No Data,,,,,No Data,,,No Data | Sketch not available.,No Data,,,,,No Data,,,,,No Data,,,,
250020,1,,,,No Data,,,,,No Data,,,No Data | Sketch not available.,No Data,,,,,No Data,,,,,No Data,,,,
301001,1,6,1964,1204.00,No Data,,3,,5.00,No Data,,2,Average,No Data,,,,,No Data,4,350,,5,No Data,,,,
301002,1,6,1964,1176.00,No Data,,3,,5.00,No Data,,2,Good,No Data,392,,,,No Data,1,196,,5,No Data,392,,,
301003,1,5,1964,1120.00,No Data,,2,,5.00,No Data,,1,Good,No Data,,,,,No Data,,165,,5,No Data,,,,
301004,1,5,1964,1120.00,No Data,,2,,5.00,No Data,,1,Average,No Data,,,,,No Data,,238,,5,No Data,,,,
301005,1,6,1964,1064.00,No Data,,3,,5.00,No Data,,2,Average,No Data,,,,,No Data,4,280,,5,No Data,,,,
301006,1,6,1964,1176.00,No Data,,3,,5.00,No Data,,2,Average,No Data,,,,,No Data,4,,,5,No Data,,,,
301007,1,4,1964,1120.00,No Data,,2,,5.00,No Data,,2,Average,No Data,,,,,No Data,,311,,5,No Data,,,,
301008,1,5,1964,1120.00,No Data,,2,,5.00,No Data,,2,Average,No Data,,,,,No Data,,436,,5,No Data,,,,
301009,1,4,1964,1246.00,No Data,,3,,5.00,No Data,,2,Average,No Data,,,,,No Data,,434,,5,No Data,,,,
301010,1,6,1964,1274.00,No Data,,3,,5.00,No Data,,2,Good,No Data,,,,,No Data,4,448,,5,No Data,,,,
302001,1,8,1969,2160.00,No Data,,3,,5.00,No Data,8,2,Average,No Data,,2,,,No Data,,288,,5,No Data,,,,
302002,1,6,1969,2056.00,No Data,,3,,5.00,No Data,13,2,Avg/Good,No Data,,2,,,No Data,,288,,5,No Data,,,,
302003,1,7,1969,2056.00,No Data,,3,,5.00,No Data,8,2,Average,No Data,,2,,,No Data,,288,,5,No Data,,,,
302004,1,7,1969,1776.00,No Data,,3,,5.00,No Data,8,2,Average,No Data,,2,,,No Data,,288,,5,No Data,,,,
302005,1,7,1970,2296.00,No Data,,3,,5.00,No Data,8,2,Average,No Data,,2,,,No Data,4,400,,5,No Data,,,,
302006,1,8,1970,1776.00,No Data,,3,,5.00,No Data,8,2,Average,No Data,,2,,,No Data,,,,5,No Data,,,,
302007,1,7,1970,2056.00,No Data,,3,,5.00,No Data,11,3,Average,No Data,,2,,,No Data,,260,,5,No Data,,,,
302008,1,7,1970,2056.00,No Data,,4,,5.00,No Data,8,2,Average,No Data,,2,,,No Data,,260,,5,No Data,,,,
302009,1,7,1970,2104.00,No Data,,3,,5.00,No Data,11,3,Average,No Data,,2,,,No Data,,260,,5,No Data,,,,
302010,1,10,1970,1776.00,No Data,,3,,5.00,No Data,8,2,Very Good,No Data,,2,,,No Data,,,,5,No Data,,,,
302011,1,10,1971,2056.00,No Data,,3,,5.00,No Data,8,2,Average,No Data,,2,,,No Data,,144,,5,No Data,,,,
302012,1,10,1971,1776.00,No Data,,3,,5.00,No Data,8,2,Average,No Data,,2,,,No Data,,,,5,No Data,,,,
302013,1,8,1971,2056.00,No Data,,3,,5.00,No Data,8,2,Average,No Data,,2,,,No Data,,,,5,No Data,,,,
302014,1,8,1971,2056.00,No Data,,3,,5.00,No Data,11,3,Average,No Data,,2,,,No Data,,,,5,No Data,,,,
302015,1,10,1971,2056.00,No Data,,3,,5.00,No Data,8,2,Average,No Data,,2,,,No Data,,,,5,No Data,,,,
302016,1,8,1972,1776.00,No Data,,3,,5.00,No Data,12,3,Average,No Data,,2,,,No Data,,,,5,No Data,,,,
302017,1,8,1972,1776.00,No Data,,3,,5.00,No Data,13,3,Avg/Good,No Data,,2,,,No Data,,,,5,No Data,,,,
302018,1,8,1972,2100.00,No Data,,3,,5.00,No Data,8,2,Average,No Data,,2,,,No Data,,160,,5,No Data,,,,
302019,1,8,1972,1776.00,No Data,,3,,5.00,No Data,8,2,Average,No Data,,2,,,No Data,,,,5,No Data,,,,
302020,1,8,1972,2056.00,No Data,,3,,5.00,No Data,8,2,Average,No Data,,2,,,No Data,,,,5,No Data,,,,
303001,1,5,1969,1030.00,No Data,,2,,5.00,No Data,,2,Average,No Data,,,,,No Data,,,,5,No Data,,,,
303002,1,5,1969,1352.00,No Data,,3,,5.00,No Data,,3,Average,No Data,,,,,No Data,,,,5,No Data,,,,
303003,1,5,1969,1352.00,No Data,,3,,5.00,No Data,,3,Average,No Data,,1,,,No Data,,,,5,No Data,,,,
303004,1,5,1969,2016.00,No Data,,2,,5.00,No Data,,3,Average,No Data,,2,,,No Data,,,,3,No Data,,,,
303005,1,4,1969,1188.00,No Data,,2,,5.00,No Data,,3,Average,No Data,,1,,,No Data,,,,5,No Data,,,,
303006,1,4,1969,1188.00,No Data,,2,,5.00,No Data,,3,Average,No Data,,,,,No Data,,,,5,No Data,,,,
303007,1,7,1969,1766.00,No Data,,3,,5.00,No Data,,3,Average,No Data,,1,,,No Data,,,,5,No Data,,,,
303008,1,6,1969,1670.00,No Data,,4,,5.00,No Data,,3,Fair/Avg,No Data,,1,,,No Data,,,,5,No Data,,,,
304001,1,7,1970,1098.00,No Data,,4,,5.00,No Data,,2,Average,No Data,,,,,No Data,,328,,2,No Data,,,,
304002,1,7,1970,1098.00,No Data,,4,,5.00,No Data,,2,Average,No Data,,,,,No Data,,328,,2,No Data,,,,
304003,1,7,1970,1098.00,No Data,,4,,5.00,No Data,,2,Average,No Data,,,,,No Data,,328,,2,No Data,,,,
304004,1,7,1970,1098.00,No Data,,4,,5.00,No Data,,2,Average,No Data,,,,,No Data,,328,,2,No Data,,,,
304005,1,7,1970,1098.00,No Data,,4,,5.00,No Data,,2,Average,No Data,,,,,No Data,,328,,2,No Data,,,,
304006,1,7,1970,1098.00,No Data,,4,,5.00,No Data,,2,Average,No Data,,,,,No Data,,324,,2,No Data,,,,
304007,1,7,1970,1098.00,No Data,,4,,5.00,No Data,,2,Average,No Data,,,,,No Data,,328,,2,No Data,,,,
304008,1,7,1970,1098.00,No Data,,4,,5.00,No Data,,2,Average,No Data,,,,,No Data,,328,,2,No Data,,,,
304009,1,7,1970,1098.00,No Data,,4,,5.00,No Data,,2,Average,No Data,,,,,No Data,,328,,2,No Data,,,,
304010,1,7,1970,1098.00,No Data,,4,,5.00,No Data,,2,Average,No Data,,,,,Condo,,328,,2,No Data,,,,
304011,1,7,1970,1102.00,No Data,,4,,5.00,No Data,,2,Average,No Data,,,,,No Data,,,,8,No Data,,,,
304012,1,4,1970,551.00,No Data,,2,,5.00,No Data,,1,Average,No Data,,,,,No Data,,,,5,No Data,,,,
304013,1,4,1971,551.00,No Data,,2,,5.00,No Data,,1,Average,No Data,,,,,No Data,,,,5,No Data,,,,
304014,1,5,1971,880.00,No Data,,3,,5.00,No Data,,2,Average,No Data,,,,,No Data,,,,5,No Data,,,,
304015,1,5,1971,880.00,No Data,,3,,5.00,No Data,,2,Average,No Data,,,,,No Data,,,,5,No Data,,,,
304016,1,7,1971,1102.00,No Data,,4,,5.00,No Data,,2,Very Good,No Data,,,,,No Data,,,,8,No Data,,,,
304017,1,7,1971,1102.00,No Data,,4,,5.00,No Data,,2,Average,No Data,,,,,No Data,,,,8,No Data,,,,
304018,1,5,1971,880.00,No Data,,3,,5.00,No Data,,2,Average,No Data,,,,,No Data,,,,5,No Data,,,,
304019,1,6,1971,880.00,No Data,,3,,5.00,No Data,,2,Avg/Good,No Data,,,,,No Data,,,,5,No Data,,,,
304020,1,7,1971,1102.00,No Data,,4,,5.00,No Data,,2,Average,No Data,,,,,No Data,,,,8,No Data,,,,
304021,1,5,1973,816.00,No Data,,2,,5.00,No Data,,2,Average,No Data,,,,,No Data,,,,5,No Data,,,,
304022,1,5,1973,816.00,No Data,,3,,5.00,No Data,,2,Average,No Data,,,,,No Data,,,,5,No Data,,,,
304023,1,5,1973,816.00,No Data,,3,,5.00,No Data,,2,Average,No Data,,,,,No Data,,,,5,No Data,,,,
304024,1,5,1973,816.00,No Data,,3,,5.00,No Data,,2,Average,No Data,,,,,No Data,,,,5,No Data,,,,
304025,1,5,1973,816.00,No Data,,3,,5.00,No Data,,2,Average,No Data,,,,,No Data,,,,5,No Data,,,,
304026,1,5,1973,816.00,No Data,,3,,5.00,No Data,,2,Average,No Data,,,,,No Data,,,,5,No Data,,,,
304027,1,5,1973,816.00,No Data,,3,,5.00,No Data,,2,Average,No Data,,,,,No Data,,,,5,No Data,,,,
304028,1,5,1973,816.00,No Data,,3,,5.00,No Data,,2,Average,No Data,,,,,Condo,,,,5,No Data,,,,
304029,1,5,1973,816.00,No Data,,3,,5.00,No Data,,2,Average,No Data,,,,,No Data,,,,5,No Data,,,,
304030,1,5,1973,816.00,No Data,,3,,5.00,No Data,,2,Average,No Data,,,,,No Data,,,,5,No Data,,,,
304031,1,5,1973,816.00,No Data,,3,,5.00,No Data,,2,Average,No Data,,,,,No Data,,,,5,No Data,,,,
304032,1,5,1973,816.00,No Data,,3,,5.00,No Data,,2,Average,No Data,,,,,Condo,,,,5,No Data,,,,
304033,1,5,1973,816.00,No Data,,3,,5.00,No Data,,2,Average,No Data,,,,,No Data,,,,5,No Data,,,,
304034,1,5,1972,816.00,No Data,,3,,5.00,No Data,,2,Average,No Data,,,,,No Data,,,,5,No Data,,,,
304035,1,5,1972,816.00,No Data,,3,,5.00,No Data,,2,Average,No Data,,,,,No Data,,,,5,No Data,,,,
304036,1,5,1972,816.00,No Data,,3,,5.00,No Data,,2,Average,No Data,,,,,Condo,,264,,5,No Data,,,,
304037,1,4,1974,768.00,No Data,,2,,5.00,No Data,,1,Average,No Data,,,,,No Data,,216,,5,No Data,,,,
304038,1,6,1974,768.00,No Data,,4,,5.00,No Data,,2,Average,No Data,384,,,,Condo,4,310,,5,No Data,384,,,
304039,1,4,1974,768.00,No Data,,2,,5.00,No Data,,1,Average,No Data,,,,,No Data,,216,,5,No Data,,,,
304040,1,4,1974,768.00,No Data,,2,,5.00,No Data,,1,Average,No Data,,,,,No Data,,,,5,No Data,,,,
304041,1,6,1974,768.00,No Data,,4,,5.00,No Data,,2,Average,No Data,384,,,,No Data,4,,,5,No Data,384,,,
304047,1,4,1974,768.00,No Data,,2,,5.00,No Data,,1,Average,No Data,,,,,No Data,,216,,5,No Data,,,,
304048,1,6,1974,768.00,No Data,,4,,5.00,No Data,,2,Good,No Data,384,,,,No Data,4,372,,5,No Data,384,,,
304049,1,4,1974,768.00,No Data,,2,,5.00,No Data,,1,Average,No Data,,,,,No Data,,216,,5,No Data,,,,
304050,1,4,1974,768.00,No Data,,2,,5.00,No Data,,1,Average,No Data,,,,,Condo,,216,,5,No Data,,,,
304051,1,6,1974,768.00,No Data,,4,,5.00,No Data,,2,Average,No Data,384,,,,No Data,4,552,,5,No Data,384,,,
304052,1,4,1974,768.00,No Data,,2,,5.00,No Data,,1,Average,No Data,,,,,No Data,,216,,5,No Data,,,,
304053,1,4,1974,768.00,No Data,,2,,5.00,No Data,,1,Average,No Data,,,,,No Data,,216,,5,No Data,,,,
304054,1,4,1974,768.00,No Data,,2,,5.00,No Data,,1,Average,No Data,,,,,No Data,,216,,5,No Data,,,,
304055,1,4,1974,768.00,No Data,,3,,5.00,No Data,,1,Average,No Data,,,,,No Data,,372,,4,No Data,,,,
304056,1,6,1974,768.00,No Data,,4,,5.00,No Data,,2,Average,No Data,384,,,,No Data,4,372,,5,No Data,384,,,
304057,1,6,1974,768.00,No Data,,4,,5.00,No Data,,2,Average,No Data,384,,,,No Data,4,372,,5,No Data,384,,,
304058,1,6,1974,768.00,No Data,,4,,5.00,No Data,,2,Good,No Data,384,,,,Condo,4,372,,4,No Data,384,,,
305003,1,7,1973,1390.00,No Data,,3,,5.00,No Data,,2,Avg/Good,No Data,,,,,No Data,,,,5,No Data,,,,
305004,1,6,1973,1050.00,No Data,,2,,5.00,No Data,,2,Fair/Avg,No Data,,,,,No Data,,,,5,No Data,,,,
305005,1,5,1973,850.00,No Data,,2,,5.00,No Data,,1,Average,No Data,,,,,No Data,,,,5,No Data,,,,
305006,1,6,1973,1050.00,No Data,,2,,5.00,No Data,,2,Average,No Data,,,,,No Data,,,,5,No Data,,,,
305007,1,5,1973,850.00,No Data,,2,,5.00,No Data,,1,Average,No Data,,,,,No Data,,,,5,No Data,,,,
305008,1,4,1973,867.00,No Data,,1,,5.00,No Data,,1,Average,No Data,,,,,No Data,,,,5,No Data,,,,
305009,1,4,1973,550.00,No Data,,1,,5.00,No Data,,1,Average,No Data,,,,,No Data,,,,5,No Data,,,,
305010,1,4,1973,550.00,No Data,,1,,5.00,No Data,,1,Average,No Data,,,,,No Data,,,,5,No Data,,,,
305011,1,7,1973,1300.00,No Data,,3,,5.00,No Data,,2,Average,No Data,,,,,No Data,,,,5,No Data,,,,
305012,1,5,1973,900.00,No Data,,2,,5.00,No Data,,2,Good,No Data,,,,,No Data,,,,5,No Data,,,,
305013,1,5,1973,900.00,No Data,,2,,5.00,No Data,,2,Average,No Data,,,,,No Data,,,,5,No Data,,,,
305014,1,6,1973,1050.00,No Data,,2,,5.00,No Data,,2,Average,No Data,,,,,No Data,,,,5,No Data,,,,
305015,1,5,1973,850.00,No Data,,2,,5.00,No Data,,1,Average,No Data,,,,,No Data,,,,5,No Data,,,,
305016,1,6,1973,1140.00,No Data,,2,,5.00,No Data,,2,Fair/Avg,No Data,,,,,No Data,,,,4,No Data,,,,
305017,1,5,1973,850.00,No Data,,2,,5.00,No Data,,1,Average,No Data,,,,,No Data,,,,5,No Data,,,,
305018,1,4,1973,750.00,No Data,,1,,5.00,No Data,,1,Average,No Data,,,,,No Data,,,,5,No Data,,,,
305019,1,4,1973,550.00,No Data,,1,,5.00,No Data,,1,Average,No Data,,,,,No Data,,,,5,No Data,,,,
305020,1,4,1973,550.00,No Data,,1,,5.00,No Data,,1,Average,No Data,,,,,No Data,,,,5,No Data,,,,
305021,1,7,1973,1300.00,No Data,,3,,5.00,No Data,,2,Average,No Data,,,,,No Data,,,,5,No Data,,,,
305022,1,5,1973,900.00,No Data,,2,,5.00,No Data,,2,Average,No Data,,,,,No Data,,,,5,No Data,,,,
305023,1,5,1973,900.00,No Data,,2,,5.00,No Data,,2,Average,No Data,,,,,No Data,,,,5,No Data,,,,
305024,1,6,1973,1050.00,No Data,,2,,5.00,No Data,,2,Average,No Data,,,,,No Data,,,,5,No Data,,,,
305025,1,5,1973,850.00,No Data,,2,,5.00,No Data,,1,Good,No Data,,,,,No Data,,,,5,No Data,,,,
305026,1,6,1973,1050.00,No Data,,2,,5.00,No Data,,2,Average,No Data,,,,,No Data,,,,5,No Data,,,,
305027,1,5,1973,850.00,No Data,,2,,5.00,No Data,,1,Average,No Data,,,,,No Data,,,,5,No Data,,,,
305028,1,7,1973,1300.00,No Data,,3,,5.00,No Data,,2,Average,No Data,,,,,No Data,,,,5,No Data,,,,
305029,1,7,1973,1300.00,No Data,,3,,5.00,No Data,,2,Average,No Data,,,,,No Data,,,,5,No Data,,,,
305030,1,6,1973,1050.00,No Data,,2,,5.00,No Data,,2,Average,No Data,,,,,No Data,,,,5,No Data,,,,
305031,1,5,1973,850.00,No Data,,2,,5.00,No Data,,1,Average,No Data,,,,,No Data,,,,5,No Data,,,,
305032,1,6,1973,1050.00,No Data,,2,,5.00,No Data,,2,Average,No Data,,,,,No Data,,,,5,No Data,,,,
305033,1,5,1973,850.00,No Data,,2,,5.00,No Data,,1,Average,No Data,,,,,No Data,,,,5,No Data,,,,
305034,1,4,1973,750.00,No Data,,1,,5.00,No Data,,1,Average,No Data,,,,,No Data,,,,5,No Data,,,,
305035,1,4,1973,550.00,No Data,,1,,5.00,No Data,,1,Average,No Data,,,,,No Data,,,,5,No Data,,,,
305036,1,4,1973,550.00,No Data,,1,,5.00,No Data,,1,Average,No Data,,,,,No Data,,,,5,No Data,,,,
305037,1,7,1973,1300.00,No Data,,3,,5.00,No Data,,2,Average,No Data,,,,,No Data,,,,5,No Data,,,,
305038,1,5,1973,900.00,No Data,,2,,5.00,No Data,,2,Average,No Data,,,,,No Data,,,,5,No Data,,,,
305039,1,5,1973,900.00,No Data,,2,,5.00,No Data,,2,Good,No Data,,,,,No Data,,,,5,No Data,,,,
305040,1,6,1973,1131.00,No Data,,2,,5.00,No Data,,2,Average,No Data,,,,,No Data,,,,5,No Data,,,,
305041,1,5,1973,850.00,No Data,,2,,5.00,No Data,,1,Average,No Data,,,,,No Data,,,,5,No Data,,,,
305042,1,6,1973,1131.00,No Data,,2,,5.00,No Data,,2,Average,No Data,,,,,No Data,,,,5,No Data,,,,
305043,1,5,1973,850.00,No Data,,2,,5.00,No Data,,1,Average,No Data,,,,,No Data,,,,5,No Data,,,,
305044,1,4,1973,750.00,No Data,,1,,5.00,No Data,,1,Average | Sketch not available.,No Data,,,,,No Data,,,,5,No Data,,,,
305045,1,4,1973,550.00,No Data,,1,,5.00,No Data,,1,Average | Sketch not available.,No Data,,,,,No Data,,,,5,No Data,,,,
305046,1,4,1973,550.00,No Data,,1,,5.00,No Data,,1,Average | Sketch not available.,No Data,,,,,No Data,,,,5,No Data,,,,
305047,1,7,1973,1300.00,No Data,,3,,5.00,No Data,,2,Average,No Data,,,,,No Data,,,,5,No Data,,,,
305048,1,5,1973,900.00,No Data,,2,,5.00,No Data,,2,Average,No Data,,,,,No Data,,,,5,No Data,,,,
305049,1,5,1973,900.00,No Data,,2,,5.00,No Data,,2,Average,No Data,,,,,No Data,,,,5,No Data,,,,
305050,1,6,1973,1131.00,No Data,,2,,5.00,No Data,,2,Average,No Data,,,,,No Data,,,,5,No Data,,,,
305051,1,5,1973,850.00,No Data,,2,,5.00,No Data,,1,Average,No Data,,,,,No Data,,,,5,No Data,,,,
305052,1,6,1973,1050.00,No Data,,2,,5.00,No Data,,2,Average,No Data,,,,,No Data,,,,5,No Data,,,,
305053,1,5,1973,850.00,No Data,,2,,5.00,No Data,,1,Average,No Data,,,,,No Data,,,,5,No Data,,,,
305054,1,7,1973,1396.00,No Data,,3,,5.00,No Data,,2,Avg/Good,No Data,,,,,No Data,,,,5,No Data,,,,
305055,1,7,1975,1300.00,No Data,,3,,5.00,No Data,8,2,Average,No Data,,,,,No Data,,84,,5,No Data,,,,
305056,1,6,1975,1140.00,No Data,,2,,5.00,No Data,8,2,Average,No Data,,,,,No Data,,,,4,No Data,,,,
305057,1,5,1975,850.00,No Data,,2,,5.00,No Data,5,1,Good,No Data,,,,,No Data,,,,5,No Data,,,,
305058,1,6,1975,1050.00,No Data,,2,,5.00,No Data,8,2,Average,No Data,,,,,No Data,,,,5,No Data,,,,
305059,1,5,1975,850.00,No Data,,2,,5.00,No Data,5,1,Average,No Data,,,,,No Data,,,,5,No Data,,,,
305060,1,6,1975,1150.00,No Data,,3,,5.00,No Data,8,2,Excellent,No Data,,,,,No Data,,,,5,No Data,,,,
305061,1,5,1975,850.00,No Data,,2,,5.00,No Data,5,1,Average,No Data,,,,,No Data,,,,5,No Data,,,,
305062,1,7,1975,1400.00,No Data,,3,,5.00,No Data,8,2,Good,No Data,,,,,No Data,,,,5,No Data,,,,
305063,1,5,1975,900.00,No Data,,2,,5.00,No Data,8,2,Average,No Data,,,,,No Data,,,,5,No Data,,,,
305064,1,5,1975,900.00,No Data,,2,,5.00,No Data,8,2,Average,No Data,,,,,No Data,,,,5,No Data,,,,
305065,1,7,1975,1300.00,No Data,,3,,5.00,No Data,8,2,Average,No Data,,,,,No Data,,,,5,No Data,,,,
305066,1,5,1976,900.00,No Data,,2,,5.00,No Data,8,2,Average,No Data,,,,,No Data,,,,5,No Data,,,,
305067,1,5,1976,900.00,No Data,,2,,5.00,No Data,8,2,Good,No Data,,,,,No Data,,,,5,No Data,,,,
305068,1,6,1976,1050.00,No Data,,2,,5.00,No Data,8,2,Average,No Data,,,,,No Data,,,,5,No Data,,,,
305069,1,5,1976,850.00,No Data,,2,,5.00,No Data,5,1,Average,No Data,,,,,No Data,,,,5,No Data,,,,
305070,1,6,1976,1200.00,No Data,,2,,5.00,No Data,8,2,Average,No Data,,,,,No Data,,,,5,No Data,,,,
305071,1,5,1976,850.00,No Data,,2,,5.00,No Data,5,1,Average,No Data,,,,,No Data,,,,5,No Data,,,,
305072,1,7,1976,1300.00,No Data,,3,,5.00,No Data,8,2,Very Good,No Data,,,,,No Data,,,,5,No Data,,,,
305073,1,5,1976,900.00,No Data,,2,,5.00,No Data,8,2,Average,No Data,,,,,No Data,,,,5,No Data,,,,
305074,1,5,1976,900.00,No Data,,2,,5.00,No Data,8,2,Average,No Data,,,,,No Data,,,,5,No Data,,,,
305075,1,7,1976,1300.00,No Data,,3,,5.00,No Data,10,2,Avg/Good,No Data,,,,,No Data,,,,5,No Data,,,,
305076,1,5,1976,900.00,No Data,,2,,5.00,No Data,8,2,Average,No Data,,,,,No Data,,,,5,No Data,,,,
305077,1,5,1976,900.00,No Data,,2,,5.00,No Data,8,2,Good,No Data,,,,,No Data,,,,5,No Data,,,,
305078,1,6,1976,1070.00,No Data,,3,,5.00,No Data,8,2,Good,No Data,,,,,No Data,,,,6,No Data,,,,
305079,1,5,1976,850.00,No Data,,2,,5.00,No Data,5,1,Average,No Data,,,,,No Data,,,,5,No Data,,,,
305080,1,7,1976,1170.00,No Data,,3,,5.00,No Data,8,2,Good,No Data,,,,,No Data,,,,6,No Data,,,,
305081,1,5,1976,850.00,No Data,,2,,5.00,No Data,5,1,Average,No Data,,,,,No Data,,,,5,No Data,,,,
305082,1,7,1976,1300.00,No Data,,3,,5.00,No Data,8,2,Average,No Data,,,,,No Data,,,,5,No Data,,,,
305083,1,5,1976,900.00,No Data,,2,,5.00,No Data,8,2,Average,No Data,,,,,No Data,,,,5,No Data,,,,
305084,1,5,1976,900.00,No Data,,2,,5.00,No Data,8,2,Average,No Data,,,,,No Data,,,,5,No Data,,,,
305085,1,7,1976,1300.00,No Data,,3,,5.00,No Data,8,2,Avg/Good,No Data,,,,,No Data,,,,5,No Data,,,,
305086,1,5,1976,900.00,No Data,,2,,5.00,No Data,8,2,Average,No Data,,,,,No Data,,,,5,No Data,,,,
305087,1,5,1976,900.00,No Data,,2,,5.00,No Data,8,2,Average,No Data,,,,,No Data,,,,5,No Data,,,,
305088,1,6,1976,1050.00,No Data,,2,,5.00,No Data,8,2,Average,No Data,,,,,No Data,,,,5,No Data,,,,
305089,1,5,1976,850.00,No Data,,2,,5.00,No Data,5,1,Avg/Good,No Data,,,,,No Data,,,,5,No Data,,,,
305090,1,6,1976,1170.00,No Data,,3,,5.00,No Data,8,2,Good,No Data,,,,,No Data,,,,6,No Data,,,,
305091,1,5,1976,850.00,No Data,,2,,5.00,No Data,5,1,Average,No Data,,,,,No Data,,,,5,No Data,,,,
305092,1,7,1976,1300.00,No Data,,3,,5.00,No Data,8,2,Average,No Data,,,,,No Data,,,,5,No Data,,,,
305093,1,5,1976,900.00,No Data,,2,,5.00,No Data,8,2,Average,No Data,,,,,No Data,,,,5,No Data,,,,
305094,1,5,1976,900.00,No Data,,2,,5.00,No Data,8,2,Average,No Data,,,,,No Data,,,,5,No Data,,,,
305095,1,7,1976,1300.00,No Data,,3,,5.00,No Data,8,2,Average,No Data,,,,,No Data,,,,5,No Data,,,,
305096,1,5,1976,900.00,No Data,,2,,5.00,No Data,8,2,Good,No Data,,,,,No Data,,,,5,No Data,,,,
305097,1,5,1976,900.00,No Data,,2,,5.00,No Data,8,2,Average,No Data,,,,,No Data,,,,5,No Data,,,,
305098,1,6,1976,1050.00,No Data,,2,,5.00,No Data,8,2,Average,No Data,,,,,No Data,,,,5,No Data,,,,
305099,1,5,1976,850.00,No Data,,2,,5.00,No Data,5,1,Average,No Data,,,,,No Data,,,,5,No Data,,,,
305100,1,6,1976,1050.00,No Data,,2,,5.00,No Data,8,2,Good,No Data,,,,,No Data,,,,5,No Data,,,,
305101,1,5,1976,850.00,No Data,,2,,5.00,No Data,5,1,Average,No Data,,,,,No Data,,,,5,No Data,,,,
305102,1,7,1976,1350.00,No Data,,3,,5.00,No Data,8,2,Fair/Avg,No Data,,,,,No Data,,,,4,No Data,,,,
306006,1,5,1971,1056.00,No Data,,3,,5.00,No Data,8,2,Average,No Data,,1,,,No Data,,189,,5,No Data,,,,
306007,1,3,1971,576.00,No Data,,1,,5.00,No Data,5,1,Average,No Data,,1,,,No Data,,212,,5,No Data,,,,
306008,1,4,1971,768.00,No Data,,2,,5.00,No Data,5,1,Average,No Data,,1,,,No Data,,,,5,No Data,,,,
306009,1,5,1971,1056.00,No Data,,3,,5.00,No Data,10,2,Average,No Data,96,1,1,,No Data,4,,,5,No Data,96,,,
306010,1,5,1971,1056.00,No Data,,3,,5.00,No Data,10,2,Average,No Data,96,1,1,,No Data,4,252,,5,No Data,96,,,
306011,1,3,1971,576.00,No Data,,1,,5.00,No Data,5,1,Average,No Data,,1,,,No Data,,212,,5,No Data,,,,
306012,1,4,1971,768.00,No Data,,2,,5.00,No Data,5,1,Avg/Good,No Data,,1,,,No Data,,167,,5,No Data,,,,
306013,1,3,1971,576.00,No Data,,1,,5.00,No Data,5,1,Average,No Data,,1,,,No Data,,,,5,No Data,,,,
306014,1,4,1971,768.00,No Data,,2,,5.00,No Data,5,1,Average,No Data,,1,,,No Data,,167,,5,No Data,,,,
306015,1,5,1971,1056.00,No Data,,3,,5.00,No Data,8,2,Average,No Data,,1,,,No Data,,126,,5,No Data,,,,
306016,1,3,1971,576.00,No Data,,1,,5.00,No Data,5,1,Average,No Data,,1,,,No Data,,272,,5,No Data,,,,
306017,1,4,1971,768.00,No Data,,2,,5.00,No Data,5,1,Average,No Data,,1,,,No Data,,167,,5,No Data,,,,
306018,1,6,1971,1200.00,No Data,,3,,5.00,No Data,8,2,Average,No Data,144,1,,,No Data,1,368,,5,No Data,144,,,
306019,1,6,1973,1368.00,No Data,,4,,5.00,No Data,10,2,Average,No Data,,1,1,,No Data,,153,,5,No Data,,,,
306020,1,4,1973,888.00,No Data,,2,,5.00,No Data,8,2,Average,No Data,,,,,No Data,,96,,5,No Data,,,,
306021,1,4,1973,768.00,No Data,,2,,5.00,No Data,5,1,Average,No Data,,1,,,No Data,,366,,5,No Data,,,,
306022,1,6,1973,1704.00,No Data,,4,,5.00,No Data,11,3,Average,No Data,,,,,No Data,,272,,5,No Data,,,,
306023,1,6,1973,1704.00,No Data,,5,,5.00,No Data,11,3,Average,No Data,,1,,,No Data,,,,5,No Data,,,,
306024,1,4,1973,888.00,No Data,,2,,5.00,No Data,8,2,Average,No Data,,1,,,No Data,,96,,5,No Data,,,,
306025,1,4,1973,768.00,No Data,,2,,5.00,No Data,5,1,Average,No Data,,1,,,No Data,,366,,5,No Data,,,,
306026,1,4,1973,888.00,No Data,,2,,5.00,No Data,8,2,Average,No Data,,,,,No Data,,96,,5,No Data,,,,
306027,1,4,1973,768.00,No Data,,2,,5.00,No Data,5,1,Average,No Data,,1,,,No Data,,,,5,No Data,,,,
306028,1,6,1973,1344.00,No Data,,5,,5.00,No Data,14,4,Average,No Data,312,,,,No Data,4,272,,5,No Data,312,,,
306029,1,4,1973,888.00,No Data,,2,,5.00,No Data,8,2,Good,No Data,,,,,No Data,,96,,5,No Data,,,,
306030,1,4,1973,912.00,No Data,,3,,5.00,No Data,8,2,Average,No Data,,,,,No Data,,366,,5,No Data,,,,
306031,1,4,1973,888.00,No Data,,2,,5.00,No Data,8,2,Average,No Data,,,,,No Data,,96,,5,No Data,,,,
306032,1,4,1973,912.00,No Data,,3,,5.00,No Data,7,1,Average,No Data,,,1,,No Data,,366,,5,No Data,,,,
306033,1,6,1973,1344.00,No Data,,4,,5.00,No Data,11,3,Average,No Data,,,,,No Data,,272,,5,No Data,,,,
306034,1,4,1973,888.00,No Data,,2,,5.00,No Data,5,1,Average,No Data,,,,,No Data,,298,,5,No Data,,,,
306035,1,4,1973,768.00,No Data,,2,,5.00,No Data,5,1,Average,No Data,,,,,No Data,,366,,5,No Data,,,,
306036,1,6,1973,1392.00,No Data,,4,,5.00,No Data,11,3,Average,No Data,,,,,No Data,,,,5,No Data,,,,
306037,1,4,1973,888.00,No Data,,2,,5.00,No Data,8,2,Average,No Data,,,,,No Data,,96,,5,No Data,,,,
306038,1,4,1973,768.00,No Data,,2,,5.00,No Data,5,1,Average,No Data,,1,,,No Data,,384,,5,No Data,,,,
306039,1,4,1973,888.00,No Data,,2,,5.00,No Data,8,2,Average,No Data,,1,,,No Data,,120,,5,No Data,,,,
306040,1,4,1974,768.00,No Data,,2,,5.00,No Data,5,1,Average,No Data,,1,,,No Data,,384,,5,No Data,,,,
306041,1,6,1974,1380.00,No Data,,4,,5.00,No Data,10,2,Average,No Data,,1,1,,No Data,,136,,5,No Data,,,,
306042,1,6,1974,1380.00,No Data,,4,,5.00,No Data,10,2,Average,No Data,,1,1,,No Data,,120,,5,No Data,,,,
306043,1,5,1974,1032.00,No Data,,3,,5.00,No Data,8,2,Average,No Data,,1,,,No Data,,96,,5,No Data,,,,
306044,1,4,1974,768.00,No Data,,2,,5.00,No Data,5,1,Excellent,No Data,,1,,,No Data,,384,,5,No Data,,,,
306045,1,6,1974,1380.00,No Data,,4,,5.00,No Data,10,2,Average,No Data,,1,1,,No Data,,120,,5,No Data,,,,
306056,1,6,1974,1368.00,No Data,,4,,5.00,No Data,11,3,Good,No Data,,1,,,No Data,,192,,5,No Data,,,,
306057,1,5,1974,1020.00,No Data,,3,,5.00,No Data,8,2,Average,No Data,,1,,,No Data,,144,,5,No Data,,,,
306058,1,4,1974,804.00,No Data,,2,,5.00,No Data,5,1,Avg/Good,No Data,,1,,,No Data,,384,,5,No Data,,,,
306059,1,6,1974,1368.00,No Data,,4,,5.00,No Data,11,3,Average,No Data,,1,,,No Data,,119,,5,No Data,,,,
306060,1,4,1974,888.00,No Data,,2,,5.00,No Data,8,2,Average,No Data,,1,,,No Data,,96,,5,No Data,,,,
306061,1,4,1974,768.00,No Data,,2,,5.00,No Data,5,1,Average,No Data,,1,,,No Data,,144,,5,No Data,,,,
306062,1,5,1974,1068.00,No Data,,3,,5.00,No Data,8,2,Average,No Data,,1,,,No Data,,96,,5,No Data,,,,
306063,1,4,1974,816.00,No Data,,2,,5.00,No Data,5,1,Average,No Data,,1,,,No Data,,384,,5,No Data,,,,
306064,1,6,1974,1380.00,No Data,,4,,5.00,No Data,10,2,Average,No Data,,1,1,,No Data,,308,,5,No Data,,,,
306065,1,6,1974,1656.00,No Data,,5,,5.00,No Data,11,3,Average,No Data,,1,,,No Data,,328,,5,No Data,,,,
306066,1,4,1974,768.00,No Data,,3,,5.00,No Data,8,2,Average,No Data,144,1,,,No Data,4,384,,5,No Data,144,,,
306067,1,4,1974,888.00,No Data,,2,,5.00,No Data,8,2,Average,No Data,,1,,,No Data,,96,,5,No Data,,,,
306068,1,4,1974,768.00,No Data,,2,,5.00,No Data,5,1,Good,No Data,144,1,,,No Data,3,120,,5,No Data,144,,,
306069,1,4,1974,888.00,No Data,,2,,5.00,No Data,5,1,Average,No Data,,1,,,No Data,,228,,5,No Data,,,,
306070,1,6,1974,1380.00,No Data,,4,,5.00,No Data,10,2,Average,No Data,,1,1,,No Data,,227,,5,No Data,,,,
306073,1,6,1971,1200.00,No Data,,3,,5.00,No Data,10,2,Average,No Data,252,1,1,,No Data,3,368,,5,No Data,252,,,
306074,1,6,1971,1344.00,No Data,,3,,5.00,No Data,10,2,Avg/Good,No Data,144,1,1,,No Data,,126,,5,No Data,,,,
306076,1,5,1971,1056.00,No Data,,3,,5.00,No Data,8,2,Average,No Data,,1,,,No Data,,252,,5,No Data,,,,
306078,1,6,1971,1200.00,No Data,,3,,5.00,No Data,8,2,Average,No Data,144,1,,,No Data,2,368,,5,No Data,144,,,
306079,1,3,1971,576.00,No Data,,1,,5.00,No Data,5,1,Average,No Data,,1,,,No Data,,212,,5,No Data,,,,
306080,1,4,1971,768.00,No Data,,2,,5.00,No Data,,1,Average,No Data,,1,,,No Data,,167,,5,No Data,,,,
306081,1,5,1971,1056.00,No Data,,3,,5.00,No Data,8,2,Average,No Data,,,,,No Data,,252,,5,No Data,,,,
307001,1,6,1971,1288.00,No Data,,3,,5.00,No Data,8,2,Avg/Good,No Data,440,,,,No Data,4,,,5,No Data,340,,,
307002,1,6,1971,1288.00,No Data,,3,,5.00,No Data,8,2,Average,No Data,440,,,,No Data,4,,,5,No Data,340,,,
307003,1,6,1971,1288.00,No Data,,3,,5.00,No Data,8,2,Average,No Data,440,,,,No Data,4,,,5,No Data,340,,,
307004,1,6,1971,1288.00,No Data,,3,,5.00,No Data,8,2,Average,No Data,440,,,,No Data,4,,,5,No Data,340,,,
307005,1,6,1971,1288.00,No Data,,3,,5.00,No Data,8,2,Average,No Data,440,,,,No Data,4,,,5,No Data,340,,,
307006,1,6,1971,1288.00,No Data,,3,,5.00,No Data,8,2,Average,No Data,440,,,,No Data,4,,,5,No Data,340,,,
307007,1,6,1971,1288.00,No Data,,3,,5.00,No Data,8,2,Average,No Data,440,,,,No Data,4,,,5,No Data,340,,,
307008,1,6,1971,1288.00,No Data,,3,,5.00,No Data,8,2,Average,No Data,440,,,,No Data,4,,,5,No Data,340,,,
307009,1,6,1971,1288.00,No Data,,3,,5.00,No Data,8,2,Average,No Data,440,,,,No Data,4,,,5,No Data,440,,,
307010,1,6,1971,1288.00,No Data,,3,,5.00,No Data,8,2,Average,No Data,440,,,,No Data,4,280,,5,No Data,340,,,
307011,1,7,1972,1368.00,No Data,,3,,5.00,No Data,8,2,Average,No Data,400,,,,No Data,4,,,5,No Data,340,,,
307012,1,7,1972,1368.00,No Data,,3,,5.00,No Data,8,2,Average,No Data,400,,,,No Data,4,,,5,No Data,340,,,
307013,1,7,1972,1368.00,No Data,,3,,5.00,No Data,8,2,Very Good,No Data,400,,,,No Data,4,,,5,No Data,340,,,
307014,1,7,1972,1368.00,No Data,,3,,5.00,No Data,8,2,Average,No Data,400,,,,No Data,4,,,5,No Data,300,,,
307015,1,7,1972,1288.00,No Data,,3,,5.00,No Data,8,2,Average,No Data,440,,,,No Data,4,,,5,No Data,340,,,
307016,1,6,1972,1288.00,No Data,,3,,5.00,No Data,8,2,Average,No Data,440,,,,No Data,4,,,5,No Data,340,,,
307017,1,6,1972,1288.00,No Data,,3,,5.00,No Data,8,2,Average,No Data,440,,,,No Data,4,,,5,No Data,360,,,
307018,1,6,1972,1288.00,No Data,,3,,5.00,No Data,8,2,Average,No Data,440,,,,No Data,4,,,5,No Data,340,,,
307019,1,7,1972,1368.00,No Data,,3,,5.00,No Data,8,2,Average,No Data,400,,,,No Data,4,,,5,No Data,340,,,
307020,1,7,1972,1368.00,No Data,,3,,5.00,No Data,8,2,Average,No Data,400,,,,No Data,4,,,5,No Data,340,,,
307021,1,6,1972,1368.00,No Data,,3,,5.00,No Data,8,2,Average,No Data,400,,,,No Data,4,144,,5,No Data,340,,,
307022,1,7,1972,1368.00,No Data,,3,,5.00,No Data,8,2,Average,No Data,400,,,,No Data,4,,,5,No Data,400,,,
307023,1,6,1972,1368.00,No Data,,3,,5.00,No Data,8,2,Average,No Data,400,1,,,No Data,4,,,5,No Data,340,,,
307024,1,7,1972,1368.00,No Data,,3,,5.00,No Data,8,2,Average,No Data,400,,,,No Data,4,,,5,No Data,340,,,
307025,1,7,1972,1368.00,No Data,,3,,5.00,No Data,8,2,Average,No Data,400,,,,No Data,4,,,5,No Data,340,,,
307026,1,7,1972,1368.00,No Data,,3,,5.00,No Data,8,2,Average,No Data,400,,,,No Data,4,,,5,No Data,340,,,
307027,1,7,1972,1368.00,No Data,,3,,5.00,No Data,8,2,Average,No Data,400,,,,No Data,4,,,5,No Data,340,,,
307028,1,7,1972,1368.00,No Data,,3,,5.00,No Data,8,2,Average,No Data,400,,,,No Data,4,,,5,No Data,340,,,
307029,1,7,1972,1368.00,No Data,,3,,5.00,No Data,8,2,Average,No Data,400,,,,No Data,4,,,5,No Data,340,,,
307030,1,7,1972,1368.00,No Data,,3,,5.00,No Data,8,2,Average,No Data,400,,,,No Data,4,,,5,No Data,340,,,
307031,1,7,1972,1368.00,No Data,,3,,5.00,No Data,8,2,Average,No Data,400,,,,No Data,4,,,5,No Data,400,,,
307032,1,7,1972,1368.00,No Data,,3,,5.00,No Data,8,2,Average,No Data,400,,,,No Data,4,,,5,No Data,340,,,
307033,1,7,1972,1368.00,No Data,,3,,5.00,No Data,8,2,Average,No Data,400,,,,No Data,4,,,5,No Data,340,,,
307034,1,7,1972,1368.00,No Data,,3,,5.00,No Data,8,2,Average,No Data,400,,,,No Data,4,,,5,No Data,400,,,
308001,1,8,1973,1314.00,No Data,,4,,5.00,No Data,,2,Average,No Data,,,,,No Data,,,,5,No Data,,,,
308002,1,8,1973,1314.00,No Data,,4,,5.00,No Data,,2,Average,No Data,,,,,No Data,,,,5,No Data,,,,
308003,1,8,1973,1314.00,No Data,,3,,5.00,No Data,,2,Poor,No Data,,,,,No Data,,,,3,No Data,,,,
308004,1,7,1973,1314.00,No Data,,4,,5.00,No Data,,2,Average,No Data,,,,,No Data,,,,5,No Data,,,,
308005,1,7,1973,1314.00,No Data,,4,,5.00,No Data,,2,Average,No Data,,,,,No Data,,,,5,No Data,,,,
308006,1,7,1973,1168.00,No Data,,4,,5.00,No Data,,2,Average,No Data,,,,,No Data,,,,5,No Data,,,,
308007,1,6,1973,1168.00,No Data,,3,,5.00,No Data,,2,Average,No Data,,,,,No Data,,,,5,No Data,,,,
308008,1,7,1973,1168.00,No Data,,3,,5.00,No Data,,2,Average,No Data,,,,,No Data,,,,5,No Data,,,,
308009,1,6,1973,1168.00,No Data,,3,,5.00,No Data,,2,Avg/Good,No Data,,,,,No Data,,,,5,No Data,,,,
308010,1,6,1973,1168.00,No Data,,3,,5.00,No Data,,2,Avg/Good,No Data,,,,,No Data,,,,5,No Data,,,,
308011,1,8,1975,1756.00,No Data,,5,,5.00,No Data,,2,Average,No Data,,,,,No Data,,,,5,No Data,,,,
308012,1,8,1975,1756.00,No Data,,5,,5.00,No Data,,2,Good,No Data,,,,,No Data,,,,5,No Data,,,,
308013,1,8,1975,1756.00,No Data,,5,,5.00,No Data,,2,Poor,No Data,,,,,No Data,,,,2,No Data,,,,
308014,1,8,1975,1756.00,No Data,,5,,5.00,No Data,,2,Average,No Data,,,,,No Data,,,,5,No Data,,,,
308015,1,8,1975,1756.00,No Data,,5,,5.00,No Data,,2,Average,No Data,,,,,No Data,,,,5,No Data,,,,
309001,1,5,1974,817.00,No Data,,3,,5.00,No Data,10,2,Average,No Data,,,1,,No Data,,,,5,No Data,,,,
309003,1,5,1974,817.00,No Data,,3,,5.00,No Data,10,2,Average,No Data,,,1,,No Data,,,,5,No Data,,,,
309004,1,6,1974,1634.00,No Data,,6,,5.00,No Data,10,2,Average,No Data,,,1,,No Data,,,,5,No Data,,,,
309005,1,6,1974,1596.00,No Data,,4,,5.00,No Data,5,2,Average,No Data,,,,,No Data,,314,,5,No Data,,,,
309007,1,2,1974,532.00,No Data,,1,,5.00,No Data,5,1,Average,No Data,,,,,No Data,,224,,5,No Data,,,,
309008,1,6,1974,1064.00,No Data,,3,,5.00,No Data,5,1,Average,No Data,,,,,No Data,,314,,5,No Data,,,,
309009,1,2,1974,532.00,No Data,,1,,5.00,No Data,5,1,Average,No Data,,,,,No Data,,224,,5,No Data,,,,
309010,1,2,1974,532.00,No Data,,1,,5.00,No Data,5,1,Average,No Data,,,,,No Data,,,,5,No Data,,,,
309011,1,2,1974,532.00,No Data,,1,,5.00,No Data,5,1,Average,No Data,,,,,No Data,,260,,5,No Data,,,,
309012,1,2,1974,532.00,No Data,,1,,5.00,No Data,5,1,Average,No Data,,,,,No Data,,224,,5,No Data,,,,
309013,1,2,1974,532.00,No Data,,1,,5.00,No Data,5,1,Average,No Data,,,,,No Data,,224,,5,No Data,,,,
309014,1,2,1974,532.00,No Data,,1,,5.00,No Data,5,1,Average,No Data,,,,,No Data,,224,,5,No Data,,,,
310001,1,6,1965,1760.00,No Data,,,,5.00,No Data,,2,Average,No Data,,,1,,No Data,,,,2,No Data,,,,
310002,1,6,1965,1384.00,No Data,,,,5.00,No Data,,2,Average,No Data,,,,,No Data,,,,6,No Data,,,,
310004,1,3,1965,1520.00,No Data,,,,5.00,No Data,,,Average,No Data,,,2,,No Data,,,,5,No Data,,,,
310005,1,4,1965,896.00,No Data,,2,,5.00,No Data,,1,Average,No Data,,,,,No Data,,112,,5,No Data,,,,
310006,1,4,1965,896.00,No Data,,2,,5.00,No Data,,1,Average,No Data,,,,,No Data,,,,5,No Data,,,,
310007,1,5,1965,1132.00,No Data,,2,,5.00,No Data,,2,Very Good,No Data,,,,,No Data,,,,5,No Data,,,,
310008,1,4,1964,1132.00,No Data,,2,,5.00,No Data,,2,Average,No Data,,,,,No Data,,,,5,No Data,,,,
311001,1,6,1975,1190.00,No Data,,2,,5.00,No Data,7,1,Average,No Data,540,,1,,No Data,,274,,5,No Data,,,,
311002,1,5,1975,1030.00,No Data,,3,,5.00,No Data,7,1,Average,No Data,540,,1,,No Data,,190,,5,No Data,,,,
311003,1,4,1975,1080.00,No Data,,2,,5.00,No Data,7,1,Good,No Data,540,,1,,No Data,,242,,5,No Data,,,,
311004,1,5,1975,1500.00,No Data,,3,,5.00,No Data,7,1,Average,No Data,780,,1,,No Data,,190,,5,No Data,,,,
311005,1,4,1975,1276.00,No Data,,2,,5.00,No Data,9,1,Average,No Data,876,,2,,No Data,,358,,5,No Data,,,,
311006,1,4,1975,1798.00,No Data,,2,,5.00,No Data,7,1,Average,No Data,1258,,1,,No Data,,160,,5,No Data,,,,
311007,1,4,1975,1080.00,No Data,,2,,5.00,No Data,7,1,Average,No Data,540,,1,,No Data,,,,5,No Data,,,,
311008,1,5,1975,1020.00,No Data,,3,,5.00,No Data,7,1,Average,No Data,540,,1,,No Data,,,,5,No Data,,,,
311009,1,4,1975,1128.00,No Data,,2,,5.00,No Data,4,1,Average,No Data,450,,,,No Data,,190,,5,No Data,,,,
311010,1,5,1975,940.00,No Data,,3,,5.00,No Data,7,1,Average,No Data,450,,1,,No Data,,190,,5,No Data,,,,
312001,1,6,1977,1365.00,No Data,,3,,5.00,No Data,8,2,Average,No Data,,,,,No Data,,208,,5,No Data,,,,
312002,1,6,1977,1365.00,No Data,,3,,5.00,No Data,8,2,Average,No Data,,1,,,No Data,,208,,5,No Data,,,,
312003,1,6,1977,1317.00,No Data,,3,,5.00,No Data,8,2,Average,No Data,,1,,,No Data,,208,,5,No Data,,,,
312004,1,6,1977,1317.00,No Data,,3,,5.00,No Data,8,2,Average,No Data,,1,,,No Data,,208,,5,No Data,,,,
312005,1,6,1977,1365.00,No Data,,3,,5.00,No Data,8,2,Average,No Data,,1,,,No Data,,208,,5,No Data,,,,
312006,1,6,1977,1365.00,No Data,,3,,5.00,No Data,8,2,Average,No Data,,1,,,No Data,,288,,5,No Data,,,,
312007,1,6,1977,1365.00,No Data,,3,,5.00,No Data,8,2,Average,No Data,,1,,,No Data,,288,,5,No Data,,,,
312008,1,6,1977,1365.00,No Data,,3,,5.00,No Data,8,2,Average,No Data,,1,,,No Data,,288,,5,No Data,,,,
312009,1,6,1977,1365.00,No Data,,3,,5.00,No Data,8,2,Average,No Data,,1,,,No Data,,288,,5,No Data,,,,
312010,1,6,1977,1365.00,No Data,,3,,5.00,No Data,,2,Average | Sketch not available.,No Data,,1,,,No Data,,144,,5,No Data,,,,
312011,1,6,1977,1365.00,No Data,,3,,5.00,No Data,8,2,Average,No Data,,1,,,No Data,,288,,5,No Data,,,,
312012,1,6,1977,1365.00,No Data,,3,,5.00,No Data,8,2,Average,No Data,,1,,,No Data,,288,,5,No Data,,,,
312014,1,6,1977,1365.00,No Data,,3,,5.00,No Data,8,2,Average,No Data,,1,,,No Data,,288,,5,No Data,,,,
312015,1,6,1977,1317.00,No Data,,3,,5.00,No Data,8,2,Average,No Data,,1,,,No Data,,208,,5,No Data,,,,
312016,1,6,1977,1365.00,No Data,,3,,5.00,No Data,8,2,Average,No Data,,1,,,No Data,,288,,5,No Data,,,,
312017,1,6,1977,1365.00,No Data,,3,,5.00,No Data,8,2,Average,No Data,,1,,,No Data,,288,,5,No Data,,,,
312018,1,6,1977,1365.00,No Data,,3,,5.00,No Data,8,2,Average,No Data,,1,,,No Data,,288,,5,No Data,,,,
312019,1,6,1977,1365.00,No Data,,3,,5.00,No Data,8,2,Average,No Data,,1,,,No Data,,288,,5,No Data,,,,
312020,1,6,1977,1317.00,No Data,,3,,5.00,No Data,8,2,Average,No Data,,1,,,No Data,,208,,5,No Data,,,,
312021,1,6,1977,1365.00,No Data,,3,,5.00,No Data,8,2,Average,No Data,,1,,,No Data,,288,,5,No Data,,,,
312022,1,6,1977,1317.00,No Data,,3,,5.00,No Data,8,2,Average,No Data,,1,,,No Data,,208,,5,No Data,,,,
312023,1,6,1977,1365.00,No Data,,3,,5.00,No Data,8,2,Average,No Data,,1,,,No Data,,288,,5,No Data,,,,
312024,1,6,1977,1365.00,No Data,,3,,5.00,No Data,8,2,Average,No Data,,1,,,No Data,,288,,5,No Data,,,,
312025,1,6,1977,1365.00,No Data,,3,,5.00,No Data,8,2,Average,No Data,,1,,,No Data,,288,,5,No Data,,,,
312026,1,6,1977,1365.00,No Data,,3,,5.00,No Data,8,2,Average,No Data,,1,,,No Data,,288,,5,No Data,,,,
312027,1,6,1977,1365.00,No Data,,3,,5.00,No Data,8,2,Average,No Data,,1,,,No Data,,208,,5,No Data,,,,
312028,1,6,1978,1317.00,No Data,,3,,5.00,No Data,8,2,Average,No Data,,1,,,No Data,,208,,5,No Data,,,,
312029,1,6,1978,1317.00,No Data,,3,,5.00,No Data,8,2,Average,No Data,,1,,,No Data,,208,,5,No Data,,,,
312030,1,6,1978,1317.00,No Data,,3,,5.00,No Data,8,2,Average,No Data,,1,,,No Data,,208,,5,No Data,,,,
312031,1,6,1978,1365.00,No Data,,3,,5.00,No Data,8,2,Average,No Data,,1,,,No Data,,208,,5,No Data,,,,
312032,1,6,1978,1317.00,No Data,,3,,5.00,No Data,8,2,Average,No Data,,1,,,No Data,,208,,5,No Data,,,,
312033,1,6,1978,1365.00,No Data,,3,,5.00,No Data,8,2,Average,No Data,,1,,,No Data,,208,,5,No Data,,,,
312035,1,6,1978,1317.00,No Data,,3,,5.00,No Data,8,2,Average,No Data,,1,,,No Data,,208,,5,No Data,,,,
312036,1,6,1978,1317.00,No Data,,3,,5.00,No Data,8,2,Average,No Data,,1,,,No Data,,208,,5,No Data,,,,
312037,1,6,1978,1317.00,No Data,,3,,5.00,No Data,8,2,Average,No Data,,1,,,No Data,,208,,5,No Data,,,,
312038,1,6,1978,1365.00,No Data,,3,,5.00,No Data,8,2,Average,No Data,,1,,,No Data,,208,,5,No Data,,,,
312039,1,6,1978,1317.00,No Data,,3,,5.00,No Data,8,2,Average,No Data,,1,,,No Data,,208,,5,No Data,,,,
312040,1,6,1978,1365.00,No Data,,3,,5.00,No Data,8,2,Average,No Data,,1,,,No Data,,208,,5,No Data,,,,
313005,1,6,1976,1095.00,No Data,,3,,7.00,No Data,,1,Good | Sketch not available.,No Data,,,,,No Data,,,,5,No Data,,,,
313006,1,5,1980,850.00,No Data,,2,,5.00,No Data,,1,Average,No Data,,,,,No Data,,,,5,No Data,,,,
313007,1,4,1980,820.00,No Data,,2,,5.00,No Data,,1,Average | Sketch not available.,No Data,,,,,No Data,,,,5,No Data,,,,
313008,1,4,1980,1052.00,No Data,,2,,5.00,No Data,,1,Average | Sketch not available.,No Data,,,,,No Data,,,,5,No Data,,,,
313009,1,7,1980,1344.00,No Data,,3,,5.00,No Data,,1,Average | Sketch not available.,No Data,,,,,No Data,,,,5,No Data,,,,
313010,1,6,1980,1424.00,No Data,,3,,5.00,No Data,,1,Avg/Good | Sketch not available.,No Data,,,1,,No Data,,,,5,No Data,,,,
314001,1,7,1979,1899.00,No Data,,3,,5.00,No Data,,3,Average,No Data,,1,1,,No Data,,722,,5,No Data,,,,
314002,1,5,1979,1461.00,No Data,,2,,5.00,No Data,,2,Average,No Data,,1,1,,No Data,,534,,5,No Data,,,,
314003,1,5,1979,1433.00,No Data,,2,,5.00,No Data,,2,Average,No Data,,1,1,,No Data,,534,,5,No Data,,,,
314004,1,7,1979,1899.00,No Data,,3,,5.00,No Data,,3,Average,No Data,,1,1,,No Data,,1444,,5,No Data,,,,
314005,1,8,1979,1997.00,No Data,,3,,5.00,No Data,,3,Average,No Data,,1,1,,No Data,,120,,5,No Data,,,,
314006,1,6,1979,1530.00,No Data,,2,,5.00,No Data,,2,Good,No Data,,1,1,,No Data,,708,,5,No Data,,,,
314007,1,5,1979,1369.00,No Data,,2,,5.00,No Data,,2,Avg/Good,No Data,,1,1,,No Data,,708,,5,No Data,,,,
314008,1,7,1979,1836.00,No Data,,3,,5.00,No Data,,3,Average,No Data,,1,1,,No Data,,838,,5,No Data,,,,
314009,1,8,1979,1836.00,No Data,,3,,5.00,No Data,,3,Average,No Data,,1,1,,No Data,,838,,5,No Data,,,,
314010,1,5,1979,1530.00,No Data,,2,,5.00,No Data,,2,Average,No Data,,1,1,,No Data,,708,,5,No Data,,,,
314011,1,5,1979,1369.00,No Data,,2,,5.00,No Data,,2,Average,No Data,,1,1,,No Data,,708,,5,No Data,,,,
314012,1,5,1979,1369.00,No Data,,2,,5.00,No Data,,2,Average,No Data,,1,1,,No Data,,708,,5,No Data,,,,
314013,1,5,1979,1369.00,No Data,,2,,5.00,No Data,,2,Average,No Data,,1,1,,No Data,,708,,5,No Data,,,,
314014,1,7,1979,1836.00,No Data,,3,,5.00,No Data,,3,Average,No Data,,1,1,,No Data,,838,,5,No Data,,,,
314015,1,7,1979,1982.00,No Data,,3,,5.00,No Data,,3,Average,No Data,,1,1,,No Data,,639,,5,No Data,,,,
314016,1,7,1979,1982.00,No Data,,3,,5.00,No Data,,3,Average,No Data,,1,1,,No Data,,639,,5,No Data,,,,
314017,1,7,1979,1982.00,No Data,,3,,5.00,No Data,,3,Average,No Data,,1,1,,No Data,,639,,5,No Data,,,,
314018,1,5,1979,1518.00,No Data,,2,,5.00,No Data,,2,Average,No Data,,1,1,,No Data,,503,,5,No Data,,,,
314019,1,5,1979,1465.00,No Data,,2,,5.00,No Data,,2,Average,No Data,,1,1,,No Data,,302,,5,No Data,,,,
314020,1,5,1979,1465.00,No Data,,2,,5.00,No Data,,2,Average,No Data,,1,,,No Data,,302,,5,No Data,,,,
314021,1,5,1979,1518.00,No Data,,2,,5.00,No Data,,2,Average,No Data,,1,1,,No Data,,502,,5,No Data,,,,
314022,1,7,1979,1982.00,No Data,,3,,5.00,No Data,,3,Average,No Data,,1,1,,No Data,,639,,5,No Data,,,,
314023,1,7,1979,1982.00,No Data,,3,,5.00,No Data,,3,Avg/Good,No Data,,1,1,,No Data,,639,,5,No Data,,,,
314024,1,7,1979,1982.00,No Data,,3,,5.00,No Data,,3,Average,No Data,,1,1,,No Data,,639,,5,No Data,,,,
314025,1,7,1980,1982.00,No Data,,3,,5.00,No Data,,3,Average,No Data,,1,1,,No Data,,639,,5,No Data,,,,
314026,1,7,1980,1982.00,No Data,,3,,5.00,No Data,,3,Average,No Data,,1,1,,No Data,,639,,5,No Data,,,,
314027,1,7,1980,1982.00,No Data,,3,,5.00,No Data,,3,Average,No Data,,1,1,,No Data,,639,,5,No Data,,,,
314028,1,5,1980,1518.00,No Data,,2,,5.00,No Data,,3,Average,No Data,,1,,,No Data,,502,,5,No Data,,,,
314029,1,5,1980,1465.00,No Data,,2,,5.00,No Data,,2,Average,No Data,,1,1,,No Data,,302,,5,No Data,,,,
314030,1,5,1980,1518.00,No Data,,2,,5.00,No Data,,2,Good,No Data,,1,1,,No Data,,302,,5,No Data,,,,
314031,1,12,1980,3477.00,No Data,,5,,7.00,No Data,,5,Very Good,No Data,,3,1,,No Data,,502,,5,No Data,,,,
314033,1,7,1980,1980.00,No Data,,3,,5.00,No Data,,3,Average,No Data,,1,1,,No Data,,639,,5,No Data,,,,
314034,1,7,1980,1982.00,No Data,,3,,5.00,No Data,,3,Good,No Data,,1,1,,No Data,,639,,5,No Data,,,,
314035,1,7,1980,1982.00,No Data,,3,,5.00,No Data,,3,Average,No Data,,1,1,,No Data,,639,,5,No Data,,,,
314036,1,7,1980,1982.00,No Data,,3,,5.00,No Data,,3,Average,No Data,,1,1,,No Data,,639,,5,No Data,,,,
314037,1,8,1979,3530.00,No Data,,4,,5.00,No Data,16,4,Average,No Data,,1,1,,No Data,,838,,5,No Data,,,,
314039,1,5,1980,1369.00,No Data,,2,,5.00,No Data,,2,Average,No Data,,1,1,,No Data,,708,,5,No Data,,,,
314040,1,7,1980,1836.00,No Data,,3,,5.00,No Data,,3,Average,No Data,,1,1,,No Data,,838,,5,No Data,,,,
314041,1,7,1980,1982.00,No Data,,3,,5.00,No Data,,3,Average,No Data,,1,1,,No Data,,639,,5,No Data,,,,
314042,1,7,1980,1982.00,No Data,,3,,5.00,No Data,,3,Average,No Data,,1,1,,No Data,,639,,5,No Data,,,,
314043,1,7,1980,1982.00,No Data,,3,,5.00,No Data,,3,Average,No Data,,1,1,,No Data,,639,,5,No Data,,,,
314044,1,5,1980,1465.00,No Data,,2,,5.00,No Data,,2,Avg/Good,No Data,,1,1,,No Data,,502,,5,No Data,,,,
314045,1,5,1980,1518.00,No Data,,2,,5.00,No Data,,2,Average,No Data,,1,1,,No Data,,302,,5,No Data,,,,
314046,1,5,1980,1465.00,No Data,,2,,5.00,No Data,,2,Average,No Data,,1,1,,No Data,,302,,5,No Data,,,,
314047,1,5,1980,1518.00,No Data,,2,,5.00,No Data,,2,Average,No Data,,1,1,,No Data,,502,,5,No Data,,,,
314048,1,7,1980,1982.00,No Data,,3,,5.00,No Data,,3,Average,No Data,,1,1,,No Data,,639,,5,No Data,,,,
314049,1,8,1980,1836.00,No Data,,3,,5.00,No Data,,3,Average,No Data,,1,1,,No Data,,838,,5,No Data,,,,
314050,1,5,1979,1369.00,No Data,,2,,5.00,No Data,,2,Average,No Data,,1,1,,No Data,,708,,5,No Data,,,,
314051,1,5,1979,1854.00,No Data,,2,,5.00,No Data,,2,Good,No Data,,1,1,,No Data,,708,,5,No Data,,,,
314052,1,7,1979,2028.00,No Data,,3,,5.00,No Data,,3,Good,No Data,,1,1,,No Data,,838,,5,No Data,,,,
315001,1,2,1978,440.00,No Data,,1,,5.00,No Data,,1,Average,No Data,,,,,No Data,,,,5,No Data,,,,
315002,1,3,1978,660.00,No Data,,1,,5.00,No Data,,1,Average,No Data,,,,,No Data,,,,5,No Data,,,,
315003,1,3,1978,515.00,No Data,,1,,5.00,No Data,,1,Average,No Data,,,,,No Data,,,,5,No Data,,,,
315004,1,2,1978,445.00,No Data,,1,,5.00,No Data,,1,Average,No Data,,,,,No Data,,,,5,No Data,,,,
315301,1,4,1978,1800.00,No Data,,,,5.00,No Data,9,,Average,No Data,,,,,No Data,,,,5,No Data,,,,
315302,1,1,1978,750.00,No Data,,,,5.00,No Data,,,Average,No Data,,,1,,No Data,,,,5,No Data,,,,
315304,1,2,1978,1335.00,No Data,,,,5.00,No Data,,,Average,No Data,,,,,No Data,,,,5,No Data,,,,
315305,1,2,1980,2500.00,No Data,,,,5.00,No Data,,,Average,No Data,,,,,No Data,,,,5,No Data,1190,,,
316001,1,4,1979,850.00,No Data,,2,,5.00,No Data,5,1,Avg/Good,No Data,,1,,,No Data,,110,,5,No Data,,,,
316002,1,3,1979,644.00,No Data,,1,,5.00,No Data,5,1,Average,No Data,,1,,,No Data,,70,,5,No Data,,,,
316003,1,4,1979,850.00,No Data,,2,,5.00,No Data,5,1,Average,No Data,,1,,,No Data,,110,,5,No Data,,,,
316004,1,3,1979,644.00,No Data,,1,,5.00,No Data,5,1,Average,No Data,,1,,,No Data,,70,,5,No Data,,,,
316005,1,4,1979,924.00,No Data,,2,,5.00,No Data,8,2,Average,No Data,,1,,,No Data,,70,,5,No Data,,,,
316006,1,4,1979,854.00,No Data,,2,,5.00,No Data,8,2,Good,No Data,,1,,,No Data,,70,,5,No Data,,,,
316007,1,3,1979,644.00,No Data,,1,,5.00,No Data,5,1,Average,No Data,,1,,,No Data,,70,,5,No Data,,,,
316008,1,3,1979,644.00,No Data,,1,,5.00,No Data,5,1,Average,No Data,,1,,,No Data,,70,,5,No Data,,,,
316009,1,3,1979,644.00,No Data,,1,24,5.00,No Data,5,1,Average,No Data,,1,,12,No Data,,70,,5,No Data,,,,
316010,1,3,1979,644.00,No Data,,1,,5.00,No Data,5,1,Average,No Data,,1,,,No Data,,70,,5,No Data,,,,
316011,1,4,1979,896.00,No Data,,2,,5.00,No Data,8,2,Good,No Data,,1,,,No Data,,70,,5,No Data,,,,
316012,1,4,1979,854.00,No Data,,2,,5.00,No Data,8,2,Average,No Data,,1,,,No Data,,70,,5,No Data,,,,
316014,1,3,1979,644.00,No Data,,1,,5.00,No Data,5,1,Average,No Data,,1,,,No Data,,70,,5,No Data,,,,
316015,1,3,1979,644.00,No Data,,1,,5.00,No Data,5,1,Average,No Data,,1,,,No Data,,70,,5,No Data,,,,
316016,1,3,1979,644.00,No Data,,1,,5.00,No Data,5,1,Average,No Data,,1,,,No Data,,70,,5,No Data,,,,
316017,1,3,1979,644.00,No Data,,1,,5.00,No Data,5,1,Average,No Data,,1,,,No Data,,70,,5,No Data,,,,
316018,1,4,1979,854.00,No Data,,2,,5.00,No Data,5,1,Average,No Data,,1,,,No Data,,70,,5,No Data,,,,
316019,1,4,1979,868.00,No Data,,2,,5.00,No Data,5,1,Average,No Data,,1,,,No Data,,70,,5,No Data,,,,
316020,1,3,1979,644.00,No Data,,1,,5.00,No Data,5,1,Avg/Good,No Data,,1,,,No Data,,70,,5,No Data,,,,
316021,1,3,1979,644.00,No Data,,1,,5.00,No Data,5,1,Good,No Data,,1,,,No Data,,70,,5,No Data,,,,
316022,1,3,1979,644.00,No Data,,1,,5.00,No Data,5,1,Good,No Data,,1,,,No Data,,70,,5,No Data,,,,
316023,1,3,1979,644.00,No Data,,1,,5.00,No Data,5,1,Average,No Data,,1,,,No Data,,70,,5,No Data,,,,
316024,1,4,1979,854.00,No Data,,2,,5.00,No Data,8,2,Average,No Data,,1,,,No Data,,70,,5,No Data,,,,
316025,1,3,1979,854.00,No Data,,2,,5.00,No Data,5,1,Average,No Data,,1,,,No Data,,70,,5,No Data,,,,
316026,1,3,1979,644.00,No Data,,1,,5.00,No Data,5,1,Good,No Data,,1,,,No Data,,70,,5,No Data,,,,
316027,1,4,1979,850.00,No Data,,2,,5.00,No Data,5,1,Average,No Data,,1,,,No Data,,110,,5,No Data,,,,
316028,1,3,1979,644.00,No Data,,1,,5.00,No Data,5,1,Average,No Data,,1,,,No Data,,70,,5,No Data,,,,
316029,1,4,1979,850.00,No Data,,2,,5.00,No Data,5,1,Average,No Data,,1,,,No Data,,110,,5,No Data,,,,
316030,1,4,1979,868.00,No Data,,2,,5.00,No Data,8,2,Avg/Good,No Data,,1,,,No Data,,70,,5,No Data,,,,
316031,1,4,1979,896.00,No Data,,2,,5.00,No Data,8,2,Average,No Data,,1,,,No Data,,70,,5,No Data,,,,
316032,1,3,1979,644.00,No Data,,1,,5.00,No Data,5,1,Average,No Data,,1,,,No Data,,70,,5,No Data,,,,
316033,1,3,1979,644.00,No Data,,1,,5.00,No Data,5,1,Average,No Data,,1,,,No Data,,70,,5,No Data,,,,
316034,1,4,1979,850.00,No Data,,2,,5.00,No Data,5,1,Average,No Data,,1,,,No Data,,110,,5,No Data,,,,
316035,1,3,1979,644.00,No Data,,1,,5.00,No Data,5,1,Good,No Data,,1,,,No Data,,70,,5,No Data,,,,
316036,1,4,1979,924.00,No Data,,2,,5.00,No Data,8,2,Average,No Data,,1,,,No Data,,70,,5,No Data,,,,
316037,1,4,1979,896.00,No Data,,2,,5.00,No Data,8,2,Average,No Data,,1,,,No Data,,70,,5,No Data,,,,
316038,1,3,1979,644.00,No Data,,1,,5.00,No Data,5,1,Average,No Data,,1,,,No Data,,70,,5,No Data,,,,
316039,1,3,1979,644.00,No Data,,1,,5.00,No Data,5,1,Average,No Data,,1,,,No Data,,70,,5,No Data,,,,
316040,1,3,1979,644.00,No Data,,1,,5.00,No Data,5,1,Average,No Data,,1,,,No Data,,70,,5,No Data,,,,
316041,1,3,1979,644.00,No Data,,1,,5.00,No Data,5,1,Average,No Data,,1,,,No Data,,70,,5,No Data,,,,
316042,1,4,1979,924.00,No Data,,2,,6.00,No Data,8,2,Avg/Good,No Data,,1,,,No Data,,70,,5,No Data,,,,
316043,1,4,1979,896.00,No Data,,2,,5.00,No Data,8,2,Average,No Data,,1,,,No Data,,70,,5,No Data,,,,
316044,1,3,1979,644.00,No Data,,1,,5.00,No Data,5,1,Average,No Data,,1,,,No Data,,70,,5,No Data,,,,
316045,1,3,1979,644.00,No Data,,1,,5.00,No Data,5,1,Average,No Data,,1,,,No Data,,70,,5,No Data,,,,
316046,1,3,1979,644.00,No Data,,1,,5.00,No Data,5,1,Average,No Data,,1,,,No Data,,70,,5,No Data,,,,
316047,1,3,1979,644.00,No Data,,1,,5.00,No Data,5,1,Average,No Data,,1,,,No Data,,70,,5,No Data,,,,
316048,1,4,1979,896.00,No Data,,2,,5.00,No Data,8,2,Average,No Data,,1,,,No Data,,70,,5,No Data,,,,
316049,1,4,1979,854.00,No Data,,2,,5.00,No Data,8,2,Avg/Good,No Data,,1,,,No Data,,70,,5,No Data,,,,
316050,1,3,1979,644.00,No Data,,1,,5.00,No Data,5,1,Average,No Data,,1,,,No Data,,70,,5,No Data,,,,
316051,1,3,1979,644.00,No Data,,1,,5.00,No Data,5,1,Average,No Data,,1,,,No Data,,70,,5,No Data,,,,
316052,1,3,1979,644.00,No Data,,1,,5.00,No Data,5,1,Average,No Data,,1,,,No Data,,70,,5,No Data,,,,
316053,1,3,1979,644.00,No Data,,1,,5.00,No Data,5,1,Avg/Good,No Data,,1,,,No Data,,70,,5,No Data,,,,
316054,1,4,1979,924.00,No Data,,2,,5.00,No Data,8,2,Good,No Data,,1,,,No Data,,70,,5,No Data,,,,
316055,1,4,1979,896.00,No Data,,2,,5.00,No Data,8,2,Good,No Data,,1,,,No Data,,70,,5,No Data,,,,
316056,1,3,2019,644.00,No Data,,1,,5.00,No Data,5,1,Average,No Data,,1,,,No Data,,70,,5,No Data,,,,
316057,1,3,2019,644.00,No Data,,1,,5.00,No Data,5,1,Average,No Data,,1,,,No Data,,70,,5,No Data,,,,
316058,1,3,2019,644.00,No Data,,1,,5.00,No Data,5,1,Average,No Data,,1,,,No Data,,70,,5,No Data,,,,
316059,1,3,2019,644.00,No Data,,1,,5.00,No Data,5,1,Average,No Data,,1,,,No Data,,70,,5,No Data,,,,
316060,1,4,2019,896.00,No Data,,2,,5.00,No Data,8,2,Average,No Data,,1,,,No Data,,70,,5,No Data,,,,
316061,1,4,2019,854.00,No Data,,2,,5.00,No Data,8,2,Very Good,No Data,,1,,,No Data,,70,,5,No Data,,,,
316062,1,3,2019,644.00,No Data,,1,,5.00,No Data,5,1,Average,No Data,,1,,,No Data,,70,,5,No Data,,,,
316063,1,3,2019,644.00,No Data,,1,,5.00,No Data,5,1,Good,No Data,,1,,,No Data,,70,,5,No Data,,,,
316064,1,3,2019,644.00,No Data,,1,,5.00,No Data,5,1,Average,No Data,,1,,,No Data,,70,,5,No Data,,,,
316065,1,3,2019,644.00,No Data,,1,,5.00,No Data,5,1,Average,No Data,,1,,,No Data,,70,,5,No Data,,,,
316066,1,4,2019,854.00,No Data,,2,,5.00,No Data,8,2,Average,No Data,,1,,,No Data,,70,,5,No Data,,,,
316067,1,4,2019,896.00,No Data,,2,,5.00,No Data,8,2,Average,No Data,,1,,,No Data,,70,,5,No Data,,,,
316068,1,3,2019,644.00,No Data,,1,,5.00,No Data,5,1,Average,No Data,,1,,,No Data,,70,,5,No Data,,,,
316069,1,3,2019,644.00,No Data,,1,,5.00,No Data,5,1,Average,No Data,,1,,,No Data,,70,,5,No Data,,,,
316070,1,3,2019,644.00,No Data,,1,,5.00,No Data,5,1,Good,No Data,,1,,,No Data,,70,,5,No Data,,,,
316071,1,3,2019,644.00,No Data,,1,,5.00,No Data,5,1,Average,No Data,,1,,,No Data,,70,,5,No Data,,,,
316072,1,4,2019,854.00,No Data,,2,,5.00,No Data,8,2,Avg/Good,No Data,,1,,,No Data,,70,,5,No Data,,,,
316073,1,4,2019,854.00,No Data,,2,,5.00,No Data,8,2,Average,No Data,,1,,,No Data,,70,,5,No Data,,,,
316074,1,3,2019,644.00,No Data,,1,,5.00,No Data,5,1,Average,No Data,,1,,,No Data,,70,,5,No Data,,,,
316075,1,3,2019,644.00,No Data,,1,,5.00,No Data,5,1,Average,No Data,,1,,,No Data,,70,,5,No Data,,,,
316076,1,3,2019,644.00,No Data,,1,,5.00,No Data,5,1,Average,No Data,,1,,,No Data,,70,,5,No Data,,,,
316077,1,3,2019,644.00,No Data,,1,,5.00,No Data,5,1,Average,No Data,,1,,,No Data,,70,,5,No Data,,,,
316078,1,4,2019,896.00,No Data,,2,,5.00,No Data,8,2,Average,No Data,,1,,,No Data,,70,,5,No Data,,,,
316079,1,4,2019,896.00,No Data,,2,,5.00,No Data,8,2,Average,No Data,,1,,,No Data,,70,,5,No Data,,,,
316080,1,3,2019,644.00,No Data,,1,,5.00,No Data,5,1,Average,No Data,,1,,,No Data,,70,,5,No Data,,,,
316081,1,3,2019,644.00,No Data,,1,,5.00,No Data,5,1,Average,No Data,,1,,,No Data,,70,,5,No Data,,,,
316082,1,3,2019,644.00,No Data,,1,,5.00,No Data,5,1,Good,No Data,,1,,,No Data,,70,,5,No Data,,,,
316083,1,3,2019,644.00,No Data,,1,,5.00,No Data,5,1,Average,No Data,,1,,,No Data,,70,,5,No Data,,,,
316084,1,4,2019,896.00,No Data,,2,,5.00,No Data,8,2,Average,No Data,,1,,,No Data,,70,,5,No Data,,,,
316085,1,4,2019,896.00,No Data,,2,,5.00,No Data,8,2,Average,No Data,,1,,,No Data,,70,,5,No Data,,,,
316086,1,3,2019,644.00,No Data,,1,,5.00,No Data,5,1,Average,No Data,,1,,,No Data,,70,,5,No Data,,,,
316087,1,3,2019,644.00,No Data,,1,,5.00,No Data,5,1,Average,No Data,,1,,,No Data,,70,,5,No Data,,,,
316088,1,3,2019,644.00,No Data,,1,,5.00,No Data,5,1,Average,No Data,,1,,,No Data,,70,,5,No Data,,,,
316089,1,3,2019,644.00,No Data,,1,,5.00,No Data,5,1,Average,No Data,,1,,,No Data,,70,,5,No Data,,,,
316090,1,4,2019,854.00,No Data,,2,,5.00,No Data,8,2,Average,No Data,,1,,,No Data,,70,,5,No Data,,,,
316091,1,4,2019,896.00,No Data,,2,,5.00,No Data,8,2,Average,No Data,,1,,,No Data,,70,,5,No Data,,,,
316301,1,4,1979,1904.00,No Data,1,,,2.00,No Data,2,,Poor | Sketch not available.,No Data,,,1,,No Data,,,,2,No Data,,,,
316302,1,7,1979,1827.00,No Data,,2,,7.00,No Data,8,2,Good,No Data,,,,,No Data,,90,,5,No Data,,,,
316304,1,1,1979,450.00,No Data,,,,3.00,No Data,,,Fair,No Data,,,1,,No Data,,,,2,No Data,,,,
316305,1,1,1979,450.00,No Data,,,,3.00,No Data,,,Fair,No Data,,,1,,No Data,,,,2,No Data,,,,
316306,1,,1979,450.00,No Data,,,,3.00,No Data,,,Fair,No Data,,,1,,No Data,,,,2,No Data,,,,
316307,1,,1979,450.00,No Data,,,,3.00,No Data,,,Fair,No Data,,,1,,No Data,,,,2,No Data,,,,
317001,1,6,1979,1574.00,No Data,,3,,5.00,No Data,8,2,Average,No Data,,1,,,No Data,,,,5,No Data,,,,
317002,1,6,1979,1574.00,No Data,,3,,5.00,No Data,8,2,Average,No Data,,1,,,No Data,,,,5,No Data,,,,
317003,1,6,1979,1574.00,No Data,,3,,5.00,No Data,8,2,Average,No Data,,1,,,No Data,,,,5,No Data,,,,
317004,1,6,1979,1574.00,No Data,,3,,5.00,No Data,8,2,Average,No Data,,1,,,No Data,,,,5,No Data,,,,
317005,1,6,1979,1574.00,No Data,,3,,5.00,No Data,8,2,Average,No Data,,1,,,No Data,,,,5,No Data,,,,
317006,1,6,1979,1574.00,No Data,,3,,5.00,No Data,8,2,Average,No Data,,1,,,No Data,,,,5,No Data,,,,
317007,1,6,1979,1574.00,No Data,,3,,5.00,No Data,8,2,Average,No Data,,1,,,No Data,,,,5,No Data,,,,
317008,1,6,1979,1619.00,No Data,,3,,5.00,No Data,8,2,Average,No Data,,1,,,No Data,,180,,5,No Data,,,,
317009,1,6,1979,1574.00,No Data,,3,,5.00,No Data,8,2,Average,No Data,,1,,,No Data,,,,5,No Data,,,,
317010,1,6,1979,1574.00,No Data,,3,,5.00,No Data,8,2,Average,No Data,,1,,,No Data,,168,,5,No Data,,,,
317011,1,6,1979,1574.00,No Data,,3,,5.00,No Data,8,2,Very Good,No Data,,1,,,No Data,,,,5,No Data,,,,
317012,1,6,1979,1574.00,No Data,,3,,5.00,No Data,8,2,Average,No Data,,1,,,No Data,,,,5,No Data,,,,
317013,1,6,1979,1574.00,No Data,,3,,5.00,No Data,8,2,Average,No Data,,1,,,No Data,,,,5,No Data,,,,
317014,1,6,1979,1574.00,No Data,,3,,5.00,No Data,8,2,Good,No Data,,1,,,No Data,,,,5,No Data,,,,
317015,1,6,1979,1574.00,No Data,,3,,5.00,No Data,8,2,Average,No Data,,1,,,No Data,,,,5,No Data,,,,
317016,1,6,1979,1574.00,No Data,,3,,5.00,No Data,8,2,Average,No Data,,1,,,No Data,,,,5,No Data,,,,
317017,1,6,1979,1574.00,No Data,,3,,5.00,No Data,8,2,Average,No Data,,1,,,No Data,,,,5,No Data,,,,
317018,1,6,1979,1502.00,No Data,,3,,5.00,No Data,8,2,Average,No Data,,1,,,No Data,,,,5,No Data,,,,
317019,1,6,1979,1502.00,No Data,,3,,5.00,No Data,8,2,Avg/Good,No Data,,1,,,No Data,,,,5,No Data,,,,
317020,1,6,1979,1502.00,No Data,,3,,5.00,No Data,8,2,Average,No Data,,1,,,No Data,,,,5,No Data,,,,
317021,1,6,1979,1616.00,No Data,,3,,5.00,No Data,8,2,Excellent,No Data,,1,1,,No Data,,,,7,No Data,,,,
317022,1,6,1979,1502.00,No Data,,3,,5.00,No Data,8,2,Average,No Data,,1,,,No Data,,,,5,No Data,,,,
317023,1,6,1979,1502.00,No Data,,3,,5.00,No Data,8,2,Average,No Data,,1,,,No Data,,,,5,No Data,,,,
317024,1,6,1979,1502.00,No Data,,3,,5.00,No Data,8,2,Average,No Data,,1,,,No Data,,,,5,No Data,,,,
317025,1,6,1980,1590.00,No Data,,3,,5.00,No Data,8,2,Average,No Data,,1,,,No Data,,,,5,No Data,,,,
317026,1,6,1980,1590.00,No Data,,3,,5.00,No Data,8,2,Average,No Data,,1,,,No Data,,144,,5,No Data,,,,
317027,1,6,1980,1590.00,No Data,,3,,5.00,No Data,8,2,Average,No Data,,1,,,No Data,,120,,5,No Data,,,,
317028,1,6,1980,1590.00,No Data,,3,,5.00,No Data,8,2,Average,No Data,,1,,,No Data,,,,5,No Data,,,,
317029,1,6,1980,1590.00,No Data,,3,,5.00,No Data,8,2,Average,No Data,,1,,,No Data,,144,,5,No Data,,,,
317030,1,6,1980,1590.00,No Data,,3,,5.00,No Data,8,2,Average,No Data,,1,,,No Data,,,,5,No Data,,,,
317031,1,6,1980,1590.00,No Data,,3,,5.00,No Data,8,2,Average,No Data,,1,,,No Data,,144,,5,No Data,,,,
317032,1,6,1980,1590.00,No Data,,3,,5.00,No Data,,2,Average,No Data,,1,,,No Data,,,,5,No Data,,,,
317033,1,6,1980,1590.00,No Data,,3,,5.00,No Data,8,2,Average,No Data,850,1,,,No Data,4,240,,5,No Data,800,,,
317034,1,6,1980,1590.00,No Data,,3,,5.00,No Data,8,2,Average,No Data,850,1,,,No Data,,,,5,No Data,,,,
317035,1,6,1980,1590.00,No Data,,3,,5.00,No Data,8,2,Average,No Data,850,1,,,No Data,4,394,,5,No Data,800,,,
317036,1,6,1980,1590.00,No Data,,3,,5.00,No Data,8,2,Average,No Data,,1,,,No Data,,,,5,No Data,,,,
317037,1,7,1980,1590.00,No Data,,4,,5.00,No Data,8,2,Average,No Data,,1,,,No Data,,,,5,No Data,,,,
317038,1,7,1980,1590.00,No Data,,4,,5.00,No Data,,2,Average,No Data,,1,,,No Data,,,,5,No Data,,,,
317039,1,6,1980,1590.00,No Data,,3,,5.00,No Data,8,2,Average,No Data,,1,,,No Data,,,,5,No Data,,,,
317040,1,7,1980,1590.00,No Data,,4,,5.00,No Data,8,2,Average,No Data,,1,,,No Data,,,,5,No Data,,,,
317041,1,7,1980,1590.00,No Data,,4,,5.00,No Data,8,2,Average,No Data,,1,,,No Data,,,,5,No Data,,,,
317042,1,7,1980,1590.00,No Data,,4,,5.00,No Data,8,2,Average,No Data,,1,,,No Data,,,,5,No Data,,,,
317043,1,7,1980,1590.00,No Data,,4,,5.00,No Data,8,2,Average,No Data,,1,,,No Data,,,,5,No Data,,,,
317044,1,7,1980,1590.00,No Data,,4,,5.00,No Data,8,2,Average,No Data,,1,,,No Data,,,,5,No Data,,,,
317045,1,7,1980,1590.00,No Data,,4,,5.00,No Data,8,2,Good,No Data,,1,,,No Data,,,,5,No Data,,,,
317046,1,7,1980,1590.00,No Data,,4,,5.00,No Data,8,2,Average,No Data,,1,,,No Data,,,,5,No Data,,,,
317047,1,7,1980,1590.00,No Data,,4,,5.00,No Data,8,2,Average,No Data,,1,,,No Data,,,,5,No Data,,,,
317048,1,7,1980,1590.00,No Data,,3,,5.00,No Data,8,2,Average,No Data,,1,,,No Data,,,,5,No Data,,,,
318001,1,5,1980,1192.00,No Data,,2,,5.00,No Data,,2,Average,No Data,,1,1,,No Data,,144,,5,No Data,,,,
318002,1,5,1980,1192.00,No Data,,2,,5.00,No Data,,2,Average,No Data,,1,1,,No Data,,144,,5,No Data,,,,
318003,1,5,1980,1192.00,No Data,,2,,5.00,No Data,,2,Average,No Data,,1,1,,No Data,,144,,5,No Data,,,,
318004,1,7,1980,1438.00,No Data,,3,,5.00,No Data,,3,Good,No Data,894,1,1,,No Data,3,144,,5,No Data,894,,,
318005,1,6,1980,1192.00,No Data,,2,,5.00,No Data,,2,Average,No Data,648,1,1,,No Data,3,144,,5,No Data,550,,,
318006,1,7,1980,1192.00,No Data,,2,,5.00,No Data,,2,Avg/Good,No Data,648,1,1,,No Data,4,144,,5,No Data,648,,,
318007,1,7,1980,1192.00,No Data,,2,,5.00,No Data,,2,Average,No Data,648,1,1,,No Data,4,144,,5,No Data,648,,,
318008,1,7,1980,1438.00,No Data,,3,1980,5.00,No Data,,3,Good,No Data,894,1,,,No Data,3,144,,5,No Data,894,,,
318009,1,6,1980,1438.00,No Data,,3,,5.00,No Data,,3,Average,No Data,,1,,,No Data,,222,,5,No Data,,,,
318010,1,5,1980,1192.00,No Data,,2,,5.00,No Data,,2,Average,No Data,,1,1,,No Data,,144,,5,No Data,,,,
318011,1,5,1980,1192.00,No Data,,2,,5.00,No Data,,2,Average,No Data,,1,1,,No Data,,144,,5,No Data,,,,
318012,1,5,1980,1192.00,No Data,,2,,5.00,No Data,,2,Average,No Data,,1,1,,No Data,,144,,5,No Data,,,,
318013,1,6,1980,1438.00,No Data,,3,,5.00,No Data,,3,Average,No Data,894,1,,,No Data,4,186,,5,No Data,894,,,
318014,1,6,1980,1438.00,No Data,,3,,5.00,No Data,,3,Average,No Data,,1,,,No Data,,144,,5,No Data,,,,
318015,1,5,1980,1192.00,No Data,,2,,5.00,No Data,,2,Average,No Data,,1,1,,No Data,,144,,5,No Data,,,,
318016,1,5,1980,1192.00,No Data,,2,,5.00,No Data,,2,Average,No Data,,1,1,,No Data,,144,,5,No Data,,,,
318017,1,6,1980,1438.00,No Data,,3,,5.00,No Data,,3,Average,No Data,,1,,,No Data,,144,,5,No Data,,,,
318018,1,5,1980,1438.00,No Data,,3,,5.00,No Data,,3,Average,No Data,,1,,,No Data,,144,,5,No Data,,,,
318019,1,5,1980,1192.00,No Data,,2,,5.00,No Data,,2,Average,No Data,,1,1,,No Data,,144,,5,No Data,,,,
318020,1,5,1980,1192.00,No Data,,2,,5.00,No Data,,2,Average,No Data,,1,1,,No Data,,144,,5,No Data,,,,
318021,1,6,1980,1438.00,No Data,,3,,5.00,No Data,,3,Average,No Data,,1,,,No Data,,144,,5,No Data,,,,
318022,1,7,1980,1438.00,No Data,,3,,5.00,No Data,,3,Good,No Data,894,1,,,No Data,4,144,,5,No Data,894,,,
318023,1,6,1980,1192.00,No Data,,3,,5.00,No Data,,3,Average,No Data,648,1,1,,No Data,4,144,,5,No Data,648,,,
318024,1,7,1980,1192.00,No Data,,3,,5.00,No Data,,3,Average,No Data,648,1,1,,No Data,4,144,,5,No Data,648,,,
318025,1,6,1980,1192.00,No Data,,2,,5.00,No Data,,2,Average,No Data,648,1,2,,No Data,4,144,,5,No Data,648,,,
319101,1,4,1980,1419.00,No Data,,2,24,5.00,No Data,,3,Avg/Good,No Data,,,,12,No Data,,216,,5,No Data,,,,
319102,1,5,1980,1428.00,No Data,,2,,5.00,No Data,,2,Good,No Data,,,,,No Data,,260,,5,No Data,,,,
319103,1,4,1980,1262.00,No Data,,2,24,5.00,No Data,,3,Average,No Data,,,,-10000,No Data,,216,,5,No Data,,,,
319104,1,3,1980,623.00,No Data,,1,,5.00,No Data,,1,Average,No Data,,,,,No Data,,86,,5,No Data,,,,
319105,1,3,1980,623.00,No Data,,1,,5.00,No Data,,1,Average,No Data,,,,,No Data,,86,,5,No Data,,,,
319106,1,4,1980,1262.00,No Data,,2,,5.00,No Data,,3,Average,No Data,,,,,No Data,,216,,5,No Data,,,,
319107,1,5,1980,1428.00,No Data,,2,,5.00,No Data,,2,Average,No Data,,,,,No Data,,260,,5,No Data,,,,
319108,1,4,1980,1262.00,No Data,,2,,5.00,No Data,,3,Average,No Data,,,,,No Data,,216,,5,No Data,,,,
319109,1,3,1980,816.00,No Data,,1,,5.00,No Data,,1,Average,No Data,,,,,No Data,,218,,5,No Data,,,,
319110,1,3,1980,816.00,No Data,,1,,5.00,No Data,,1,Average,No Data,,,,,No Data,,218,,5,No Data,,,,
320101,1,3,1980,548.00,No Data,,1,,5.00,No Data,5,1,Average,No Data,,,,,No Data,,,,5,No Data,,,,
320102,1,3,1980,548.00,No Data,,1,,5.00,No Data,5,1,Avg/Good,No Data,,,,,No Data,,,,5,No Data,,,,
320103,1,3,1980,548.00,No Data,,1,,5.00,No Data,5,1,Average,No Data,,,,,No Data,,,,5,No Data,,,,
320104,1,3,1980,548.00,No Data,,1,,5.00,No Data,5,1,Average,No Data,,,,,No Data,,,,5,No Data,,,,
320105,1,3,1980,548.00,No Data,,1,,5.00,No Data,5,1,Average,No Data,,,,,No Data,,,,5,No Data,,,,
320106,1,3,1980,548.00,No Data,,1,,5.00,No Data,5,1,Average,No Data,,,,,No Data,,,,5,No Data,,,,
320107,1,3,1980,548.00,No Data,,1,,5.00,No Data,5,1,Average,No Data,,,,,No Data,,,,5,No Data,,,,
320108,1,3,1980,548.00,No Data,,1,,5.00,No Data,5,1,Average,No Data,,,,,No Data,,,,5,No Data,,,,
320109,1,3,1980,548.00,No Data,,1,,5.00,No Data,5,1,Fair,No Data,,,,,No Data,,,,5,No Data,,,,
320110,1,3,1980,548.00,No Data,,1,,5.00,No Data,5,1,Average,No Data,,,,,No Data,,,,5,No Data,,,,
320201,1,3,1980,548.00,No Data,,1,,5.00,No Data,5,1,Good,No Data,,,,,No Data,,40,,5,No Data,,,,
320202,1,3,1980,548.00,No Data,,1,,5.00,No Data,5,1,Average,No Data,,,,,No Data,,40,,5,No Data,,,,
320203,1,3,1980,548.00,No Data,,1,,5.00,No Data,5,1,Average,No Data,,,,,No Data,,40,,5,No Data,,,,
320204,1,3,1980,548.00,No Data,,1,,5.00,No Data,5,1,Average,No Data,,,,,No Data,,40,,5,No Data,,,,
320205,1,3,1980,548.00,No Data,,1,,5.00,No Data,5,1,Average,No Data,,,,,No Data,,40,,5,No Data,,,,
320206,1,3,1980,548.00,No Data,,1,,5.00,No Data,5,1,Average,No Data,,,,,No Data,,40,,5,No Data,,,,
320207,1,3,1980,548.00,No Data,,1,,5.00,No Data,5,1,Average,No Data,,,,,No Data,,40,,5,No Data,,,,
320208,1,3,1980,548.00,No Data,,1,,5.00,No Data,5,1,Average,No Data,,,,,No Data,,40,,5,No Data,,,,
320209,1,3,1980,548.00,No Data,,1,,5.00,No Data,5,1,Average,No Data,,,,,No Data,,40,,5,No Data,,,,
320210,1,3,1980,653.00,No Data,,1,,5.00,No Data,5,1,Average,No Data,,,,,No Data,,40,,5,No Data,,,,
320301,1,3,1980,548.00,No Data,,1,,5.00,No Data,5,1,Average,No Data,,,,,No Data,,40,,5,No Data,,,,
320302,1,3,1980,548.00,No Data,,1,,5.00,No Data,5,1,Average,No Data,,,,,No Data,,40,,5,No Data,,,,
320303,1,3,1980,548.00,No Data,,1,,5.00,No Data,5,1,Average,No Data,,,,,No Data,,40,,5,No Data,,,,
320304,1,3,320,548.00,No Data,,1,,5.00,No Data,5,1,Average,No Data,,,,,No Data,,40,,5,No Data,,,,
320305,1,3,1980,548.00,No Data,,1,,5.00,No Data,5,1,Avg/Good,No Data,,,,,No Data,,40,,5,No Data,,,,
320306,1,3,1980,548.00,No Data,,1,,5.00,No Data,5,1,Good,No Data,,,,,No Data,,40,,5,No Data,,,,
320307,1,3,1980,548.00,No Data,,1,,5.00,No Data,5,1,Average,No Data,,,,,No Data,,40,,5,No Data,,,,
320308,1,3,1980,548.00,No Data,,1,,5.00,No Data,5,1,Average,No Data,,,,,No Data,,40,,5,No Data,,,,
320309,1,3,1980,548.00,No Data,,1,,5.00,No Data,5,1,Average,No Data,,,,,No Data,,40,,5,No Data,,,,
320310,1,3,1980,653.00,No Data,,1,,5.00,No Data,5,1,Average,No Data,,,,,No Data,,40,,5,No Data,,,,
320401,1,3,1980,548.00,No Data,,1,,5.00,No Data,5,1,Average,No Data,,,,,No Data,,40,,5,No Data,,,,
320402,1,3,1980,548.00,No Data,,1,,5.00,No Data,5,1,Average,No Data,,,,,No Data,,40,,5,No Data,,,,
320403,1,3,1980,548.00,No Data,,1,,5.00,No Data,5,1,Average,No Data,,,,,No Data,,40,,5,No Data,,,,
320404,1,3,1980,548.00,No Data,,1,,5.00,No Data,5,1,Average,No Data,,,,,No Data,,40,,5,No Data,,,,
320405,1,3,1980,548.00,No Data,,1,,5.00,No Data,5,1,Average,No Data,,,,,No Data,,40,,5,No Data,,,,
320406,1,3,1980,548.00,No Data,,1,,5.00,No Data,5,1,Average,No Data,,,,,No Data,,40,,5,No Data,,,,
320407,1,3,1980,548.00,No Data,,1,,5.00,No Data,5,1,Average,No Data,,,,,No Data,,40,,5,No Data,,,,
320408,1,3,1980,548.00,No Data,,1,,5.00,No Data,5,1,Average,No Data,,,,,No Data,,40,,5,No Data,,,,
320409,1,3,1980,548.00,No Data,,1,,5.00,No Data,5,1,Average,No Data,,,,,No Data,,40,,5,No Data,,,,
320410,1,3,1980,653.00,No Data,,1,,5.00,No Data,5,1,Average,No Data,,,,,No Data,,40,,5,No Data,,,,
320501,1,3,1980,548.00,No Data,,1,,5.00,No Data,5,1,Average,No Data,,,,,No Data,,40,,5,No Data,,,,
320502,1,3,1980,548.00,No Data,,1,,5.00,No Data,5,1,Average,No Data,,,,,No Data,,40,,5,No Data,,,,
320503,1,3,1980,548.00,No Data,,1,,5.00,No Data,5,1,Average,No Data,,,,,No Data,,40,,5,No Data,,,,
320504,1,3,1980,548.00,No Data,,1,,5.00,No Data,5,1,Avg/Good,No Data,,,,,No Data,,40,,5,No Data,,,,
320505,1,3,1980,548.00,No Data,,1,,5.00,No Data,5,1,Average,No Data,,,,,No Data,,40,,5,No Data,,,,
320506,1,3,1980,548.00,No Data,,1,,5.00,No Data,5,1,Average,No Data,,,,,No Data,,40,,5,No Data,,,,
320507,1,3,1980,548.00,No Data,,1,,5.00,No Data,5,1,Average,No Data,,,,,No Data,,40,,5,No Data,,,,
320508,1,3,1980,548.00,No Data,,1,,5.00,No Data,5,1,Average,No Data,,,,,No Data,,40,,5,No Data,,,,
320509,1,3,1980,548.00,No Data,,1,,5.00,No Data,5,1,Average,No Data,,,,,No Data,,40,,5,No Data,,,,
320510,1,3,1980,807.00,No Data,,2,,5.00,No Data,8,2,Average,No Data,,,,,No Data,,40,,5,No Data,,,,
321000,1,7,1981,1900.00,No Data,,4,,5.00,No Data,14,4,Average,No Data,444,1,,,No Data,3,234,,5,No Data,200,,,
321001,1,6,1981,1640.00,No Data,,3,,5.00,No Data,11,3,Avg/Good,No Data,,1,,,No Data,,,,5,No Data,,,,
321002,1,6,1981,1640.00,No Data,,3,,5.00,No Data,11,3,Average,No Data,,1,,,No Data,,234,,5,No Data,,,,
321003,1,6,1981,1640.00,No Data,,3,,5.00,No Data,11,3,Average,No Data,,1,,,No Data,,234,,5,No Data,,,,
321004,1,7,1981,1900.00,No Data,,4,,5.00,No Data,14,4,Average,No Data,,1,,,No Data,,549,,5,No Data,,,,
321005,1,7,1981,1900.00,No Data,,4,,5.00,No Data,14,4,Average,No Data,,1,,,No Data,,234,,5,No Data,,,,
321006,1,7,1981,1900.00,No Data,,4,,5.00,No Data,14,4,Average,No Data,,1,,,No Data,,234,,5,No Data,,,,
321007,1,6,1981,1640.00,No Data,,3,,5.00,No Data,11,3,Average,No Data,,1,,,No Data,,410,,5,No Data,,,,
321008,1,6,1981,1640.00,No Data,,3,,5.00,No Data,11,3,Average,No Data,,1,,,No Data,,234,,5,No Data,,,,
321010,1,5,1981,1202.00,No Data,,2,,5.00,No Data,7,1,Average,No Data,,,1,,No Data,,,,5,No Data,,,,
321011,1,5,1981,1166.00,No Data,,2,,5.00,No Data,7,1,Average,No Data,,,1,,No Data,,,,5,No Data,,,,
321012,1,5,1980,1166.00,No Data,,2,,5.00,No Data,7,1,Average,No Data,,,1,,No Data,,,,5,No Data,,,,
321013,1,5,1980,1166.00,No Data,,2,,5.00,No Data,7,1,Average,No Data,,,1,,No Data,,,,5,No Data,,,,
321015,1,5,1980,1166.00,No Data,,2,,5.00,No Data,7,1,Average,No Data,,,1,,No Data,,,,5,No Data,,,,
321016,1,5,1980,1166.00,No Data,,2,,5.00,No Data,7,1,Average,No Data,,1,1,,No Data,,,,5,No Data,,,,
321017,1,5,1981,1166.00,No Data,,2,,5.00,No Data,7,1,Average,No Data,,,1,,No Data,,,,5,No Data,,,,
321018,1,5,1980,1166.00,No Data,,2,,5.00,No Data,7,1,Average,No Data,,1,1,,No Data,,165,,5,No Data,,,,
321019,1,6,1980,1478.00,No Data,,3,,5.00,No Data,10,2,Good,No Data,,1,1,,No Data,,,,5,No Data,,,,
321020,1,5,1980,1166.00,No Data,,2,,5.00,No Data,7,1,Average,No Data,,1,1,,No Data,,177,,5,No Data,,,,
321022,1,6,1980,1478.00,No Data,,3,,5.00,No Data,10,2,Average,No Data,,1,1,,No Data,,196,,5,No Data,,,,
321023,1,5,1981,1166.00,No Data,,2,,5.00,No Data,7,1,Average,No Data,,1,1,,No Data,,331,,5,No Data,,,,
321024,1,6,1980,1484.00,No Data,,3,,5.00,No Data,10,2,Average,No Data,,1,1,,No Data,,460,,5,No Data,,,,
321025,1,6,1980,1484.00,No Data,,3,,5.00,No Data,10,2,Good,No Data,,1,1,,No Data,,484,,5,No Data,,,,
321027,1,6,1981,1686.00,No Data,,3,,5.00,No Data,13,3,Average,No Data,,1,1,,No Data,,225,,5,No Data,,,,
321028,1,6,1981,1716.00,No Data,,3,,5.00,No Data,13,3,Average,No Data,,1,1,,No Data,,594,,5,No Data,,,,
321029,1,8,1981,1722.00,No Data,,4,,5.00,No Data,16,4,Average,No Data,764,1,1,,No Data,4,348,,5,No Data,572,,,
321030,1,5,1981,1368.00,No Data,,2,,5.00,No Data,10,2,Average,No Data,716,1,1,,No Data,4,342,,5,No Data,542,,,
321031,1,5,1981,1368.00,No Data,,2,,5.00,No Data,10,2,Average,No Data,722,1,1,,No Data,4,283,,5,No Data,542,,,
321033,1,5,1981,1368.00,No Data,,2,,5.00,No Data,13,3,Average,No Data,722,1,1,,No Data,4,283,,5,No Data,542,,,
321034,1,6,1983,1686.00,No Data,,3,,5.00,No Data,13,3,Average,No Data,,,1,,No Data,,,,5,No Data,,,,
321035,1,6,1983,1686.00,No Data,,3,,5.00,No Data,13,3,Average,No Data,,,1,,No Data,,,,5,No Data,,,,
321036,1,6,1983,1686.00,No Data,,3,,5.00,No Data,13,3,Average,No Data,,,1,,No Data,,,,5,No Data,,,,
321037,1,6,1981,1454.00,No Data,,3,,5.00,No Data,10,2,Average,No Data,,1,1,,No Data,,150,,5,No Data,,,,
321040,1,6,1981,1448.00,No Data,,3,,5.00,No Data,10,2,Average,No Data,,,1,,No Data,,100,,5,No Data,,,,
321041,1,7,1980,1466.00,No Data,,4,,5.00,No Data,13,3,Average,No Data,576,,1,,No Data,3,154,,5,No Data,254,,,
321042,1,6,1980,1532.00,No Data,,3,,5.00,No Data,10,2,Very Good,No Data,,,1,,No Data,,332,,5,No Data,,,,
321043,1,6,1980,1448.00,No Data,,3,,5.00,No Data,10,2,Average,No Data,,,1,,No Data,,354,,5,No Data,,,,
321044,1,6,1980,1448.00,No Data,,3,,5.00,No Data,10,2,Average,No Data,,,1,,No Data,,,,5,No Data,,,,
321045,1,7,1980,1586.00,No Data,,4,,5.00,No Data,16,4,Average,No Data,672,,1,,No Data,,,,5,No Data,,,,
321046,1,6,1980,1448.00,No Data,,3,,5.00,No Data,10,2,Average,No Data,,,1,,No Data,,,,5,No Data,,,,
321047,1,5,1981,1480.00,No Data,,2,,5.00,No Data,10,2,Average,No Data,,,1,,No Data,,,,5,No Data,,,,
321048,1,6,1981,1448.00,No Data,,3,,5.00,No Data,10,2,Average,No Data,,,1,,No Data,,,,5,No Data,,,,
321049,1,6,1980,1448.00,No Data,,3,,5.00,No Data,10,2,Average,No Data,,,1,,No Data,,,,5,No Data,,,,
321051,1,6,1980,1448.00,No Data,,3,,5.00,No Data,10,2,Average,No Data,,,1,,No Data,,,,5,No Data,,,,
321052,1,6,1981,1296.00,No Data,,2,,5.00,No Data,7,1,Average,No Data,648,,1,,No Data,4,,,5,No Data,445,,,
321053,1,6,1981,1448.00,No Data,,3,,5.00,No Data,10,2,Average,No Data,,,1,,No Data,,,,5,No Data,,,,
321054,1,6,1981,1984.00,No Data,,3,,5.00,No Data,13,3,Average,No Data,,,1,,No Data,,154,,5,No Data,,,,
321055,1,5,1981,1368.00,No Data,,2,,5.00,No Data,10,2,Average,No Data,,,1,,No Data,,,,5,No Data,,,,
321056,1,6,1982,1827.00,No Data,,3,,5.00,No Data,13,3,Average,No Data,,,1,,No Data,,,,5,No Data,,,,
321057,1,5,1983,1368.00,No Data,,2,,5.00,No Data,10,2,Avg/Good,No Data,,,1,,No Data,,,,5,No Data,,,,
321058,1,7,1982,1900.00,No Data,,4,,5.00,No Data,14,4,Average,No Data,942,1,,,No Data,4,,,5,No Data,842,,,
321059,1,8,1982,1900.00,No Data,,4,,5.00,No Data,16,4,Average,No Data,942,1,1,,No Data,4,,,5,No Data,842,,,
321060,1,7,1982,1900.00,No Data,,4,,5.00,No Data,14,4,Average,No Data,942,1,,,No Data,4,,,5,No Data,842,,,
321061,1,9,1982,1976.00,No Data,,6,,5.00,No Data,17,5,Average,No Data,942,1,,,No Data,4,241,,8,No Data,942,,,
321062,1,8,1982,1900.00,No Data,,4,,5.00,No Data,14,4,Average,No Data,942,1,,,No Data,4,,,5,No Data,842,,,
321063,1,6,1982,1640.00,No Data,,3,,5.00,No Data,11,3,Average,No Data,,1,,,No Data,,,,5,No Data,,,,
321064,1,7,1982,1640.00,No Data,,3,,5.00,No Data,11,3,Average,No Data,866,1,,,No Data,3,,,5,No Data,766,,,
321065,1,8,1982,1900.00,No Data,,4,,5.00,No Data,14,4,Average,No Data,,1,,,No Data,,,,5,No Data,,,,
321066,1,7,1981,1969.00,No Data,,3,,5.00,No Data,14,4,Average,No Data,,1,,,No Data,,,,5,No Data,,,,
321067,1,6,1981,1640.00,No Data,,3,,5.00,No Data,11,3,Average,No Data,,1,,,No Data,,,,5,No Data,,,,
321068,1,6,1983,1640.00,No Data,,3,,5.00,No Data,11,3,Average,No Data,,1,,,No Data,,,,5,No Data,,,,
321069,1,7,1982,1900.00,No Data,,4,,5.00,No Data,14,4,Very Good,No Data,,1,,,No Data,,564,,5,No Data,,,,
321070,1,7,1982,1900.00,No Data,,4,,5.00,No Data,14,4,Average,No Data,,1,,,No Data,,564,,5,No Data,,,,
321071,1,8,1982,1900.00,No Data,,4,,5.00,No Data,14,4,Average,No Data,,1,,,No Data,,564,,5,No Data,,,,
321072,1,8,1982,1900.00,No Data,,4,,5.00,No Data,14,4,Average,No Data,,1,,,No Data,,564,,5,No Data,,,,
321073,1,8,1982,1952.00,No Data,,4,,5.00,No Data,14,4,Average,No Data,,1,,,No Data,,564,,5,No Data,,,,
321074,1,6,1981,1640.00,No Data,,3,,5.00,No Data,11,3,Average,No Data,,1,,,No Data,,,,5,No Data,,,,
321075,1,7,1981,1900.00,No Data,,4,,5.00,No Data,14,4,Average,No Data,,1,,,No Data,,564,,5,No Data,,,,
321076,1,8,1982,1952.00,No Data,,4,,5.00,No Data,14,4,Average,No Data,,1,,,No Data,,,,5,No Data,,,,
321077,1,8,1982,1900.00,No Data,,4,,5.00,No Data,14,4,Average,No Data,,1,,,No Data,,564,,5,No Data,,,,
321078,1,8,1982,1900.00,No Data,,4,,5.00,No Data,14,4,Good,No Data,,1,,,No Data,,564,,5,No Data,,,,
321079,1,8,1982,1900.00,No Data,,4,,5.00,No Data,14,4,Average,No Data,,1,,,No Data,,,,5,No Data,,,,
322001,1,6,1983,1329.00,No Data,,3,,5.00,No Data,,2,Average,No Data,,,,,No Data,,,,5,No Data,,,,
322002,1,6,1983,1329.00,No Data,,3,,5.00,No Data,,2,Average,No Data,,,,,No Data,,,,5,No Data,,,,
322003,1,6,1983,1329.00,No Data,,3,,5.00,No Data,,2,Good,No Data,,,,,No Data,,,,5,No Data,,,,
322004,1,6,1983,1329.00,No Data,,3,,5.00,No Data,,2,Average,No Data,,,,,No Data,,,,5,No Data,,,,
322005,1,6,1982,1329.00,No Data,,3,,5.00,No Data,,2,Good,No Data,,,,,No Data,,,,5,No Data,,,,
322006,1,6,1982,1329.00,No Data,,3,,5.00,No Data,,2,Average,No Data,,,,,No Data,,,,5,No Data,,,,
322007,1,7,1982,1329.00,No Data,,3,,5.00,No Data,,2,Average,No Data,,,,,No Data,,,,5,No Data,,,,
322008,1,6,1982,1329.00,No Data,,3,,5.00,No Data,,2,Average,No Data,,,,,No Data,,,,5,No Data,,,,
322009,1,6,1983,1443.00,No Data,,3,,5.00,No Data,,2,Average,No Data,,,,,No Data,,,,5,No Data,,,,
322010,1,7,1981,1329.00,No Data,,3,,5.00,No Data,,2,Average,No Data,,,,,No Data,,,,5,No Data,,,,
322011,1,7,1981,1329.00,No Data,,3,,5.00,No Data,,2,Average,No Data,,,,,No Data,,,,5,No Data,,,,
322012,1,8,1981,1329.00,No Data,,3,,5.00,No Data,,2,Average,No Data,,,,,No Data,,,,5,No Data,,,,
322013,1,7,1981,1489.00,No Data,,3,,5.00,No Data,,2,Average,No Data,,,,,No Data,,,,5,No Data,,,,
322014,1,7,1981,1443.00,No Data,,3,,5.00,No Data,,2,Average,No Data,,,,,No Data,,,,5,No Data,,,,
322015,1,7,1981,1329.00,No Data,,3,,5.00,No Data,,2,Average,No Data,,,,,No Data,,,,5,No Data,,,,
322016,1,8,1981,1329.00,No Data,,3,,5.00,No Data,,2,Average,No Data,,,,,No Data,,,,5,No Data,,,,
322017,1,8,1981,1329.00,No Data,,3,,5.00,No Data,,2,Average,No Data,,,,,No Data,,,,5,No Data,,,,
322018,1,8,1981,1329.00,No Data,,3,,5.00,No Data,,2,Average,No Data,,,,,No Data,,,,5,No Data,,,,
323001,1,5,1981,3984.00,No Data,,,,5.00,No Data,10,,Average,No Data,,,4,,No Data,,,,3,No Data,,,,
323101,1,3,1981,550.00,No Data,,1,,5.00,No Data,5,1,Average,No Data,,,,,No Data,,,,3,No Data,,,,
323102,1,3,1981,550.00,No Data,,1,,5.00,No Data,5,1,Average,No Data,,,,,No Data,,54,,5,No Data,,,,
323103,1,3,1981,550.00,No Data,,1,,5.00,No Data,5,1,Average,No Data,,,,,No Data,,,,3,No Data,,,,
323104,1,3,1981,550.00,No Data,,1,,5.00,No Data,5,1,Average,No Data,,,,,No Data,,54,,5,No Data,,,,
323105,1,3,1981,550.00,No Data,,1,,5.00,No Data,5,1,Average,No Data,,,,,No Data,,,,3,No Data,,,,
323106,1,3,1981,550.00,No Data,,1,,5.00,No Data,5,1,Average,No Data,,,,,No Data,,54,,5,No Data,,,,
323107,1,3,1981,440.00,No Data,,1,,5.00,No Data,5,1,Average,No Data,,,,,No Data,,,,4,No Data,,,,
323201,1,3,1981,550.00,No Data,,1,,5.00,No Data,5,1,Average,No Data,,,,,No Data,,54,,5,No Data,,,,
323202,1,3,1981,550.00,No Data,,1,,5.00,No Data,5,1,Average,No Data,,,,,No Data,,54,,5,No Data,,,,
323203,1,3,1981,550.00,No Data,,1,,5.00,No Data,5,1,Average,No Data,,,,,No Data,,54,,5,No Data,,,,
323204,1,3,1981,550.00,No Data,,1,,5.00,No Data,5,1,Average,No Data,,,,,No Data,,54,,5,No Data,,,,
323205,1,3,1981,550.00,No Data,,1,,5.00,No Data,5,1,Average,No Data,,,,,No Data,,54,,5,No Data,,,,
323206,1,3,1981,550.00,No Data,,1,,5.00,No Data,5,1,Average,No Data,,,,,No Data,,54,,5,No Data,,,,
323301,1,3,1981,550.00,No Data,,1,,5.00,No Data,5,1,Average,No Data,,,,,No Data,,54,,5,No Data,,,,
323302,1,3,1981,550.00,No Data,,1,,5.00,No Data,5,1,Average,No Data,,,,,No Data,,54,,5,No Data,,,,
323303,1,3,1981,550.00,No Data,,1,,5.00,No Data,5,1,Average,No Data,,,,,No Data,,54,,5,No Data,,,,
323304,1,3,1981,550.00,No Data,,1,,5.00,No Data,5,1,Average,No Data,,,,,No Data,,54,,5,No Data,,,,
323305,1,3,1981,550.00,No Data,,1,,5.00,No Data,5,1,Average,No Data,,,,,No Data,,54,,5,No Data,,,,
323306,1,3,1981,550.00,No Data,,1,,5.00,No Data,5,1,Average,No Data,,,,,No Data,,54,,5,No Data,,,,
323307,1,3,1981,480.00,No Data,,1,,5.00,No Data,5,1,Average,No Data,,,,,No Data,,,,7,No Data,,,,
324001,1,6,1981,1050.00,No Data,,2,,5.00,No Data,,2,Average,No Data,,,,,No Data,,,,5,No Data,,,,
324002,1,6,1981,1050.00,No Data,,2,,5.00,No Data,,2,Average,No Data,,,,,No Data,,,,5,No Data,,,,
324003,1,6,1981,1050.00,No Data,,2,,5.00,No Data,,2,Average,No Data,,,,,No Data,,,,5,No Data,,,,
324004,1,6,1981,1050.00,No Data,,2,,5.00,No Data,,2,Average,No Data,,,,,No Data,,,,5,No Data,,,,
324005,1,6,1981,1050.00,No Data,,2,,5.00,No Data,,2,Average,No Data,,,,,No Data,,,,5,No Data,,,,
324006,1,6,1981,1050.00,No Data,,2,,5.00,No Data,,2,Average,No Data,,,,,No Data,,,,5,No Data,,,,
324007,1,6,1981,1050.00,No Data,,2,,5.00,No Data,,2,Average,No Data,,,,,No Data,,,,5,No Data,,,,
324008,1,6,1981,1050.00,No Data,,2,,5.00,No Data,,2,Average,No Data,,,,,No Data,,,,5,No Data,,,,
324009,1,6,1981,1050.00,No Data,,2,,5.00,No Data,,2,Avg/Good,No Data,,,,,No Data,,,,5,No Data,,,,
324010,1,6,1981,1050.00,No Data,,2,,5.00,No Data,,2,Average,No Data,,,,,No Data,,,,5,No Data,,,,
324011,1,6,1981,1050.00,No Data,,2,,5.00,No Data,,2,Average,No Data,,,,,No Data,,,,5,No Data,,,,
324012,1,6,1981,1050.00,No Data,,2,,5.00,No Data,,2,Average,No Data,,,,,No Data,,,,5,No Data,,,,
324014,1,6,1981,1050.00,No Data,,2,,5.00,No Data,,2,Average,No Data,,,,,No Data,,,,5,No Data,,,,
324015,1,6,1981,1050.00,No Data,,2,,5.00,No Data,,2,Average,No Data,,,,,No Data,,,,5,No Data,,,,
324016,1,6,1981,1050.00,No Data,,2,,5.00,No Data,,2,Average,No Data,,,,,No Data,,,,5,No Data,,,,
324017,1,6,1981,1050.00,No Data,,2,,5.00,No Data,,2,Average,No Data,,,,,No Data,,,,5,No Data,,,,
324018,1,6,1981,1050.00,No Data,,2,,5.00,No Data,,2,Average,No Data,,,,,No Data,,,,5,No Data,,,,
324019,1,6,1981,1050.00,No Data,,2,,5.00,No Data,,2,Average,No Data,,,,,No Data,,,,5,No Data,,,,
324020,1,6,1981,1050.00,No Data,,2,,5.00,No Data,,2,Average,No Data,,,,,No Data,,,,5,No Data,,,,
324021,1,6,1981,1050.00,No Data,,2,,5.00,No Data,,2,Average,No Data,,,,,No Data,,,,5,No Data,,,,
324022,1,6,1981,1050.00,No Data,,2,,5.00,No Data,,2,Average,No Data,,,,,No Data,,,,5,No Data,,,,
324023,1,6,1981,1050.00,No Data,,2,,5.00,No Data,,2,Average,No Data,,,,-10000,No Data,,,,5,No Data,,,,
324024,1,6,1981,1050.00,No Data,,2,,5.00,No Data,,2,Average,No Data,,,,,No Data,,,,5,No Data,,,,
324025,1,6,1981,1050.00,No Data,,2,,5.00,No Data,,2,Average,No Data,,,,,No Data,,,,5,No Data,,,,
324026,1,6,1981,1050.00,No Data,,2,,5.00,No Data,,2,Average,No Data,,,,,No Data,,,,5,No Data,,,,
324027,1,6,1981,1050.00,No Data,,2,,5.00,No Data,,2,Average,No Data,,,,,No Data,,,,5,No Data,,,,
324028,1,6,1981,1050.00,No Data,,2,,5.00,No Data,,2,Average,No Data,,,,,No Data,,,,5,No Data,,,,
324029,1,6,1981,1050.00,No Data,,2,,5.00,No Data,,2,Average,No Data,,,,,No Data,,,,5,No Data,,,,
324030,1,6,1981,1050.00,No Data,,2,,5.00,No Data,,2,Average,No Data,,,,,No Data,,,,5,No Data,,,,
324031,1,6,1981,1050.00,No Data,,2,,5.00,No Data,,2,Average,No Data,,,,,No Data,,,,5,No Data,,,,
324032,1,6,1981,1050.00,No Data,,2,,5.00,No Data,,2,Average,No Data,,,,,No Data,,,,5,No Data,,,,
324033,1,6,1981,1050.00,No Data,,2,,5.00,No Data,,2,Avg/Good,No Data,,,,,No Data,,,,5,No Data,,,,
324034,1,6,1981,1050.00,No Data,,2,,5.00,No Data,,2,Average,No Data,,,,,No Data,,,,5,No Data,,,,
324035,1,6,1981,1050.00,No Data,,2,,5.00,No Data,,2,Average,No Data,,,,,No Data,,,,5,No Data,,,,
324036,1,6,1981,1050.00,No Data,,2,,5.00,No Data,,2,Average,No Data,,,,,No Data,,,,5,No Data,,,,
324037,1,6,1981,1050.00,No Data,,2,,5.00,No Data,,2,Avg/Good,No Data,,,,,No Data,,,,5,No Data,,,,
324038,1,6,1981,1050.00,No Data,,2,,5.00,No Data,,2,Average,No Data,,,,,No Data,,,,5,No Data,,,,
324039,1,6,1981,1050.00,No Data,,2,,5.00,No Data,,2,Average,No Data,,,,,No Data,,,,5,No Data,,,,
324040,1,6,1981,1050.00,No Data,,2,,5.00,No Data,,2,Average,No Data,,,,,No Data,,,,5,No Data,,,,
324041,1,6,1981,1050.00,No Data,,2,,5.00,No Data,,2,Average,No Data,,,,,No Data,,,,5,No Data,,,,
324042,1,6,1981,1050.00,No Data,,2,,5.00,No Data,,2,Average,No Data,,,,,No Data,,,,5,No Data,,,,
324043,1,6,1981,1050.00,No Data,,2,,5.00,No Data,,2,Average,No Data,,,,,No Data,,,,5,No Data,,,,
324044,1,6,1981,1050.00,No Data,,2,,5.00,No Data,,2,Average,No Data,,,,,No Data,,,,5,No Data,,,,
324045,1,6,1981,1050.00,No Data,,2,,5.00,No Data,,2,Average,No Data,,,,,No Data,,,,5,No Data,,,,
324046,1,6,1981,1050.00,No Data,,2,,5.00,No Data,,2,Average,No Data,,,,,No Data,,,,5,No Data,,,,
324047,1,6,1981,1050.00,No Data,,2,,5.00,No Data,,2,Average,No Data,,,,,No Data,,,,5,No Data,,,,
324048,1,6,1981,1050.00,No Data,,2,,5.00,No Data,,2,Average,No Data,,,,,No Data,,,,5,No Data,,,,
324049,1,6,1981,1050.00,No Data,,2,,5.00,No Data,,2,Average,No Data,,,,,No Data,,,,5,No Data,,,,
324050,1,6,1981,1050.00,No Data,,2,,5.00,No Data,,2,Average,No Data,,,,,No Data,,,,5,No Data,,,,
324051,1,6,1981,1050.00,No Data,,2,,5.00,No Data,,2,Average,No Data,,,,,No Data,,,,5,No Data,,,,
324052,1,6,1981,1050.00,No Data,,2,,5.00,No Data,,2,Average,No Data,,,,,No Data,,,,5,No Data,,,,
324053,1,6,1981,1050.00,No Data,,2,,5.00,No Data,,2,Average,No Data,,,,,No Data,,,,5,No Data,,,,
324054,1,6,1981,1050.00,No Data,,2,,5.00,No Data,,2,Avg/Good,No Data,,,,,No Data,,,,5,No Data,,,,
324055,1,6,1981,1050.00,No Data,,2,,5.00,No Data,,2,Avg/Good,No Data,,,,,No Data,,,,5,No Data,,,,
324056,1,6,1982,1050.00,No Data,,2,,5.00,No Data,8,2,Average,No Data,,,,,No Data,,50,,5,No Data,,,,
324057,1,6,1982,1050.00,No Data,,2,,5.00,No Data,8,2,Average,No Data,,,,,No Data,,50,,5,No Data,,,,
324058,1,6,1982,1050.00,No Data,,2,,5.00,No Data,8,2,Average,No Data,,,,,No Data,,50,,5,No Data,,,,
324059,1,6,1982,1050.00,No Data,,2,,5.00,No Data,8,2,Good,No Data,,,,,No Data,,50,,5,No Data,,,,
324060,1,6,1982,1050.00,No Data,,2,,5.00,No Data,8,2,Average,No Data,,,,,No Data,,50,,5,No Data,,,,
324061,1,6,1982,1050.00,No Data,,2,,5.00,No Data,8,2,Average,No Data,,,,,No Data,,50,,5,No Data,,,,
324062,1,6,1982,1050.00,No Data,,2,,5.00,No Data,8,2,Average,No Data,,,,,No Data,,50,,5,No Data,,,,
324063,1,6,1982,1050.00,No Data,,2,,5.00,No Data,8,2,Average,No Data,,,,,No Data,,50,,5,No Data,,,,
324064,1,6,1982,1050.00,No Data,,2,,5.00,No Data,8,2,Average,No Data,,,,,No Data,,50,,5,No Data,,,,
324065,1,6,1982,1050.00,No Data,,2,,5.00,No Data,8,2,Average,No Data,,,,,No Data,,,,5,No Data,,,,
324066,1,6,1982,1050.00,No Data,,2,,5.00,No Data,8,2,Average,No Data,,,,,No Data,,50,,5,No Data,,,,
324067,1,6,1982,1050.00,No Data,,2,,5.00,No Data,8,2,Average,No Data,,,,,No Data,,50,,5,No Data,,,,
324068,1,6,1982,1050.00,No Data,,2,,5.00,No Data,8,2,Average,No Data,,,,,No Data,,50,,5,No Data,,,,
324069,1,6,1982,1050.00,No Data,,2,,5.00,No Data,8,2,Average,No Data,,,,,No Data,,50,,5,No Data,,,,
324070,1,6,1982,1050.00,No Data,,2,,5.00,No Data,8,2,Average,No Data,,,,,No Data,,50,,5,No Data,,,,
324071,1,6,1982,1050.00,No Data,,2,,5.00,No Data,8,2,Average,No Data,,,,,No Data,,50,,5,No Data,,,,
324072,1,6,1982,1050.00,No Data,,2,,5.00,No Data,8,2,Average,No Data,,,,,No Data,,50,,5,No Data,,,,
324073,1,6,1982,1050.00,No Data,,2,,5.00,No Data,8,2,Average,No Data,,,,,No Data,,50,,5,No Data,,,,
324074,1,6,1982,1050.00,No Data,,2,,5.00,No Data,8,2,Average,No Data,,,,,No Data,,,,5,No Data,,,,
324075,1,6,1982,1050.00,No Data,,2,,5.00,No Data,8,2,Average,No Data,,,,,No Data,,50,,5,No Data,,,,
324076,1,6,1982,1050.00,No Data,,2,,5.00,No Data,8,2,Average,No Data,,,,,No Data,,50,,5,No Data,,,,
324077,1,6,1982,1050.00,No Data,,2,,5.00,No Data,8,2,Average,No Data,,,,,No Data,,50,,5,No Data,,,,
324078,1,6,1982,1050.00,No Data,,2,,5.00,No Data,8,2,Average,No Data,,,,,No Data,,50,,5,No Data,,,,
324079,1,6,1982,1050.00,No Data,,2,,5.00,No Data,8,2,Average,No Data,,,,,No Data,,50,,5,No Data,,,,
324080,1,6,1982,1050.00,No Data,,2,,5.00,No Data,8,2,Average,No Data,,,,,No Data,,50,,5,No Data,,,,
324081,1,6,1982,1050.00,No Data,,2,,5.00,No Data,8,2,Average,No Data,,,,,No Data,,50,,5,No Data,,,,
324082,1,6,1982,1050.00,No Data,,2,,5.00,No Data,8,2,Average,No Data,,,,,No Data,,50,,5,No Data,,,,
324083,1,6,1982,1050.00,No Data,,2,,5.00,No Data,8,2,Average,No Data,,,,,No Data,,50,,5,No Data,,,,
324084,1,6,1982,1050.00,No Data,,2,,5.00,No Data,8,2,Average,No Data,,,,,No Data,,50,,5,No Data,,,,
324085,1,6,1982,1050.00,No Data,,2,,5.00,No Data,8,2,Average,No Data,,,,,No Data,,50,,5,No Data,,,,
324086,1,6,1982,1050.00,No Data,,2,,5.00,No Data,8,2,Average,No Data,,,,,No Data,,50,,5,No Data,,,,
324087,1,6,1982,1050.00,No Data,,2,,5.00,No Data,8,2,Average,No Data,,,,,No Data,,50,,5,No Data,,,,
324088,1,6,1982,1050.00,No Data,,2,,5.00,No Data,8,2,Average,No Data,,,,,No Data,,50,,5,No Data,,,,
324089,1,6,1982,1050.00,No Data,,2,,5.00,No Data,8,2,Average,No Data,,,,,No Data,,50,,5,No Data,,,,
324090,1,6,1982,1050.00,No Data,,2,,5.00,No Data,8,2,Average,No Data,,,,,No Data,,50,,5,No Data,,,,
324091,1,6,1982,1050.00,No Data,,2,,5.00,No Data,8,2,Average,No Data,,,,,No Data,,50,,5,No Data,,,,
324092,1,6,1983,1050.00,No Data,,2,,5.00,No Data,8,2,Average,No Data,,,,,No Data,,50,,5,No Data,,,,
324093,1,6,1983,1050.00,No Data,,2,,5.00,No Data,8,2,Average,No Data,,,,,No Data,,50,,5,No Data,,,,
324094,1,6,1983,1050.00,No Data,,2,,5.00,No Data,8,2,Average,No Data,,,,,No Data,,50,,5,No Data,,,,
324095,1,6,1983,1050.00,No Data,,2,,5.00,No Data,8,2,Average,No Data,,,,,No Data,,50,,5,No Data,,,,
324096,1,6,1983,1050.00,No Data,,2,,5.00,No Data,8,2,Average,No Data,,,,,No Data,,50,,5,No Data,,,,
324097,1,6,1983,1050.00,No Data,,2,,5.00,No Data,8,2,Average,No Data,,,,,No Data,,50,,5,No Data,,,,
324098,1,6,1983,1050.00,No Data,,2,,5.00,No Data,8,2,Average,No Data,,,,,No Data,,50,,5,No Data,,,,
324099,1,6,1983,1050.00,No Data,,2,,5.00,No Data,8,2,Average,No Data,,,,,No Data,,50,,5,No Data,,,,
324100,1,6,1983,1050.00,No Data,,2,,5.00,No Data,8,2,Average,No Data,,,,,No Data,,50,,5,No Data,,,,
324101,1,6,1983,1050.00,No Data,,2,,5.00,No Data,8,2,Average,No Data,,,,,No Data,,50,,5,No Data,,,,
324102,1,4,1983,1050.00,No Data,,2,,5.00,No Data,8,2,Average,No Data,,,,,No Data,,50,,5,No Data,,,,
324103,1,4,1983,1050.00,No Data,,2,,5.00,No Data,8,2,Average,No Data,,,,,No Data,,,,5,No Data,,,,
324104,1,4,1983,1050.00,No Data,,2,,5.00,No Data,8,2,Average,No Data,,,,,No Data,,,,5,No Data,,,,
324105,1,4,1983,1050.00,No Data,,2,,5.00,No Data,8,2,Average,No Data,,,,,No Data,,50,,5,No Data,,,,
324106,1,4,1983,1050.00,No Data,,2,,5.00,No Data,8,2,Average,No Data,,,,,No Data,,50,,5,No Data,,,,
324107,1,4,1983,1050.00,No Data,,2,,5.00,No Data,8,2,Average,No Data,,,,,No Data,,50,,5,No Data,,,,
324108,1,4,1983,1050.00,No Data,,2,,5.00,No Data,8,2,Average,No Data,,,,,No Data,,50,,5,No Data,,,,
324109,1,4,1983,1050.00,No Data,,2,,5.00,No Data,8,2,Average,No Data,,,,,No Data,,50,,5,No Data,,,,
324110,1,4,1983,1050.00,No Data,,2,,5.00,No Data,8,2,Average,No Data,,,,,No Data,,50,,5,No Data,,,,
324111,1,4,1983,1050.00,No Data,,2,,5.00,No Data,8,2,Average,No Data,,,,,No Data,,50,,5,No Data,,,,
324112,1,4,1983,1050.00,No Data,,2,,5.00,No Data,8,2,Average,No Data,,,,,No Data,,50,,5,No Data,,,,
324113,1,4,1983,1050.00,No Data,,2,,5.00,No Data,8,2,Average,No Data,,,,,No Data,,,,5,No Data,,,,
324114,1,4,1983,1050.00,No Data,,2,,5.00,No Data,8,2,Avg/Good,No Data,,,,,No Data,,50,,5,No Data,,,,
324115,1,4,1983,1050.00,No Data,,2,,5.00,No Data,8,2,Average,No Data,,,,,No Data,,50,,5,No Data,,,,
325009,1,3,1983,480.00,No Data,,1,,5.00,No Data,,1,Average,No Data,,,,,No Data,,120,,5,No Data,,,,
325010,1,3,1983,480.00,No Data,,1,,5.00,No Data,,1,Average,No Data,,,,,No Data,,,,5,No Data,,,,
325011,1,3,1983,480.00,No Data,,1,,5.00,No Data,,1,Average,No Data,,,,,No Data,,,,5,No Data,,,,
325012,1,3,1983,480.00,No Data,,1,,5.00,No Data,,1,Average,No Data,,,,,No Data,,,,5,No Data,,,,
325013,1,3,1983,480.00,No Data,,1,,5.00,No Data,,1,Average,No Data,,,,,No Data,,,,5,No Data,,,,
325014,1,3,1983,480.00,No Data,,1,,5.00,No Data,,1,Average,No Data,,,,,No Data,,,,5,No Data,,,,
325015,1,3,1983,480.00,No Data,,1,,5.00,No Data,,1,Average,No Data,,,,,No Data,,,,5,No Data,,,,
325016,1,3,1983,480.00,No Data,,1,,5.00,No Data,,1,Average,No Data,,,,,No Data,,,,5,No Data,,,,
325017,1,3,1983,480.00,No Data,,1,,5.00,No Data,,1,Average,No Data,,,,,No Data,,,,5,No Data,,,,
325018,1,3,1983,480.00,No Data,,1,,5.00,No Data,,1,Average,No Data,,,,,No Data,,,,5,No Data,,,,
325019,1,3,1983,480.00,No Data,,1,,5.00,No Data,,1,Average,No Data,,,,,No Data,,,,5,No Data,,,,
325020,1,3,1983,480.00,No Data,,1,,5.00,No Data,,1,Average,No Data,,,,,No Data,,,,5,No Data,,,,
325021,1,3,1983,480.00,No Data,,1,,5.00,No Data,,1,Average,No Data,,,,,No Data,,,,5,No Data,,,,
325022,1,3,1983,480.00,No Data,,1,,5.00,No Data,,1,Average,No Data,,,,,No Data,,,,5,No Data,,,,
325023,1,3,1983,480.00,No Data,,1,,5.00,No Data,,1,Average,No Data,,,,,No Data,,,,5,No Data,,,,
325024,1,3,1983,480.00,No Data,,1,,5.00,No Data,,1,Average,No Data,,,,,No Data,,,,5,No Data,,,,
325071,1,3,1981,480.00,No Data,,1,,5.00,No Data,,1,Average,No Data,,,,,No Data,,,,5,No Data,,,,
325072,1,3,1981,480.00,No Data,,1,,5.00,No Data,,1,Average,No Data,,,,,No Data,,,,5,No Data,,,,
325073,1,3,1981,480.00,No Data,,1,,5.00,No Data,,1,Average,No Data,,,,,No Data,,,,5,No Data,,,,
325074,1,3,1981,480.00,No Data,,1,,5.00,No Data,,1,Average,No Data,,,,,No Data,,,,5,No Data,,,,
325081,1,2,1981,480.00,No Data,,1,,5.00,No Data,,1,Average,No Data,,,,,No Data,,,,5,No Data,,,,
325082,1,2,1981,480.00,No Data,,1,,5.00,No Data,,1,Average,No Data,,,,,No Data,,,,5,No Data,,,,
325083,1,2,1981,480.00,No Data,,1,,5.00,No Data,,1,Average,No Data,,,,,No Data,,,,5,No Data,,,,
325084,1,2,1981,480.00,No Data,,1,,5.00,No Data,,1,Average,No Data,,,,,No Data,,,,5,No Data,,,,
325091,1,2,1981,480.00,No Data,,1,,5.00,No Data,,1,Average,No Data,,,,,Condo,,,1,5,No Data,,,,
325092,1,2,1981,480.00,No Data,,1,,5.00,No Data,,1,Average,No Data,,,,,No Data,,,,5,No Data,,,,
325093,1,2,1981,480.00,No Data,,1,,5.00,No Data,,1,Average,No Data,,,,,No Data,,,,5,No Data,,,,
325094,1,2,1981,480.00,No Data,,1,,5.00,No Data,,1,Average,No Data,,,,,No Data,,,,5,No Data,,,,
325101,1,2,1981,480.00,No Data,,1,,5.00,No Data,,1,Average,No Data,,,,,No Data,,,,5,No Data,,,,
325102,1,2,1981,480.00,No Data,,1,,5.00,No Data,,1,Average,No Data,,,,,No Data,,,,5,No Data,,,,
325103,1,2,1981,480.00,No Data,,1,,5.00,No Data,,1,Average,No Data,,,,,No Data,,,,5,No Data,,,,
325104,1,2,1981,480.00,No Data,,1,,5.00,No Data,,1,Average,No Data,,,,,No Data,,,,5,No Data,,,,
325111,1,2,1981,480.00,No Data,,1,,5.00,No Data,,1,Average,No Data,,,,,No Data,,,,5,No Data,,,,
325112,1,2,1981,480.00,No Data,,1,,5.00,No Data,,1,Average,No Data,,,,,No Data,,,,5,No Data,,,,
325113,1,2,1981,480.00,No Data,,1,,5.00,No Data,,1,Average,No Data,,,,,No Data,,,,5,No Data,,,,
325114,1,2,1981,480.00,No Data,,1,,5.00,No Data,,1,Average,No Data,,,,,No Data,,,,5,No Data,,,,
325121,1,2,1981,480.00,No Data,,1,,5.00,No Data,,1,Average,No Data,,,,,No Data,,,,5,No Data,,,,
325122,1,2,1981,480.00,No Data,,1,,5.00,No Data,,1,Average,No Data,,,,,No Data,,,,5,No Data,,,,
325123,1,2,1981,480.00,No Data,,1,,5.00,No Data,,1,Average,No Data,,,,,No Data,,,,5,No Data,,,,
325124,1,2,1981,480.00,No Data,,1,,5.00,No Data,,1,Average,No Data,,,,,No Data,,,,5,No Data,,,,
325131,1,2,1981,480.00,No Data,,1,,5.00,No Data,,1,Average,No Data,,,,,No Data,,,,5,No Data,,,,
325132,1,2,1981,480.00,No Data,,1,,5.00,No Data,,1,Average,No Data,,,,,No Data,,,,5,No Data,,,,
325133,1,2,1981,480.00,No Data,,1,,5.00,No Data,,1,Average,No Data,,,,,No Data,,,,5,No Data,,,,
325134,1,2,1981,480.00,No Data,,1,,5.00,No Data,,1,Average,No Data,,,,,No Data,,,,5,No Data,,,,
326001,1,7,1982,1559.00,No Data,,2,,5.00,No Data,8,2,Average,No Data,,,,,No Data,,,,5,No Data,,,,
326002,1,9,1982,1846.00,No Data,,3,,5.00,No Data,11,3,Average,No Data,,,,,No Data,,100,,5,No Data,,,,
326003,1,7,1983,1559.00,No Data,,2,,5.00,No Data,8,2,Average,No Data,,,,,No Data,,,,5,No Data,,,,
326004,1,9,1983,1846.00,No Data,,3,,5.00,No Data,11,3,Average,No Data,,,,,No Data,,203,,5,No Data,,,,
326005,1,7,1983,1559.00,No Data,,2,,5.00,No Data,8,2,Average,No Data,,,,,No Data,,64,,5,No Data,,,,
326006,1,9,1983,1846.00,No Data,,3,,5.00,No Data,11,3,Average,No Data,,,,,No Data,,,,5,No Data,,,,
326007,1,7,1983,1559.00,No Data,,2,,5.00,No Data,8,2,Avg/Good,No Data,,,,,No Data,,166,,5,No Data,,,,
326008,1,9,1983,1846.00,No Data,,3,,5.00,No Data,11,3,Average,No Data,,,,,No Data,,146,,5,No Data,,,,
326009,1,7,1983,1559.00,No Data,,2,,5.00,No Data,8,2,Average,No Data,,,,,No Data,,72,,6,No Data,,,,
326010,1,9,1983,1846.00,No Data,,3,,5.00,No Data,11,3,Average,No Data,,,,,No Data,,,,5,No Data,,,,
326011,1,7,1983,1559.00,No Data,,2,,5.00,No Data,8,2,Average,No Data,,,,,No Data,,,,5,No Data,,,,
326012,1,9,1983,1846.00,No Data,,3,,5.00,No Data,11,3,Average,No Data,,,,,No Data,,70,,5,No Data,,,,
326013,1,7,1984,1559.00,No Data,,2,,5.00,No Data,8,2,Average,No Data,,,,,No Data,,,,5,No Data,,,,
326014,1,9,1984,1846.00,No Data,,3,,5.00,No Data,11,3,Average,No Data,,,,,No Data,,,,5,No Data,,,,
326015,1,7,1984,1559.00,No Data,,2,,5.00,No Data,8,2,Average,No Data,,,,,No Data,,124,,5,No Data,,,,
326016,1,9,1984,1846.00,No Data,,3,,5.00,No Data,11,3,Average,No Data,,,,,No Data,,216,,5,No Data,,,,
326017,1,7,1983,1559.00,No Data,,2,,5.00,No Data,8,2,Average,No Data,,,,,No Data,,,,5,No Data,,,,
326018,1,9,1983,1846.00,No Data,,3,,5.00,No Data,11,3,Average,No Data,,,,,No Data,,,,5,No Data,,,,
326019,1,7,1983,1559.00,No Data,,2,,5.00,No Data,8,2,Average,No Data,,,,,No Data,,,,5,No Data,,,,
326020,1,9,1983,1846.00,No Data,,3,,5.00,No Data,11,3,Average,No Data,,,,,No Data,,,,5,No Data,,,,
326021,1,7,1985,1559.00,No Data,,2,,5.00,No Data,8,2,Average,No Data,,,,,No Data,,,,5,No Data,,,,
326022,1,9,1985,1886.00,No Data,,3,,5.00,No Data,11,3,Average,No Data,,,,,No Data,,50,,5,No Data,,,,
326023,1,7,1985,1559.00,No Data,,2,,5.00,No Data,8,2,Avg/Good,No Data,,,,,No Data,,50,,5,No Data,,,,
326024,1,9,1985,1886.00,No Data,,3,,5.00,No Data,11,3,Average,No Data,,,,,No Data,,50,,5,No Data,,,,
326025,1,7,1985,1559.00,No Data,,2,,5.00,No Data,8,2,Average,No Data,,,,,No Data,,329,,5,No Data,,,,
326026,1,9,1985,1886.00,No Data,,3,,5.00,No Data,11,3,Average,No Data,,,,,No Data,,,,5,No Data,,,,
326027,1,7,1985,1559.00,No Data,,2,,5.00,No Data,8,2,Average,No Data,,,,,No Data,,50,,5,No Data,,,,
326028,1,9,1985,1886.00,No Data,,3,,5.00,No Data,11,3,Average,No Data,,,,,No Data,,248,,5,No Data,,,,
326029,1,7,1985,1559.00,No Data,,2,,5.00,No Data,8,2,Average,No Data,,,,,No Data,,288,,5,No Data,,,,
326030,1,9,1985,1886.00,No Data,,3,,5.00,No Data,11,3,Average,No Data,,,,,No Data,,50,,5,No Data,,,,
326031,1,7,1986,1559.00,No Data,,2,,5.00,No Data,8,2,Average,No Data,,,,,No Data,,50,,5,No Data,,,,
326032,1,9,1986,1846.00,No Data,,3,,5.00,No Data,11,3,Average,No Data,,,,,No Data,,50,,5,No Data,,,,
326033,1,7,1986,1559.00,No Data,,2,,5.00,No Data,8,2,Average,No Data,,,,,No Data,,50,,5,No Data,,,,
326034,1,9,1986,1846.00,No Data,,3,,5.00,No Data,11,3,Average,No Data,,,,,No Data,,,,5,No Data,,,,
326035,1,7,1986,1559.00,No Data,,2,,5.00,No Data,11,3,Average,No Data,,,,,No Data,,,,5,No Data,,,,
326036,1,9,1986,1846.00,No Data,,3,,5.00,No Data,11,3,Average,No Data,,,,,No Data,,50,,5,No Data,,,,
326037,1,7,1986,1559.00,No Data,,2,,5.00,No Data,8,2,Average,No Data,,,,,No Data,,,,5,No Data,,,,
326038,1,9,1986,1846.00,No Data,,3,,5.00,No Data,11,3,Average,No Data,,,,,No Data,,,,5,No Data,,,,
326039,1,7,1986,1559.00,No Data,,2,,5.00,No Data,8,2,Average,No Data,,,,,No Data,,,,5,No Data,,,,
326040,1,9,1986,1846.00,No Data,,3,,5.00,No Data,11,3,Average,No Data,,,,,No Data,,,,5,No Data,,,,
327001,1,4,1983,668.00,No Data,,1,,5.00,No Data,,1,Average,No Data,,1,,,No Data,,,,4,No Data,,,,
327002,1,3,1983,668.00,No Data,,1,,5.00,No Data,,1,Average,No Data,,1,,,No Data,,,,5,No Data,,,,
327003,1,3,1983,668.00,No Data,,1,,5.00,No Data,,1,Avg/Good,No Data,,1,,,No Data,,,,5,No Data,,,,
327004,1,3,1983,668.00,No Data,,1,,5.00,No Data,,1,Average,No Data,,1,,,No Data,,,,5,No Data,,,,
327005,1,3,1983,668.00,No Data,,1,,5.00,No Data,,1,Average,No Data,,1,,,No Data,,,,5,No Data,,,,
327006,1,3,1983,668.00,No Data,,1,,5.00,No Data,,1,Average,No Data,,1,,,No Data,,,,5,No Data,,,,
327007,1,3,1983,668.00,No Data,,1,,5.00,No Data,,1,Average,No Data,,1,,,No Data,,,,5,No Data,,,,
327008,1,3,1983,668.00,No Data,,1,,5.00,No Data,,1,Average,No Data,,1,,,No Data,,,,5,No Data,,,,
327009,1,3,1983,668.00,No Data,,1,,5.00,No Data,,1,Average,No Data,,1,,,No Data,,,,5,No Data,,,,
327010,1,3,1983,668.00,No Data,,1,,5.00,No Data,,1,Average,No Data,,1,,,No Data,,,,5,No Data,,,,
327011,1,3,1983,668.00,No Data,,1,,5.00,No Data,,1,Average,No Data,,1,,,No Data,,,,5,No Data,,,,
327012,1,3,1983,668.00,No Data,,1,,5.00,No Data,,1,Average,No Data,,1,,,No Data,,,,5,No Data,,,,
327014,1,3,1983,668.00,No Data,,1,,5.00,No Data,,1,Average,No Data,,1,,,No Data,,,,5,No Data,,,,
327015,1,3,1983,668.00,No Data,,1,,5.00,No Data,,1,Average,No Data,,1,,,No Data,,,,5,No Data,,,,
327016,1,3,1983,668.00,No Data,,1,,5.00,No Data,,1,Average,No Data,,1,,,No Data,,,,5,No Data,,,,
327017,1,3,1983,668.00,No Data,,1,,5.00,No Data,,1,Average,No Data,,1,,,No Data,,,,5,No Data,,,,
327018,1,3,1983,668.00,No Data,,1,,5.00,No Data,,1,Average,No Data,,1,,,No Data,,,,5,No Data,,,,
327019,1,3,1983,668.00,No Data,,1,,5.00,No Data,,1,Average,No Data,,1,,,No Data,,,,5,No Data,,,,
327020,1,3,1983,668.00,No Data,,1,,5.00,No Data,,1,Average,No Data,,1,,,No Data,,,,5,No Data,,,,
327021,1,3,1983,668.00,No Data,,1,,5.00,No Data,,1,Average,No Data,,1,,,No Data,,,,5,No Data,,,,
327022,1,3,1983,668.00,No Data,,1,,5.00,No Data,,1,Average,No Data,,1,,,No Data,,,,5,No Data,,,,
327023,1,3,1983,668.00,No Data,,1,,5.00,No Data,,1,Average,No Data,,1,,,No Data,,,,5,No Data,,,,
327024,1,3,1983,668.00,No Data,,1,,5.00,No Data,,1,Average,No Data,,1,,,No Data,,,,5,No Data,,,,
327025,1,3,1983,668.00,No Data,,1,,5.00,No Data,,1,Average,No Data,,1,,,No Data,,,,5,No Data,,,,
328001,1,7,1984,1680.00,No Data,,2,,5.00,No Data,,3,Average,No Data,,,,,No Data,,396,,5,No Data,,,,
328002,1,7,1984,1680.00,No Data,,2,,5.00,No Data,,3,Average,No Data,,,,,No Data,,396,,5,No Data,,,,
328003,1,7,1984,1680.00,No Data,,2,,5.00,No Data,,3,Average,No Data,,,,,No Data,,396,,5,No Data,,,,
328004,1,7,1984,1680.00,No Data,,2,,5.00,No Data,,3,Average,No Data,,,,,No Data,,396,,5,No Data,,,,
328005,1,7,1983,1680.00,No Data,,2,,5.00,No Data,,3,Average,No Data,,,,,No Data,,396,,5,No Data,,,,
328006,1,7,1983,1680.00,No Data,,2,,5.00,No Data,,3,Average,No Data,,,,,No Data,,396,,5,No Data,,,,
328007,1,7,1983,1680.00,No Data,,2,,5.00,No Data,,3,Average,No Data,,,,,No Data,,396,,5,No Data,,,,
328008,1,7,1988,1680.00,No Data,,2,,5.00,No Data,,3,Average,No Data,,,,,No Data,,396,,5,No Data,,,,
328009,1,6,1988,1680.00,No Data,,2,,5.00,No Data,,3,Average,No Data,,,,,No Data,,396,,5,No Data,,,,
329001,1,4,1984,942.00,No Data,,2,,5.00,No Data,8,2,Average,No Data,,1,,,No Data,,47,,5,No Data,,,,
329002,1,3,1984,621.00,No Data,,1,,5.00,No Data,5,1,Average,No Data,,1,,,No Data,,47,,5,No Data,,,,
329003,1,3,1984,621.00,No Data,,1,,5.00,No Data,5,1,Average,No Data,,1,,,No Data,,47,,5,No Data,,,,
329004,1,4,1984,934.00,No Data,,2,,5.00,No Data,8,2,Average,No Data,,1,,,No Data,,47,,5,No Data,,,,
329005,1,4,1984,926.00,No Data,,2,,5.00,No Data,8,2,Average,No Data,,1,,,No Data,,,,,No Data,,,,
329006,1,3,1984,621.00,No Data,,1,,5.00,No Data,5,1,Average,No Data,,1,,,No Data,,,,5,No Data,,,,
329007,1,3,1984,621.00,No Data,,1,,5.00,No Data,5,1,Average,No Data,,1,,,No Data,,47,,5,No Data,,,,
329008,1,4,1984,942.00,No Data,,2,,5.00,No Data,8,2,Average,No Data,,1,,,No Data,,47,,5,No Data,,,,
329009,1,4,1984,942.00,No Data,,2,,5.00,No Data,8,2,Average,No Data,,1,,,No Data,,47,,4,No Data,,,,
329010,1,3,1984,621.00,No Data,,1,,5.00,No Data,5,1,Average,No Data,,1,,,No Data,,,,4,No Data,,,,
329011,1,3,1984,621.00,No Data,,1,,5.00,No Data,5,1,Average,No Data,,1,,,No Data,,47,,4,No Data,,,,
329012,1,4,1984,934.00,No Data,,2,,5.00,No Data,8,2,Average,No Data,,1,,,No Data,,47,,4,No Data,,,,
329013,1,4,1984,926.00,No Data,,2,,5.00,No Data,8,2,Average,No Data,,1,,,No Data,,,,4,No Data,,,,
329014,1,3,1984,621.00,No Data,,1,,5.00,No Data,5,1,Average,No Data,,1,,,No Data,,,,4,No Data,,,,
329015,1,3,1984,621.00,No Data,,1,,5.00,No Data,5,1,Average,No Data,,1,,,No Data,,47,,4,No Data,,,,
329016,1,4,1984,942.00,No Data,,2,,5.00,No Data,8,2,Average,No Data,,1,,,No Data,,,,4,No Data,,,,
329017,1,4,1984,942.00,No Data,,2,,5.00,No Data,8,2,Average,No Data,,1,,,No Data,,47,,3,No Data,,,,
329018,1,3,1984,621.00,No Data,,1,,5.00,No Data,5,1,Average,No Data,,1,,,No Data,,,,3,No Data,,,,
329019,1,3,1984,621.00,No Data,,1,,5.00,No Data,5,1,Average,No Data,,1,,,No Data,,47,,3,No Data,,,,
329020,1,4,1984,934.00,No Data,,2,,5.00,No Data,8,2,Average,No Data,,1,,,No Data,,,,3,No Data,,,,
329021,1,4,1984,926.00,No Data,,2,,5.00,No Data,8,2,Average,No Data,,1,,,No Data,,,,3,No Data,,,,
329022,1,3,1984,621.00,No Data,,1,,5.00,No Data,5,1,Avg/Good,No Data,,1,,,No Data,,47,,3,No Data,,,,
329023,1,3,1984,621.00,No Data,,1,,5.00,No Data,5,1,Average,No Data,,1,,,No Data,,,,3,No Data,,,,
329024,1,4,1984,942.00,No Data,,2,,5.00,No Data,8,2,Average,No Data,,1,,,No Data,,,,3,No Data,,,,
330001,1,4,1984,1186.00,No Data,,2,,5.00,No Data,8,2,Good,No Data,,1,,,No Data,,400,,5,No Data,,,,
330002,1,4,1984,1202.00,No Data,,2,,5.00,No Data,8,2,Avg/Good,No Data,,1,,,No Data,,,,5,No Data,,,,
330003,1,4,1984,1202.00,No Data,,2,,5.00,No Data,8,2,Avg/Good,No Data,,1,,,No Data,,,,5,No Data,,,,
330004,1,4,1984,1195.00,No Data,,2,,5.00,No Data,8,2,Very Good,No Data,,1,,,No Data,,,,5,No Data,,,,
330005,1,4,1984,1211.00,No Data,,2,,5.00,No Data,8,2,Good,No Data,,1,,,No Data,,,,5,No Data,,,,
330006,1,4,1984,1211.00,No Data,,2,,5.00,No Data,8,2,Good,No Data,,1,,,No Data,,,,5,No Data,,,,
330007,1,4,1984,1195.00,No Data,,2,,5.00,No Data,8,2,Good,No Data,,1,,,No Data,,,,5,No Data,,,,
330008,1,4,1984,1211.00,No Data,,2,,5.00,No Data,8,2,Average,No Data,,1,,,No Data,,,,5,No Data,,,,
330009,1,4,1984,1211.00,No Data,,2,,5.00,No Data,8,2,Average,No Data,,1,,,No Data,,,,5,No Data,,,,
330010,1,4,1984,1216.00,No Data,,2,,5.00,No Data,8,2,Average,No Data,,1,,,No Data,,,,5,No Data,,,,
330011,1,4,1984,1232.00,No Data,,2,,5.00,No Data,8,2,Very Good,No Data,,1,,,No Data,,,,5,No Data,,,,
330012,1,7,1984,1787.00,No Data,,3,,5.00,No Data,11,3,Very Good,No Data,,1,,,No Data,,,,5,No Data,,,,
330013,1,3,1984,941.00,No Data,,1,,5.00,No Data,5,1,Avg/Good,No Data,,1,,,No Data,,,,5,No Data,,,,
330014,1,3,1984,941.00,No Data,,1,,5.00,No Data,5,1,Average,No Data,,1,,,No Data,,,,5,No Data,,,,
330016,1,4,1984,1257.00,No Data,,2,,5.00,No Data,8,2,Avg/Good,No Data,,1,,,No Data,,,,5,No Data,,,,
330017,1,4,1984,1273.00,No Data,,2,,5.00,No Data,8,2,Avg/Good,No Data,,1,,,No Data,,,,5,No Data,,,,
330018,1,5,1984,1723.00,No Data,,3,,5.00,No Data,8,2,Average,No Data,,1,,,No Data,,,,5,No Data,,,,
330019,1,4,1984,1168.00,No Data,,2,,5.00,No Data,8,2,Average,No Data,,1,,,No Data,,,,5,No Data,,,,
330020,1,4,1984,1184.00,No Data,,2,,5.00,No Data,8,2,Good,No Data,,1,,,No Data,,,,5,No Data,,,,
330021,1,4,1984,1184.00,No Data,,2,,5.00,No Data,8,2,Good,No Data,,1,,,No Data,,,,5,No Data,,,,
330022,1,4,1984,1172.00,No Data,,2,,5.00,No Data,8,2,Average,No Data,,1,,,No Data,,,,5,No Data,,,,
330023,1,4,1984,1188.00,No Data,,2,,5.00,No Data,8,2,Good,No Data,,1,,,No Data,,,,5,No Data,,,,
330024,1,4,1984,1188.00,No Data,,2,,5.00,No Data,8,2,Very Good,No Data,,1,,,No Data,,1150,,5,No Data,,,,
331001,1,,1982,1050.00,No Data,,,,5.00,No Data,,,Average,No Data,,,,,No Data,,,,5,No Data,,,,
331002,1,,1982,1050.00,No Data,,,,5.00,No Data,,,Average,No Data,,,,,No Data,,,,5,No Data,,,,
331003,1,1,1982,1050.00,No Data,,,,5.00,No Data,,,Average,No Data,,,,,No Data,,,,5,No Data,,,,
331004,1,,1982,1050.00,No Data,,,,5.00,No Data,,,Average,No Data,,,,,No Data,,,,5,No Data,,,,
33100401,1,,1982,523.00,No Data,,,,5.00,No Data,,,Average,No Data,,,,,No Data,,,,5,No Data,,,,
331005,1,,1982,1050.00,No Data,,,,5.00,No Data,,,Average,No Data,,,,,No Data,,,,5,No Data,,,,
33100501,1,,1982,523.00,No Data,,,,5.00,No Data,,,Average,No Data,,,,,No Data,,,,5,No Data,,,,
331006,1,,1982,1050.00,No Data,,,,5.00,No Data,,,Average,No Data,,,,,No Data,,,,5,No Data,,,,
331007,1,,1982,1050.00,No Data,,,,5.00,No Data,,,Average,No Data,,,,,No Data,,,,5,No Data,,,,
331008,1,,1982,1050.00,No Data,,,,5.00,No Data,,,Average,No Data,,,,,No Data,,,,5,No Data,,,,
331009,1,,1982,1050.00,No Data,,,,5.00,No Data,,,Average,No Data,,,,,No Data,,,,5,No Data,,,,
33100901,1,,1982,523.00,No Data,,,,5.00,No Data,,,Average,No Data,,,,,No Data,,,,7,No Data,,,,
331010,1,,1982,1050.00,No Data,,,,5.00,No Data,,,Average,No Data,,,,,No Data,,,,5,No Data,,,,
33101001,1,,1982,523.00,No Data,,,,5.00,No Data,,,Average,No Data,,,,,No Data,,,,5,No Data,,,,
331011,1,,1982,1050.00,No Data,,,,5.00,No Data,,,Average,No Data,,,,,No Data,,,,5,No Data,,,,
331012,1,,1982,1050.00,No Data,,,,5.00,No Data,,,Average,No Data,,,,,No Data,,,,5,No Data,,,,
331013,1,,1982,1050.00,No Data,,,,5.00,No Data,,,Average,No Data,,,,,No Data,,,,5,No Data,,,,
331014,1,,1982,1050.00,No Data,,,,5.00,No Data,,,Average,No Data,,,,,No Data,,,,5,No Data,,,,
33101401,1,,1982,523.00,No Data,,,,5.00,No Data,,,Average,No Data,,,,,No Data,,,,5,No Data,,,,
331015,1,,1982,1050.00,No Data,,,,5.00,No Data,,,Average,No Data,,,,,No Data,,,,5,No Data,,,,
33101501,1,,1982,523.00,No Data,,,,5.00,No Data,,,Average,No Data,,,,,No Data,,,,7,No Data,,,,
331016,1,,2000,1008.00,No Data,,,,5.00,No Data,,,Average,No Data,,,,,No Data,,,,5,No Data,,,,
331017,1,,2000,1008.00,No Data,,,,5.00,No Data,,,Average,No Data,,,,,No Data,,,,5,No Data,,,,
331018,1,,2000,1008.00,No Data,,,,5.00,No Data,,,Average,No Data,,,,,No Data,,,,5,No Data,,,,
331019,1,,2000,1008.00,No Data,,,,5.00,No Data,,,Average,No Data,,,,,No Data,,,,5,No Data,,,,
33101901,1,,2000,512.00,No Data,,,,5.00,No Data,,,Average,No Data,,,,,No Data,,,,5,No Data,,,,
331020,1,,2000,1008.00,No Data,,,,5.00,No Data,,,Average,No Data,,,,,No Data,,,,5,No Data,,,,
33102001,1,,2000,512.00,No Data,,,,5.00,No Data,,,Average,No Data,,,,,No Data,,,,5,No Data,,,,
331021,1,,2000,1008.00,No Data,,,,5.00,No Data,,,Average,No Data,,,,,No Data,,,,5,No Data,,,,
331022,1,,2000,1008.00,No Data,,,,5.00,No Data,,,Average,No Data,,,,,No Data,,,,5,No Data,,,,
331023,1,,2000,1008.00,No Data,,,,5.00,No Data,,,Average,No Data,,,,,No Data,,,,5,No Data,,,,
331024,1,,2000,1008.00,No Data,,,,5.00,No Data,,,Average,No Data,,,,,No Data,,,,5,No Data,,,,
33102401,1,,2000,512.00,No Data,,,,5.00,No Data,,,Average,No Data,,,,,No Data,,,,5,No Data,,,,
331025,1,,2000,1008.00,No Data,,,,5.00,No Data,,,Average,No Data,,,,,No Data,,,,5,No Data,,,,
33102501,1,,2000,512.00,No Data,,,,5.00,No Data,,,Average,No Data,,,,,No Data,,,,5,No Data,,,,
332001,1,2,,406.00,No Data,,1,,5.00,No Data,5,1,Average,No Data,,,,,No Data,,182,,5,No Data,,,,
332002,1,3,,523.00,No Data,,1,,5.00,No Data,5,1,Average,No Data,,,,,No Data,,234,,5,No Data,,,,
332003,1,5,,1045.00,No Data,,3,,5.00,No Data,7,1,Average,No Data,,,1,,No Data,,304,,5,No Data,,,,
332004,1,4,,813.00,No Data,,2,,5.00,No Data,5,1,Average,No Data,,,,,No Data,,304,,5,No Data,,,,
335011,1,10,2007,2112.00,No Data,,5,,5.00,No Data,16,4,Average,No Data,1536,,1,,No Data,4,,,5,No Data,1536,,,
335012,1,10,2007,2112.00,No Data,,5,,5.00,No Data,16,4,Average,No Data,1536,1,1,,No Data,4,,,5,No Data,1536,,,
335021,1,10,2005,2112.00,No Data,,5,,5.00,No Data,22,4,Good,No Data,1536,2,1,,No Data,4,240,,5,No Data,1536,,,
335022,1,10,2005,2112.00,No Data,,4,,5.00,No Data,16,4,Average,No Data,1536,2,1,,No Data,4,,,5,No Data,1536,,,
335031,1,10,2005,2112.00,No Data,,5,,5.00,No Data,16,4,Average,No Data,1536,2,1,,No Data,4,,,5,No Data,1536,,,
335032,1,10,2005,2112.00,No Data,,5,,5.00,No Data,16,4,Good,No Data,1536,2,1,,No Data,4,,,5,No Data,1536,,,
335041,1,8,2004,2112.00,No Data,,5,,5.00,No Data,16,4,Average,No Data,1536,2,1,,No Data,4,,,5,No Data,1536,,,
335042,1,9,2004,2112.00,No Data,,5,,5.00,No Data,16,4,Good,No Data,1536,2,1,,No Data,4,,,5,No Data,1536,,,
335051,1,7,2002,2112.00,No Data,,3,,5.00,No Data,16,4,Average,No Data,1536,2,1,,Duplex,4,,,5,No Data,1536,,,
335052,1,,2002,2112.00,No Data,,3,,5.00,No Data,16,4,Average,No Data,1536,2,1,,No Data,4,,,5,No Data,1536,,,
335101,1,7,1989,2112.00,No Data,,3,,5.00,No Data,13,3,Average,No Data,1536,1,1,,No Data,4,,,5,No Data,360,,,
335102,1,7,1989,2112.00,No Data,,3,,5.00,No Data,13,3,Average,No Data,1536,1,1,,No Data,4,,,5,No Data,360,,,
335111,1,7,1987,2112.00,No Data,,3,,5.00,No Data,13,3,Avg/Good,No Data,1536,1,1,,No Data,4,,,5,No Data,624,,,
335112,1,7,1987,2112.00,No Data,,3,,5.00,No Data,13,3,Average,No Data,1536,1,1,,No Data,3,,,5,No Data,969,,,
335121,1,7,1987,2112.00,No Data,,3,,5.00,No Data,13,3,Average,No Data,,1,1,,No Data,,,,5,No Data,,,,
335122,1,7,1987,2112.00,No Data,,3,,5.00,No Data,13,3,Average,No Data,,1,1,,No Data,,,,5,No Data,,,,
335141,1,7,1986,2112.00,No Data,,3,,5.00,No Data,13,3,Average,No Data,1536,1,1,,No Data,3,,,5,No Data,608,,,
335142,1,7,1986,2112.00,No Data,,3,,5.00,No Data,14,3,Average,No Data,1536,1,1,,No Data,3,,,5,No Data,608,,,
335151,1,8,1987,2112.00,No Data,,4,,5.00,No Data,16,4,Average,No Data,1536,1,1,,No Data,3,,,5,No Data,608,,,
335152,1,7,1987,2112.00,No Data,,3,,5.00,No Data,13,3,Average,No Data,1536,1,1,,No Data,3,,,5,No Data,608,,,
335161,1,7,1987,2112.00,No Data,,3,,5.00,No Data,16,4,Good,No Data,1536,1,1,,No Data,3,,,5,No Data,608,,,
335162,1,7,1987,2112.00,No Data,,3,,5.00,No Data,13,3,Average,No Data,1536,1,1,,No Data,3,,,5,No Data,608,,,
335171,1,7,1988,2112.00,No Data,,4,,5.00,No Data,16,4,Average,No Data,1536,1,1,,No Data,4,,,5,No Data,748,,,
335172,1,7,1988,2112.00,No Data,,3,,5.00,No Data,13,3,Average,No Data,1536,1,1,,No Data,3,,,5,No Data,360,,,
335181,1,8,1998,2112.00,No Data,,4,,5.00,No Data,16,4,Average,No Data,1536,2,1,,No Data,4,,,5,No Data,1536,,,
335182,1,8,1998,2112.00,No Data,,4,,5.00,No Data,16,4,Average,No Data,1536,2,1,,No Data,4,,,5,No Data,1536,,,
336024A1,1,5,2004,1850.00,No Data,,3,,5.00,No Data,,3,Average,No Data,900,,1,,No Data,3,246,,5,No Data,675,,,
336024A2,1,4,2004,1850.00,No Data,,3,,5.00,No Data,,2,Average,No Data,900,,1,,No Data,3,246,,5,No Data,675,,,
336024A3,1,5,2004,1850.00,No Data,,3,,5.00,No Data,,3,Average,No Data,900,,1,,No Data,3,246,,5,No Data,675,,,
336024A4,1,5,2004,1850.00,No Data,,3,,5.00,No Data,,3,Average,No Data,900,,1,,No Data,3,246,,5,No Data,675,,,
336053B1,1,4,2005,1850.00,No Data,,3,,5.00,No Data,,3,Average,No Data,900,,1,,No Data,3,246,,5,No Data,850,,,
336053B2,1,4,2005,1850.00,No Data,,3,,5.00,No Data,,3,Average,No Data,900,,1,,No Data,3,246,,5,No Data,850,,,
336053B3,1,4,2005,1850.00,No Data,,3,,5.00,No Data,14,3,Avg/Good,No Data,900,,1,,No Data,3,246,,5,No Data,850,,,
336053B4,1,4,2005,1850.00,No Data,,3,,5.00,No Data,,3,Average,No Data,900,,1,,No Data,3,246,,5,No Data,850,,,
336092C1,1,4,2005,1850.00,No Data,,3,,5.00,No Data,,3,Average,No Data,570,,1,,No Data,3,216,,5,No Data,525,,,
336092C2,1,4,2005,1850.00,No Data,,3,,5.00,No Data,,3,Average,No Data,570,,1,,No Data,3,216,,5,No Data,525,,,
336092C3,1,4,2005,1850.00,No Data,,3,,5.00,No Data,,2,Average,No Data,570,,1,,No Data,3,216,,5,No Data,138,,,
336092C4,1,4,2005,1850.00,No Data,,3,,5.00,No Data,,2,Average,No Data,570,,1,,No Data,3,216,,5,No Data,138,,,
336092C5,1,4,2005,1850.00,No Data,,3,,5.00,No Data,,2,Average,No Data,570,,1,,No Data,3,216,,5,No Data,138,,,
336130D1,1,5,2005,1850.00,No Data,,3,,5.00,No Data,,3,Average,No Data,570,,1,,No Data,4,216,,5,No Data,536,,,
336130D2,1,5,2005,1850.00,No Data,,3,,5.00,No Data,,3,Average,No Data,570,,1,,No Data,4,216,,5,No Data,536,,,
336130D3,1,4,2005,1850.00,No Data,,3,,5.00,No Data,,3,Average,No Data,570,,1,,No Data,4,216,,5,No Data,536,,,
336130D4,1,5,2005,1850.00,No Data,,3,,5.00,No Data,,3,Average,No Data,570,,1,,No Data,4,216,,5,No Data,536,,,
336130D5,1,6,2005,2000.00,No Data,,3,,5.00,No Data,,3,Average,No Data,570,,1,,No Data,3,558,,5,No Data,536,,,
337101,1,,2006,1545.00,No Data,,3,,5.00,No Data,11,3,Average,No Data,,,,,No Data,,175,,5,No Data,,,,
3371021,1,,2006,1198.00,No Data,,2,,5.00,No Data,8,2,Average,No Data,,,,,No Data,,60,,5,No Data,,,,
3371022,1,,2006,1198.00,No Data,,2,,5.00,No Data,8,2,Average,No Data,,,,,No Data,,66,,5,No Data,,,,
3371023,1,,2006,1198.00,No Data,,2,,5.00,No Data,8,2,Average,No Data,,,,,No Data,,66,,5,No Data,,,,
3371024,1,,2006,1198.00,No Data,,2,,5.00,No Data,8,2,Average,No Data,,,,,No Data,,66,,5,No Data,,,,
3371061,1,,2006,802.00,No Data,,1,,5.00,No Data,,1,Average,No Data,,,,,No Data,,55,,5,No Data,,,,
3371062,1,,2006,802.00,No Data,,1,,5.00,No Data,5,1,Average,No Data,,,,,No Data,,55,,5,No Data,,,,
3371063,1,,2006,802.00,No Data,,1,,5.00,No Data,5,1,Average,No Data,,,,,No Data,,55,,5,No Data,,,,
3371064,1,,2006,802.00,No Data,,1,,5.00,No Data,5,1,Average,No Data,,,,,No Data,,55,,5,No Data,,,,
3371071,1,,2006,1147.00,No Data,,2,,5.00,No Data,8,2,Average,No Data,,,,,No Data,,91,,5,No Data,,,,
3371072,1,,2006,1147.00,No Data,,2,,5.00,No Data,8,2,Average,No Data,,,,,No Data,,91,,5,No Data,,,,
3371073,1,,2006,1147.00,No Data,,2,,5.00,No Data,8,2,Average,No Data,,,,,No Data,,91,,5,No Data,,,,
3371074,1,,2006,1147.00,No Data,,2,,5.00,No Data,8,2,Average,No Data,,,,,No Data,,91,,5,No Data,,,,
3371091,1,,2006,945.00,No Data,,1,,5.00,No Data,5,1,Average,No Data,,,,,No Data,,55,,5,No Data,,,,
3371092,1,,2006,945.00,No Data,,1,,5.00,No Data,5,1,Average,No Data,,,,,No Data,,55,,5,No Data,,,,
3371093,1,,2006,945.00,No Data,,1,,5.00,No Data,5,1,Average,No Data,,,,,No Data,,55,,5,No Data,,,,
3371094,1,,2006,945.00,No Data,,1,,5.00,No Data,5,1,Average,No Data,,,,,No Data,,55,,5,No Data,,,,
3371101,1,,2006,1140.00,No Data,,2,,5.00,No Data,8,2,Average,No Data,,,,,No Data,,66,,5,No Data,,,,
3371102,1,,2006,1140.00,No Data,,2,,5.00,No Data,8,2,Average,No Data,,,,,No Data,,66,,5,No Data,,,,
3371103,1,,2006,1140.00,No Data,,2,,5.00,No Data,8,2,Average,No Data,,,,,No Data,,66,,5,No Data,,,,
3371104,1,,2006,1140.00,No Data,,2,,5.00,No Data,8,2,Average,No Data,,,,,No Data,,66,,5,No Data,,,,
337112,1,,2006,1163.00,No Data,,2,,5.00,No Data,8,2,Average,No Data,,,,,No Data,,55,,5,No Data,,,,
3371161,1,,2006,1485.00,No Data,,3,,5.00,No Data,11,3,Very Good,No Data,,,,,No Data,,55,,5,No Data,,,,
3371162,1,,2006,1485.00,No Data,,3,,5.00,No Data,11,3,Very Good,No Data,,,,,No Data,,55,,5,No Data,,,,
3371163,1,,2006,1485.00,No Data,,3,,5.00,No Data,11,3,Very Good,No Data,,,,,No Data,,55,,5,No Data,,,,
3371164,1,,2006,1485.00,No Data,,3,,5.00,No Data,11,3,Very Good,No Data,,,,,No Data,,55,,5,No Data,,,,
3371181,1,,2006,520.00,No Data,,1,,5.00,No Data,5,1,Average,No Data,,,,,No Data,,,,5,No Data,,,,
3371182,1,,2006,520.00,No Data,,1,,5.00,No Data,5,1,Average,No Data,,,,,No Data,,,,5,No Data,,,,
3371183,1,,2006,520.00,No Data,,1,,5.00,No Data,5,1,Average,No Data,,,,,No Data,,,,5,No Data,,,,
3371184,1,,2006,520.00,No Data,,1,,5.00,No Data,5,1,Average,No Data,,,,,No Data,,,,5,No Data,,,,
3371201,1,,2006,473.00,No Data,,1,,5.00,No Data,5,1,Average,No Data,,,,,No Data,,132,,5,No Data,,,,
3371202,1,,2006,473.00,No Data,,1,,5.00,No Data,5,1,Average,No Data,,,,,No Data,,132,,5,No Data,,,,
3371203,1,,2006,473.00,No Data,,1,,5.00,No Data,5,1,Average,No Data,,,,,No Data,,132,,5,No Data,,,,
3371204,1,,2006,473.00,No Data,,1,,5.00,No Data,5,1,Average,No Data,,,,,No Data,,132,,5,No Data,,,,
3371211,1,,2006,1173.00,No Data,,2,,5.00,No Data,8,2,Average,No Data,,,,,No Data,,91,,5,No Data,,,,
3371212,1,,2006,1173.00,No Data,,2,,5.00,No Data,8,2,Average,No Data,,,,,No Data,,91,,5,No Data,,,,
3371213,1,,2006,1173.00,No Data,,2,,5.00,No Data,8,2,Average,No Data,,,,,No Data,,91,,5,No Data,,,,
3371214,1,,2006,1173.00,No Data,,2,,5.00,No Data,8,2,Average,No Data,,,,,No Data,,91,,5,No Data,,,,
3371221,1,,2006,771.00,No Data,,1,,5.00,No Data,5,1,Average,No Data,,,,,No Data,,55,,5,No Data,,,,
3371222,1,,2006,771.00,No Data,,1,,5.00,No Data,5,1,Average,No Data,,,,,No Data,,55,,5,No Data,,,,
3371223,1,,2006,771.00,No Data,,1,,5.00,No Data,5,1,Average,No Data,,,,,No Data,,55,,5,No Data,,,,
3371224,1,,2006,771.00,No Data,,1,,5.00,No Data,5,1,Average,No Data,,,,,No Data,,55,,5,No Data,,,,
3371251,1,,2006,839.00,No Data,,1,,5.00,No Data,5,1,Average,No Data,,,,,No Data,,91,,5,No Data,,,,
3371252,1,,2006,839.00,No Data,,1,,5.00,No Data,5,1,Average,No Data,,,,,No Data,,91,,5,No Data,,,,
3371253,1,,2006,839.00,No Data,,1,,5.00,No Data,5,1,Average,No Data,,,,,No Data,,91,,5,No Data,,,,
3371254,1,,2006,839.00,No Data,,1,,5.00,No Data,5,1,Average,No Data,,,,,No Data,,91,,5,No Data,,,,
337126,1,,2006,1145.00,No Data,,2,,5.00,No Data,8,2,Average,No Data,,,,,No Data,,55,,5,No Data,,,,
337128,1,,2006,2393.00,No Data,,3,,5.00,No Data,13,3,Average,No Data,,,1,,No Data,,146,,5,No Data,,,,
337129,1,,2006,1467.00,No Data,,2,,5.00,No Data,8,2,Average,No Data,,,,,No Data,,112,,5,No Data,,,,
3371311,1,,2006,794.00,No Data,,1,,5.00,No Data,5,1,Average,No Data,,,,,No Data,,91,,5,No Data,,,,
3371312,1,,2006,794.00,No Data,,1,,5.00,No Data,5,1,Average,No Data,,,,,No Data,,91,,5,No Data,,,,
3371313,1,,2006,794.00,No Data,,1,,5.00,No Data,5,1,Average,No Data,,,,,No Data,,91,,5,No Data,,,,
3371314,1,,2006,794.00,No Data,,1,,5.00,No Data,5,1,Average,No Data,,,,,No Data,,91,,5,No Data,,,,
3371341,1,,2006,1542.00,No Data,,3,,5.00,No Data,11,3,Average,No Data,,,,,No Data,,91,,5,No Data,,,,
3371342,1,,2006,1542.00,No Data,,3,,5.00,No Data,11,3,Average,No Data,,,,,No Data,,91,,5,No Data,,,,
3371343,1,,2006,1542.00,No Data,,3,,5.00,No Data,11,3,Average,No Data,,,,,No Data,,91,,5,No Data,,,,
3371344,1,,2006,1542.00,No Data,,3,,5.00,No Data,11,3,Average,No Data,,,,,No Data,,91,,5,No Data,,,,
3372011,1,,2006,1570.00,No Data,,3,,5.00,No Data,11,3,Average,No Data,,,,,No Data,,175,,5,No Data,,,,
3372012,1,,2006,1570.00,No Data,,3,,5.00,No Data,11,3,Average,No Data,,,,,No Data,,175,,5,No Data,,,,
3372013,1,,2006,1570.00,No Data,,3,,5.00,No Data,11,3,Average,No Data,,,,,No Data,,175,,5,No Data,,,,
3372014,1,,2006,1570.00,No Data,,3,,5.00,No Data,11,3,Average,No Data,,,,,No Data,,175,,5,No Data,,,,
3372021,1,,2006,1127.00,No Data,,2,,5.00,No Data,8,2,Average,No Data,,,,,No Data,,55,,5,No Data,,,,
3372022,1,,2006,1127.00,No Data,,2,,5.00,No Data,8,2,Average,No Data,,,,,No Data,,55,,5,No Data,,,,
3372023,1,,2006,1127.00,No Data,,2,,5.00,No Data,8,2,Average,No Data,,,,,No Data,,55,,5,No Data,,,,
3372024,1,,2006,1127.00,No Data,,2,,5.00,No Data,8,2,Average,No Data,,,,,No Data,,55,,5,No Data,,,,
3372061,1,,2006,802.00,No Data,,1,,5.00,No Data,5,1,Average,No Data,,,,,No Data,,55,,5,No Data,,,,
3372062,1,,2006,802.00,No Data,,1,,5.00,No Data,5,1,Average,No Data,,,,,No Data,,55,,5,No Data,,,,
3372063,1,,2006,802.00,No Data,,1,,5.00,No Data,5,2,Average,No Data,,,,,No Data,,55,,5,No Data,,,,
3372064,1,,2006,802.00,No Data,,1,,5.00,No Data,5,1,Average,No Data,,,,,No Data,,55,,5,No Data,,,,
337207,1,,2006,1147.00,No Data,,2,,5.00,No Data,8,2,Average,No Data,,,,,No Data,,91,,5,No Data,,,,
3372072,1,,2006,1147.00,No Data,,2,,5.00,No Data,8,2,Average,No Data,,,,,No Data,,91,,5,No Data,,,,
3372073,1,,2006,1147.00,No Data,,2,,5.00,No Data,8,2,Average,No Data,,,,,No Data,,91,,5,No Data,,,,
3372081,1,,2006,1131.00,No Data,,2,,5.00,No Data,8,2,Average,No Data,,,,,No Data,,77,,5,No Data,,,,
3372082,1,,2006,1131.00,No Data,,2,,5.00,No Data,8,2,Average,No Data,,,,,No Data,,77,,5,No Data,,,,
3372083,1,,2006,1131.00,No Data,,2,,5.00,No Data,8,2,Average,No Data,,,,,No Data,,77,,5,No Data,,,,
3372084,1,,2006,1131.00,No Data,,2,,5.00,No Data,8,2,Average,No Data,,,,,No Data,,77,,5,No Data,,,,
3372091,1,,2006,944.00,No Data,,1,,5.00,No Data,5,1,Average,No Data,,,,,No Data,,70,,5,No Data,,,,
3372092,1,,2006,944.00,No Data,,1,,5.00,No Data,5,1,Average,No Data,,,,,No Data,,60,,5,No Data,,,,
3372093,1,,2006,944.00,No Data,,1,,5.00,No Data,5,1,Average,No Data,,,,,No Data,,60,,5,No Data,,,,
3372094,1,,2006,944.00,No Data,,1,,5.00,No Data,5,1,Average,No Data,,,,,No Data,,60,,5,No Data,,,,
3372101,1,,2006,1161.00,No Data,,2,,5.00,No Data,8,2,Average,No Data,,,,,No Data,,55,,5,No Data,,,,
3372102,1,,2006,1161.00,No Data,,2,,5.00,No Data,8,2,Average,No Data,,,,,No Data,,55,,5,No Data,,,,
3372103,1,,2006,1161.00,No Data,,2,,5.00,No Data,8,2,Average,No Data,,,,,No Data,,55,,5,No Data,,,,
3372104,1,,2006,1161.00,No Data,,2,,5.00,No Data,8,2,Average,No Data,,,,,No Data,,55,,5,No Data,,,,
337214,1,,2006,1997.00,No Data,,4,,5.00,No Data,14,4,Average,No Data,,,,,No Data,,55,,5,No Data,,,,
3372181,1,,2006,1553.00,No Data,,3,,5.00,No Data,8,2,Average,No Data,,,,,No Data,,110,,5,No Data,,,,
3372182,1,,2006,1553.00,No Data,,3,,5.00,No Data,8,2,Average,No Data,,,,,No Data,,110,,5,No Data,,,,
3372183,1,,2006,1553.00,No Data,,3,,5.00,No Data,8,2,Average,No Data,,,,,No Data,,110,,5,No Data,,,,
3372184,1,,2006,1553.00,No Data,,3,,5.00,No Data,8,2,Average,No Data,,,,,No Data,,110,,5,No Data,,,,
337219,1,,2006,1152.00,No Data,,2,,5.00,No Data,8,2,Average,No Data,,,,,No Data,,91,,5,No Data,,,,
3372201,1,,2006,770.00,No Data,,1,,5.00,No Data,5,1,Average,No Data,,,,,No Data,,55,,5,No Data,,,,
3372202,1,,2006,770.00,No Data,,1,,5.00,No Data,5,1,Average,No Data,,,,,No Data,,55,,5,No Data,,,,
3372203,1,,2006,770.00,No Data,,1,,5.00,No Data,5,1,Average,No Data,,,,,No Data,,55,,5,No Data,,,,
3372204,1,,2006,770.00,No Data,,1,,5.00,No Data,5,2,Average,No Data,,,,,No Data,,55,,5,No Data,,,,
3372231,1,,2006,1164.00,No Data,,2,,5.00,No Data,8,2,Average,No Data,,,,,No Data,,91,,5,No Data,,,,
3372232,1,,2006,1164.00,No Data,,2,,5.00,No Data,8,2,Average,No Data,,,,,No Data,,91,,5,No Data,,,,
3372233,1,,2006,1164.00,No Data,,2,,5.00,No Data,8,2,Average,No Data,,,,,No Data,,91,,5,No Data,,,,
3372234,1,,2006,1164.00,No Data,,2,,5.00,No Data,,,Average,No Data,,,,,No Data,,,,5,No Data,,,,
3372241,1,,2006,1135.00,No Data,,2,,5.00,No Data,8,2,Average,No Data,,,,,No Data,,55,,5,No Data,,,,
3372242,1,,2006,1135.00,No Data,,2,,5.00,No Data,8,2,Average,No Data,,,,,No Data,,55,,5,No Data,,,,
3372243,1,,2006,1135.00,No Data,,2,,5.00,No Data,8,2,Average,No Data,,,,,No Data,,55,,5,No Data,,,,
3372244,1,,2006,1135.00,No Data,,2,,5.00,No Data,8,2,Average,No Data,,,,,No Data,,55,,5,No Data,,,,
337226,1,,2006,2393.00,No Data,,5,,5.00,No Data,22,3,Average,No Data,,,,,No Data,,146,,5,No Data,,,,
3372291,1,,2006,1467.00,No Data,,2,,5.00,No Data,8,2,Fair/Avg,No Data,,,,,No Data,,112,,5,No Data,,,,
3372292,1,,2006,1467.00,No Data,,2,,5.00,No Data,8,2,Fair/Avg,No Data,,,,,No Data,,112,,5,No Data,,,,
3372293,1,,2006,1467.00,No Data,,2,,5.00,No Data,8,2,Fair/Avg,No Data,,,,,No Data,,112,,5,No Data,,,,
3372294,1,,2006,1467.00,No Data,,2,,5.00,No Data,8,2,Fair/Avg,No Data,,,,,No Data,,112,,5,No Data,,,,
3372311,1,,2006,1160.00,No Data,,2,,5.00,No Data,8,2,Average,No Data,,,,,No Data,,91,,5,No Data,,,,
3372312,1,,2006,1160.00,No Data,,2,,5.00,No Data,8,2,Average,No Data,,,,,No Data,,91,,5,No Data,,,,
3372313,1,,2006,1160.00,No Data,,2,,5.00,No Data,8,2,Average,No Data,,,,,No Data,,91,,5,No Data,,,,
3372314,1,,2006,1160.00,No Data,,2,,5.00,No Data,8,2,Average,No Data,,,,,No Data,,91,,5,No Data,,,,
3372321,1,,2006,1542.00,No Data,,3,,5.00,No Data,11,3,Average,No Data,,,,,No Data,,91,,5,No Data,,,,
3372322,1,,2006,1542.00,No Data,,3,,5.00,No Data,11,3,Average,No Data,,,,,No Data,,91,,5,No Data,,,,
3372323,1,,2006,1542.00,No Data,,3,,5.00,No Data,22,3,Average,No Data,,,,,No Data,,91,,5,No Data,,,,
3372324,1,,2006,1542.00,No Data,,3,,5.00,No Data,11,3,Average,No Data,,,,,No Data,,91,,5,No Data,,,,
3372341,1,,2006,1309.00,No Data,,2,,5.00,No Data,8,2,Average,No Data,,,,,No Data,,91,,5,No Data,,,,
3372342,1,,2006,1309.00,No Data,,2,,5.00,No Data,8,2,Average,No Data,,,,,No Data,,91,,5,No Data,,,,
3372343,1,,2006,1309.00,No Data,,2,,5.00,No Data,8,2,Average,No Data,,,,,No Data,,91,,5,No Data,,,,
3372344,1,,2006,1309.00,No Data,,2,,5.00,No Data,8,2,Average,No Data,,,,,No Data,,91,,5,No Data,,,,
3372351,1,,2006,1160.00,No Data,,2,,5.00,No Data,8,2,Average,No Data,,,,,No Data,,91,,5,No Data,,,,
3372352,1,,2006,1160.00,No Data,,2,,5.00,No Data,8,2,Average,No Data,,,,,No Data,,91,,5,No Data,,,,
3372353,1,,2006,1160.00,No Data,,2,,5.00,No Data,8,2,Average,No Data,,,,,No Data,,91,,5,No Data,,,,
3372354,1,,2006,1160.00,No Data,,2,,5.00,No Data,8,2,Average,No Data,,,,,No Data,,91,,5,No Data,,,,
3373011,1,,2006,1563.00,No Data,,3,,5.00,No Data,11,3,Average,No Data,,,,,No Data,,168,,5,No Data,,,,
3373012,1,,2006,1563.00,No Data,,3,,5.00,No Data,11,3,Average,No Data,,,,,No Data,,168,,5,No Data,,,,
3373013,1,,2006,1563.00,No Data,,3,,5.00,No Data,11,3,Average,No Data,,,,,No Data,,168,,5,No Data,,,,
3373014,1,,2006,1563.00,No Data,,3,,5.00,No Data,11,3,Average,No Data,,,,,No Data,,168,,5,No Data,,,,
337302,1,,2006,1217.00,No Data,,2,,5.00,No Data,8,2,Average,No Data,,,,,No Data,,55,,5,No Data,,,,
3373061,1,,2006,800.00,No Data,,1,,5.00,No Data,5,1,Average,No Data,,,,,No Data,,55,,5,No Data,,,,
3373062,1,,2006,800.00,No Data,,1,,5.00,No Data,5,1,Average,No Data,,,,,No Data,,55,,5,No Data,,,,
3373063,1,,2006,800.00,No Data,,1,,5.00,No Data,5,1,Average,No Data,,,,,No Data,,55,,5,No Data,,,,
3373064,1,,2006,800.00,No Data,,1,,5.00,No Data,5,1,Average,No Data,,,,,No Data,,55,,5,No Data,,,,
3373071,1,,2006,1147.00,No Data,,2,,5.00,No Data,8,2,Average,No Data,,,,,No Data,,55,,5,No Data,,,,
3373072,1,,2006,1147.00,No Data,,2,,5.00,No Data,8,2,Average,No Data,,,,,No Data,,55,,5,No Data,,,,
3373073,1,,2006,1147.00,No Data,,2,,5.00,No Data,8,2,Average,No Data,,,,,No Data,,55,,5,No Data,,,,
3373074,1,,2006,1147.00,No Data,,2,,5.00,No Data,8,2,Average,No Data,,,,,No Data,,55,,5,No Data,,,,
3373091,1,,2006,944.00,No Data,,1,,5.00,No Data,5,1,Average,No Data,,,,,No Data,,55,,5,No Data,,,,
3373092,1,,2006,941.00,No Data,,1,,5.00,No Data,5,1,Average,No Data,,,,,No Data,,55,,5,No Data,,,,
3373093,1,,2006,941.00,No Data,,1,,5.00,No Data,5,1,Average,No Data,,,,,No Data,,55,,5,No Data,,,,
3373094,1,,2006,941.00,No Data,,1,,5.00,No Data,5,1,Average,No Data,,,,,No Data,,55,,5,No Data,,,,
3373101,1,,2006,1138.00,No Data,,2,,5.00,No Data,8,2,Average,No Data,,,,,No Data,,55,,5,No Data,,,,
3373102,1,,2006,1138.00,No Data,,2,,5.00,No Data,8,2,Average,No Data,,,,,No Data,,55,,5,No Data,,,,
3373103,1,,2006,1138.00,No Data,,2,,5.00,No Data,8,2,Average,No Data,,,,,No Data,,55,,5,No Data,,,,
3373104,1,,2006,1138.00,No Data,,2,,5.00,No Data,8,2,Average,No Data,,,,,No Data,,55,,5,No Data,,,,
337312,1,,2006,1142.00,No Data,,2,,5.00,No Data,8,2,Average,No Data,,,,,No Data,,55,,5,No Data,,,,
3373161,1,,2006,1936.00,No Data,,4,,5.00,No Data,14,4,Average,No Data,,,,,No Data,,60,,5,No Data,,,,
3373162,1,,2006,1936.00,No Data,,4,,5.00,No Data,14,4,Average,No Data,,,,,No Data,,60,,5,No Data,,,,
3373163,1,,2006,1936.00,No Data,,4,,5.00,No Data,14,4,Average,No Data,,,,,No Data,,60,,5,No Data,,,,
3373164,1,,2006,1936.00,No Data,,4,,5.00,No Data,14,4,Average,No Data,,,,,No Data,,60,,5,No Data,,,,
337320,1,,2006,2465.00,No Data,,4,,5.00,No Data,14,4,Average,No Data,,,,,No Data,,132,,5,No Data,,,,
3373221,1,,2006,1520.00,No Data,,2,,5.00,No Data,10,2,Average,No Data,,,1,,No Data,,55,,5,No Data,,,,
3373222,1,,2006,1520.00,No Data,,2,,5.00,No Data,10,2,Average,No Data,,,1,,No Data,,55,,5,No Data,,,,
3373223,1,,2006,1520.00,No Data,,2,,5.00,No Data,10,2,Average,No Data,,,1,,No Data,,55,,5,No Data,,,,
3373224,1,,2006,1520.00,No Data,,2,,5.00,No Data,10,2,Average,No Data,,,1,,No Data,,55,,5,No Data,,,,
337323,1,,2006,1855.00,No Data,,3,,5.00,No Data,13,3,Average,No Data,,,1,,No Data,,91,,5,No Data,,,,
337324,1,,2006,2087.00,No Data,,3,,5.00,No Data,11,3,Good,No Data,,,,,No Data,,55,,5,No Data,,,,
337325,1,,2006,1989.00,No Data,,3,,5.00,No Data,13,3,Average,No Data,,,1,,No Data,,91,,5,No Data,,,,
337328,1,,2006,2351.00,No Data,,4,,5.00,No Data,15,4,Average,No Data,,,,,No Data,,55,,5,No Data,,,,
337330,1,,2006,1714.00,No Data,,3,,5.00,No Data,13,3,Average,No Data,,,1,,No Data,,91,,5,No Data,,,,
337331,1,,2006,2195.00,No Data,,3,,5.00,No Data,11,3,Average,No Data,,,,,No Data,,128,,5,No Data,,,,
3373331,1,,2006,1989.00,No Data,,3,,5.00,No Data,13,3,Average,No Data,,,1,,No Data,,91,,5,No Data,,,,
3373332,1,,2006,1989.00,No Data,,3,,5.00,No Data,13,3,Average,No Data,,,1,,No Data,,91,,5,No Data,,,,
3373333,1,,2006,1989.00,No Data,,3,,5.00,No Data,13,3,Average,No Data,,,1,,No Data,,91,,5,No Data,,,,
3373334,1,,2006,1989.00,No Data,,3,,5.00,No Data,13,3,Average,No Data,,,1,,No Data,,91,,5,No Data,,,,
337334,1,,2006,2013.00,No Data,,3,,5.00,No Data,13,3,Good,No Data,,,1,,No Data,,91,,5,No Data,,,,
3373371,1,,2006,1858.00,No Data,,3,,5.00,No Data,13,3,Fair/Avg,No Data,,,1,,No Data,,91,,5,No Data,,,,
3373372,1,,2006,1858.00,No Data,,3,,5.00,No Data,13,3,Fair/Avg,No Data,,,1,,No Data,,91,,5,No Data,,,,
3373373,1,,2006,1858.00,No Data,,3,,5.00,No Data,13,3,Fair/Avg,No Data,,,1,,No Data,,91,,5,No Data,,,,
3373374,1,,2006,1858.00,No Data,,3,,5.00,No Data,13,3,Fair/Avg,No Data,,,1,,No Data,,91,,5,No Data,,,,
337338,1,,2006,2311.00,No Data,,4,,5.00,No Data,13,3,Average,No Data,,,1,,No Data,,91,,5,No Data,,,,
3374011,1,,2006,1548.00,No Data,,3,,5.00,No Data,11,3,Avg/Good,No Data,,,,,No Data,,175,,5,No Data,,,,
3374012,1,,2006,1548.00,No Data,,3,,5.00,No Data,11,3,Avg/Good,No Data,,,,,No Data,,175,,5,No Data,,,,
3374013,1,,2006,1548.00,No Data,,3,,5.00,No Data,11,3,Avg/Good,No Data,,,,,No Data,,175,,5,No Data,,,,
3374014,1,,2006,1548.00,No Data,,3,,5.00,No Data,11,3,Avg/Good,No Data,,,,,No Data,,175,,5,No Data,,,,
337402,1,,2006,2084.00,No Data,,4,,5.00,No Data,11,3,Average,No Data,,,,,No Data,,55,,5,No Data,,,,
3374071,1,,2006,1163.00,No Data,,2,,5.00,No Data,8,2,Average,No Data,,,,,No Data,,55,,5,No Data,,,,
3374072,1,,2006,1163.00,No Data,,2,,5.00,No Data,8,2,Average,No Data,,,,,No Data,,55,,5,No Data,,,,
3374073,1,,2006,1163.00,No Data,,2,,5.00,No Data,8,2,Average,No Data,,,,,No Data,,55,,5,No Data,,,,
3374074,1,,2006,1163.00,No Data,,2,,5.00,No Data,8,2,Average,No Data,,,,,No Data,,55,,5,No Data,,,,
337408,1,,2006,1114.00,No Data,,2,,5.00,No Data,8,2,Average,No Data,,,,,No Data,,91,,5,No Data,,,,
339001,1,,2013,2795.00,No Data,,4,,5.00,No Data,,4,Average | Sketch not available.,No Data,,,1,,No Data,1,,,,No Data,,,,
339002,1,,2013,2452.00,No Data,,3,,5.00,No Data,,3,Average | Sketch not available.,No Data,,,1,,No Data,,,,,No Data,,,,
339003,1,,2013,2833.00,No Data,,4,,5.00,No Data,,4,Average | Sketch not available.,No Data,,,1,,No Data,,,,,No Data,,,,
339004,1,,2013,1834.00,No Data,,3,,5.00,No Data,,2,Avg/Good | Sketch not available.,No Data,163,,1,,No Data,3,,,,No Data,163,,,
339005,1,,2013,1907.00,No Data,,3,,5.00,No Data,,2,Average | Sketch not available.,No Data,163,,1,,No Data,3,,,,No Data,163,,,
339006,1,,2013,1891.00,No Data,,3,,5.00,No Data,,3,Good | Sketch not available.,No Data,155,,,,No Data,3,,,,No Data,155,,,
339007,1,,2013,1749.00,No Data,,3,,5.00,No Data,,2,Average | Sketch not available.,No Data,,,,,No Data,,,,,No Data,,,,
339008,1,,2013,1387.00,No Data,,2,,5.00,No Data,,2,Average | Sketch not available.,No Data,,,,,No Data,,,,2,No Data,,,,
339009,1,,2013,1759.00,No Data,,3,,5.00,No Data,,2,Average | Sketch not available.,No Data,,,,,No Data,,,,,No Data,,,,
339010,1,,2013,1355.00,No Data,,2,,5.00,No Data,,2,Average | Sketch not available.,No Data,,,,,No Data,,,,,No Data,,,,
339011,1,,2013,1387.00,No Data,,2,,5.00,No Data,,2,Average | Sketch not available.,No Data,,,,,No Data,,,,,No Data,,,,
339012,1,,2013,1358.00,No Data,,3,,5.00,No Data,,2,Good | Sketch not available.,No Data,,,,,No Data,,,,,No Data,,,,
339013,1,,2013,1355.00,No Data,,2,,5.00,No Data,,2,Avg/Good | Sketch not available.,No Data,,,,,No Data,,,,,No Data,,,,
339014,1,,2013,1387.00,No Data,,2,,5.00,No Data,,2,Average | Sketch not available.,No Data,,,,,No Data,,,,,No Data,,,,
339015,1,,2013,1538.00,No Data,,3,,5.00,No Data,,2,Good | Sketch not available.,No Data,,,,,No Data,,,,,No Data,,,,
340101,1,,2016,1721.00,No Data,,3,,5.00,No Data,,2,Avg/Good | Sketch not available.,No Data,,,1,,No Data,,,,5,No Data,,,,
340102,1,,2016,1668.00,No Data,,3,,5.00,No Data,,2,Average | Sketch not available.,No Data,,,1,,No Data,,,,5,No Data,,,,
340103,1,,2016,1930.00,No Data,,4,,5.00,No Data,,3,Average | Sketch not available.,No Data,,,,,No Data,,,,5,No Data,,,,
340104,1,,2016,1433.00,No Data,,2,,5.00,No Data,,2,Fair | Sketch not available.,No Data,,,1,,No Data,,,,5,No Data,,,,
340105,1,,2016,1751.00,No Data,,3,,5.00,No Data,,2,Average | Sketch not available.,No Data,,,1,,No Data,,,,5,No Data,,,,
340106,1,,2016,1607.00,No Data,,3,,5.00,No Data,,2,Average | Sketch not available.,No Data,,,1,,No Data,,,,5,No Data,,,,
340107,1,,2016,1633.00,No Data,,3,,5.00,No Data,,2,Fair | Sketch not available.,No Data,,,1,,No Data,,,,5,No Data,,,,
340201,1,,2016,1657.00,No Data,,3,,5.00,No Data,,2,Average | Sketch not available.,No Data,,,1,,No Data,,,,5,No Data,,,,
340202,1,,2016,1696.00,No Data,,3,,5.00,No Data,,2,Avg/Good | Sketch not available.,No Data,,,1,,No Data,,,,5,No Data,,,,
340301,1,,2016,2410.00,No Data,,4,,5.00,No Data,,3,Average | Sketch not available.,No Data,,,1,,No Data,,,,5,No Data,,,,
340302,1,,2016,1360.00,No Data,,2,,5.00,No Data,,2,Average | Sketch not available.,No Data,,,1,,No Data,,,,5,No Data,,,,
340303,1,,2016,1665.00,No Data,,3,,5.00,No Data,,3,Average | Sketch not available.,No Data,,,,,No Data,,,,5,No Data,,,,
340304,1,,2016,1865.00,No Data,,3,,5.00,No Data,,2,Avg/Good | Sketch not available.,No Data,,,1,,No Data,,,,5,No Data,,,,
340305,1,,2016,1391.00,No Data,,2,,5.00,No Data,,2,Average | Sketch not available.,No Data,,,1,,No Data,,,,5,No Data,,,,
340306,1,,2016,1528.00,No Data,,3,,5.00,No Data,,2,Average | Sketch not available.,No Data,,,1,,No Data,,,,5,No Data,,,,
340307,1,,2016,1576.00,No Data,,3,,5.00,No Data,,2,Good | Sketch not available.,No Data,,,,,No Data,,,,5,No Data,,,,
412001,1,3,1955,632.00,No Data,1,1,50,3.00,No Data,5,1,Salvage,1 Story,,,,99,MobileHome,,,1,,Mobile,,,,
412005,1,,,,No Data,,,,,No Data,,,No Data | Sketch not available.,No Data,,,,,No Data,,,,,No Data,,,,
412006,1,,,,No Data,,,,,No Data,,,No Data | Sketch not available.,No Data,,,,,No Data,,,,,No Data,,,,
412007,1,,,,No Data,,,,,No Data,,,No Data | Sketch not available.,No Data,,,,,No Data,,,,,No Data,,,,
412008,1,,,,No Data,,,,,No Data,,,No Data | Sketch not available.,No Data,,,,,No Data,,,,,No Data,,,,
412009,1,,,,No Data,,,,,No Data,,,No Data | Sketch not available.,No Data,,,,,No Data,,,,,No Data,,,,
412012,1,,,,No Data,,,,,No Data,,,No Data | Sketch not available.,No Data,,,,,No Data,,,,,No Data,,,,
412013,1,,,,No Data,,,,,No Data,,,No Data | Sketch not available.,No Data,,,,,No Data,,,,,No Data,,,,
412014,1,,,,No Data,,,,,No Data,,,No Data | Sketch not available.,No Data,,,,,No Data,,,,,No Data,,,,
412016,1,,,,No Data,,,,,No Data,,,No Data | Sketch not available.,No Data,,,,,No Data,,,,,No Data,,,,
412018,1,,,,No Data,,,,,No Data,,,No Data | Sketch not available.,No Data,,,,,No Data,,,,,No Data,,,,
412019,1,,,,No Data,,,,,No Data,,,No Data | Sketch not available.,No Data,,,,,No Data,,,,,No Data,,,,
412020,1,,,,No Data,,,,,No Data,,,No Data | Sketch not available.,No Data,,,,,No Data,,,,,No Data,,,,
412021,1,,,,No Data,,,,,No Data,,,No Data | Sketch not available.,No Data,,,,,No Data,,,,,No Data,,,,
412023,1,,,,No Data,,,,,No Data,,,No Data | Sketch not available.,No Data,,,,,No Data,,,,,No Data,,,,
412024,1,,,,No Data,,,,,No Data,,,No Data | Sketch not available.,No Data,,,,,No Data,,,,,No Data,,,,
412025,1,,,,No Data,,,,,No Data,,,No Data | Sketch not available.,No Data,,,,,No Data,,,,,No Data,,,,
412026,1,,,,No Data,,,,,No Data,,,No Data | Sketch not available.,No Data,,,,,No Data,,,,,No Data,,,,
412028,1,,,,No Data,,,,,No Data,,,No Data | Sketch not available.,No Data,,,,,No Data,,,,,No Data,,,,
412029,1,,,,No Data,,,,,No Data,,,No Data | Sketch not available.,No Data,,,,,No Data,,,,,No Data,,,,
412030,1,,,,No Data,,,,,No Data,,,No Data | Sketch not available.,No Data,,,,,No Data,,,,,No Data,,,,
412031,1,3,1996,1900.00,Average,1,2,30,3.25,Conc 8in,6,1,Average,1.5 Fin,775,,,21,1.5 Sty,,314,1,,Single,,,,
412032,1,5,1959,1644.00,Average,1,3,67,3.00,No Data,5,1,Fair/Avg,1 Story,,,,98,MobileHome,,404,1,,Mobile,,,,
412033,1,,,,No Data,,,,,No Data,,,No Data | Sketch not available.,No Data,,,,,No Data,,,,,No Data,,,,
412034,1,,,,No Data,,,,,No Data,,,No Data | Sketch not available.,No Data,,,,,No Data,,,,,No Data,,,,
412036,1,,,,No Data,,,,,No Data,,,No Data | Sketch not available.,No Data,,,,,No Data,,,,,No Data,,,,
412037,1,,,,No Data,,,,,No Data,,,No Data | Sketch not available.,No Data,,,,,No Data,,,,,No Data,,,,
412038,1,,,,No Data,,,,,No Data,,,No Data | Sketch not available.,No Data,,,,,No Data,,,,,No Data,,,,
412039,1,,,,No Data,,,,,No Data,,,No Data | Sketch not available.,No Data,,,,,No Data,,,,,No Data,,,,
412040,1,,,,No Data,,,,,No Data,,,No Data | Sketch not available.,No Data,,,,,No Data,,,,,No Data,,,,
412042,1,,,,No Data,,,,,No Data,,,No Data | Sketch not available.,No Data,,,,,No Data,,,,,No Data,,,,
412043,1,,,,No Data,,,,,No Data,,,No Data | Sketch not available.,No Data,,,,,No Data,,,,,No Data,,,,
412044,1,,,,No Data,,,,,No Data,,,No Data | Sketch not available.,No Data,,,,,No Data,,,,,No Data,,,,
412045,1,,,,No Data,,,,,No Data,,,No Data | Sketch not available.,No Data,,,,,No Data,,,,,No Data,,,,
412046,1,4,2002,1382.00,Good,1,2,24,2.75,Conc 8in,10,2,Average,1 Story,1200,1,1,19,Camp,2,448,1,,Single,1152,,,
412048,1,,,,No Data,,,,,No Data,,,No Data | Sketch not available.,No Data,,,,,No Data,,,,,No Data,,,,
412050,1,,,,No Data,,,,,No Data,,,No Data | Sketch not available.,No Data,,,,,No Data,,,,,No Data,,,,
412051,1,,,,No Data,,,,,No Data,,,No Data | Sketch not available.,No Data,,,,,No Data,,,,,No Data,,,,
412052,1,,,,No Data,,,,,No Data,,,No Data | Sketch not available.,No Data,,,,,No Data,,,,,No Data,,,,
412053,1,,,,No Data,,,,,No Data,,,No Data | Sketch not available.,No Data,,,,,No Data,,,,,No Data,,,,
412054,1,,,,No Data,,,,,No Data,,,No Data | Sketch not available.,No Data,,,,,No Data,,,,,No Data,,,,
412055,1,,,,No Data,,,,,No Data,,,No Data | Sketch not available.,No Data,,,,,No Data,,,,,No Data,,,,
412056,1,,,,No Data,,,,,No Data,,,No Data | Sketch not available.,No Data,,,,,No Data,,,,,No Data,,,,
412057,1,5,1970,1496.00,Average,1,2,56,3.25,Conc 8in,5,1,Avg/Good,1.5 Fin,960,,,26,1.5 Sty,1,153,1,,Single,,,,
412058,1,,,,No Data,,,,,No Data,,,No Data | Sketch not available.,No Data,,,,,No Data,,,,,No Data,,,,
412059,1,,,,No Data,,,,,No Data,,,No Data | Sketch not available.,No Data,,,,,No Data,,,,,No Data,,,,
412060,1,,,,No Data,,,,,No Data,,,No Data | Sketch not available.,No Data,,,,,No Data,,,,,No Data,,,,
412062,1,,2025,1776.00,Good,1,3,1,3.25,Conc 8in,8,2,Average,1.5 Fin,1152,,,,1.5 Sty,,,1,,Single,,,,
412063,1,,,,No Data,,,,,No Data,,,No Data | Sketch not available.,No Data,,,,,No Data,,,,,No Data,,,,
412065,1,,,,No Data,,,,,No Data,,,No Data | Sketch not available.,No Data,,,,,No Data,,,,,No Data,,,,
412066,1,,,,No Data,,,,,No Data,,,No Data | Sketch not available.,No Data,,,,,No Data,,,,,No Data,,,,
412067,1,5,,2150.00,Good,1,2,10,3.25,Conc 8in,9,2,Average,1.5 Fin,1225,,,10,1.5 Sty,2,,1,,Single,1225,,,
412070,1,,,,No Data,,,,,No Data,,,No Data | Sketch not available.,No Data,,,,,No Data,,,,,No Data,,,,
412071,1,,,,No Data,,,,,No Data,,,No Data | Sketch not available.,No Data,,,,,No Data,,,,,No Data,,,,
412072,1,,,,No Data,,,,,No Data,,,No Data | Sketch not available.,No Data,,,,,No Data,,,,,No Data,,,,
412073,1,,,,No Data,,,,,No Data,,,No Data | Sketch not available.,No Data,,,,,No Data,,,,,No Data,,,,
412074,1,,,,No Data,,,,,No Data,,,No Data | Sketch not available.,No Data,,,,,No Data,,,,,No Data,,,,
412075,1,,,,No Data,,,,,No Data,,,No Data | Sketch not available.,No Data,,,,,No Data,,,,,No Data,,,,
412076,1,,,,No Data,,,,,No Data,,,No Data | Sketch not available.,No Data,,,,,No Data,,,,,No Data,,,,
412077,1,,,,No Data,,,,,No Data,,,No Data | Sketch not available.,No Data,,,,,No Data,,,,,No Data,,,,
412078,1,,,,No Data,,,,,No Data,,,No Data | Sketch not available.,No Data,,,,,No Data,,,,,No Data,,,,
412079,1,,,,No Data,,,,,No Data,,,No Data | Sketch not available.,No Data,,,,,No Data,,,,,No Data,,,,
412080,1,,,,No Data,,,,,No Data,,,No Data | Sketch not available.,No Data,,,,,No Data,,,,,No Data,,,,
417001,1,3,1965,983.00,Average,1,2,61,3.00,No Data,5,1,Avg/Good,1 Story,,,,28,Ranch,,,1,,Single,,,,
417002,1,5,1967,832.00,Average,1,2,59,3.25,Blk 8in,5,1,Average,1 Story,240,1,,34,One Story,6,240,1,,Single,,,,
417005,1,4,1964,720.00,Average,1,2,62,3.50,Conc 8in,5,1,Average,1 Story,528,,,46,Log,1,192,1,,Camp,,,,
417006,1,4,1960,468.00,Average,1,2,,3.00,No Data,5,1,Salvage,1 Story,,,,99,MobileHome,,,1,,Mobile,,,,
417007,1,,,,No Data,,,,,No Data,,,No Data | Sketch not available.,No Data,,,,,No Data,,,,,No Data,,,,
417008,1,,,,No Data,,,,,No Data,,,No Data | Sketch not available.,No Data,,,,,No Data,,,,,No Data,,,,
417011,1,,,,No Data,,,,,No Data,,,No Data | Sketch not available.,No Data,,,,,No Data,,,,,No Data,,,,
417012,1,,,,No Data,,,,,No Data,,,No Data | Sketch not available.,No Data,,,,,No Data,,,,,No Data,,,,
417013,1,,,,No Data,,,,,No Data,,,No Data | Sketch not available.,No Data,,,,,No Data,,,,,No Data,,,,
417016,1,,,,No Data,,,,,No Data,,,No Data | Sketch not available.,No Data,,,,,No Data,,,,,No Data,,,,
417018,1,,,,No Data,,,,,No Data,,,No Data | Sketch not available.,No Data,,,,,No Data,,,,,No Data,,,,
417019,1,,,,No Data,,,,,No Data,,,No Data | Sketch not available.,No Data,,,,,No Data,,,,,No Data,,,,
417020,1,,,,No Data,,,,,No Data,,,No Data | Sketch not available.,No Data,,,,,No Data,,,,,No Data,,,,
417022,1,4,1963,792.00,Average,1,3,63,3.50,No Data,5,1,Fair,1 Story,,,,62,Camp,,96,1,,Camp,,,,
417027,1,2,2011,1558.00,Average,1,2,15,3.25,Conc 8in,8,2,Fair,1.5 Fin,520,,,23,Contemp,4,,1,,Single,320,,,
417030,1,,,,No Data,,,,,No Data,,,No Data | Sketch not available.,No Data,,,,,No Data,,,,,No Data,,,,
417031,1,4,2015,768.00,Average,1,2,11,3.50,No Data,5,1,Fair/Avg,1.5 Fin,,,,15,1.5 Sty,,112,1,,Camp,,,,
417032,1,,,,No Data,,,,,No Data,,,No Data | Sketch not available.,No Data,,,,,No Data,,,,,No Data,,,,
417033,1,6,1967,1324.00,Good,1,3,59,3.50,Conc 8in,10,2,Avg/Good,1.5 Fin,624,,,28,Log,1,1033,2,,Single,,,,
417035,1,,,,No Data,,,,,No Data,,,No Data | Sketch not available.,No Data,,,,,No Data,,,,,No Data,,,,
417036,1,,,,No Data,,,,,No Data,,,No Data | Sketch not available.,No Data,,,,,No Data,,,,,No Data,,,,
417039,1,,,,No Data,,,,,No Data,,,No Data | Sketch not available.,No Data,,,,,No Data,,,,,No Data,,,,
417042,1,4,1963,768.00,Average,1,2,63,2.75,No Data,5,1,Average,1 Story,,,,37,One Story,,340,1,,Single,,,,
417043,1,4,1961,1056.00,Average,1,2,65,3.00,No Data,5,1,Avg/Good,1.5 Fin,,,,30,1.5 Sty,,,1,,Single,,,,
417044,1,4,1962,651.00,Average,1,2,64,2.75,Conc 8in,5,1,Average,1 Story,899,1,,37,Ranch,1,248,1,,Single,,,,
417045,1,,,,No Data,,,,,No Data,,,No Data | Sketch not available.,No Data,,,,,No Data,,,,,No Data,,,,
417050,1,,,,No Data,,,,,No Data,,,No Data,No Data,,,,,No Data,,,,,No Data,,2320,,
417052,1,,,,No Data,,,,,No Data,,,No Data | Sketch not available.,No Data,,,,,No Data,,,,,No Data,,,,
417053,1,,,,No Data,,,,,No Data,,,No Data | Sketch not available.,No Data,,,,,No Data,,,,,No Data,,,,
417054,1,,,,No Data,,,,,No Data,,,No Data | Sketch not available.,No Data,,,,,No Data,,,,,No Data,,,,
417055,1,,,,No Data,,,,,No Data,,,No Data | Sketch not available.,No Data,,,,,No Data,,,,,No Data,,,,
417057,1,,,,No Data,,,,,No Data,,,No Data | Sketch not available.,No Data,,,,,No Data,,,,,No Data,,,,
417058,1,5,1965,944.00,Average,1,2,61,4.00,Blk 8in,5,1,Avg/Good,1 Story,312,,,36,Camp,1,,1,,Camp,,,,
417059,1,4,2018,1056.00,Good,1,2,8,3.25,No Data,8,2,Average,1 Story,,,,8,One Story,,232,1,,Single,,,,
417061,1,,,,No Data,,,,,No Data,,,No Data | Sketch not available.,No Data,,,,,No Data,,,,,No Data,,,,
417062,1,3,1963,528.00,Average,1,1,63,4.00,No Data,5,1,Average,1 Story,,,,46,Camp,,,1,,Camp,,,,
417063,1,,,,No Data,,,,,No Data,,,No Data | Sketch not available.,No Data,,,,,No Data,,,,,No Data,,,,
417064,1,,,,No Data,,,,,No Data,,,No Data | Sketch not available.,No Data,,,,,No Data,,,,,No Data,,,,
417065,1,,,,No Data,,,,,No Data,,,No Data | Sketch not available.,No Data,,,,,No Data,,,,,No Data,,,,
417067,1,,,,No Data,,,,,No Data,,,No Data | Sketch not available.,No Data,,,,,No Data,,,,,No Data,,,,
417068,1,2,1992,720.00,Average,1,1,34,4.00,No Data,5,1,Average,1.5 Fin,,,,28,Camp,,264,1,,Camp,,,,
417070,1,,,,No Data,,,,,No Data,,,No Data | Sketch not available.,No Data,,,,,No Data,,,,,No Data,,,,
417071,1,,,,No Data,,,,,No Data,,,No Data | Sketch not available.,No Data,,,,,No Data,,,,,No Data,,,,
417072,1,,,,No Data,,,,,No Data,,,No Data | Sketch not available.,No Data,,,,,No Data,,,,,No Data,,,,
417073,1,,,,No Data,,,,,No Data,,,No Data | Sketch not available.,No Data,,,,,No Data,,,,,No Data,,,,
417074,1,,,,No Data,,,,,No Data,,,No Data | Sketch not available.,No Data,,,,,No Data,,,,,No Data,,,,
417075,1,4,1958,530.00,Average,1,2,68,2.50,No Data,5,1,Avg/Good,1 Story,,,,66,MobileHome,,424,1,,Mobile,,,,
417076,1,,,,No Data,,,,,No Data,,,No Data | Sketch not available.,No Data,,,,,No Data,,,,,No Data,,,,
417077,1,,,,No Data,,,,,No Data,,,No Data | Sketch not available.,No Data,,,,,No Data,,,,,No Data,,,,
417078,1,,,,No Data,,,,,No Data,,,No Data | Sketch not available.,No Data,,,,,No Data,,,,,No Data,,,,
417079,1,,,,No Data,,,,,No Data,,,No Data | Sketch not available.,No Data,,,,,No Data,,,,,No Data,,,,
417080,1,4,1961,768.00,Average,1,2,65,3.00,No Data,5,1,Average,1 Story,,,,38,Log,,258,1,,Single,,,,
417082,1,,,,No Data,,,,,No Data,,,No Data | Sketch not available.,No Data,,,,,No Data,,,,,No Data,,,,
417083,1,,,,No Data,,,,,No Data,,,No Data | Sketch not available.,No Data,,,,,No Data,,,,,No Data,,,,
4170831,1,,,,No Data,,,,,No Data,,,No Data | Sketch not available.,No Data,,,,,No Data,,,,,No Data,,,,
417085,1,3,1971,1232.00,Average,1,2,55,3.00,Conc 8in,5,1,Avg/Good,1.5 Fin,616,,,26,1.5 Sty,1,280,1,,Single,,,,
417088,1,,,,No Data,,,,,No Data,,,No Data | Sketch not available.,No Data,,,,,No Data,,,,,No Data,,,,
417089,1,,,,No Data,,,,,No Data,,,No Data | Sketch not available.,No Data,,,,,No Data,,,,,No Data,,,,
417090,1,,,,No Data,,,,,No Data,,,No Data | Sketch not available.,No Data,,,,,No Data,,,,,No Data,,,,
417091,1,,,,No Data,,,,,No Data,,,No Data | Sketch not available.,No Data,,,,,No Data,,,,,No Data,,,,
417092,1,4,1965,504.00,Average,,2,,3.00,No Data,1,,Salvage,1 Story,,,,99,Camp,,,1,,Camp,,,,
417093,1,2,1971,804.00,Average,1,2,55,4.00,Conc 8in,5,1,Average,1 Story,264,,,40,Camp,4,328,1,,Camp,264,,,
417094,1,4,2007,2021.00,Good,1,3,19,3.25,No Data,8,2,Average,1.5 Fin,,,,17,1.5 Sty,,602,1,,Single,,,,
4170981,1,,,,No Data,,,,,No Data,,,No Data | Sketch not available.,No Data,,,,,No Data,,,,,No Data,,,,
417099,1,,,,No Data,,,,,No Data,,,No Data | Sketch not available.,No Data,,,,,No Data,,,,,No Data,,,,
417101,1,,,,No Data,,,,,No Data,,,No Data | Sketch not available.,No Data,,,,,No Data,,,,,No Data,,,,
417104,1,,,,No Data,,,,,No Data,,,No Data | Sketch not available.,No Data,,,,,No Data,,,,,No Data,,,,
417106,1,,,,No Data,,,,,No Data,,,No Data | Sketch not available.,No Data,,,,,No Data,,,,,No Data,,,,
417107,1,,,,No Data,,,,,No Data,,,No Data | Sketch not available.,No Data,,,,,No Data,,,,,No Data,,,,
417108,1,,,,No Data,,,,,No Data,,,No Data | Sketch not available.,No Data,,,,,No Data,,,,,No Data,,,,
417109,1,,,,No Data,,,,,No Data,,,No Data | Sketch not available.,No Data,,,,,No Data,,,,,No Data,,,,
417110,1,,,,No Data,,,,,No Data,,,No Data | Sketch not available.,No Data,,,,,No Data,,,,,No Data,,,,
417111,1,,,,No Data,,,,,No Data,,,No Data | Sketch not available.,No Data,,,,,No Data,,,,,No Data,,,,
417112,1,,,,No Data,,,,,No Data,,,No Data | Sketch not available.,No Data,,,,,No Data,,,,,No Data,,,,
417113,1,,,,No Data,,,,,No Data,,,No Data | Sketch not available.,No Data,,,,,No Data,,,,,No Data,,,,
417114,1,,,,No Data,,,,,No Data,,,No Data | Sketch not available.,No Data,,,,,No Data,,,,,No Data,,,,
417115,1,,,,No Data,,,,,No Data,,,No Data | Sketch not available.,No Data,,,,,No Data,,,,,No Data,,,,
417116,1,,,,No Data,,,,,No Data,,,No Data | Sketch not available.,No Data,,,,,No Data,,,,,No Data,,,,
417117,1,,,,No Data,,,,,No Data,,,No Data | Sketch not available.,No Data,,,,,No Data,,,,,No Data,,,,
417118,1,,,,No Data,,,,,No Data,,,No Data | Sketch not available.,No Data,,,,,No Data,,,,,No Data,,,,
417120,1,,,,No Data,,,,,No Data,,,No Data | Sketch not available.,No Data,,,,,No Data,,,,,No Data,,,,
417121,1,,,,No Data,,,,,No Data,,,No Data | Sketch not available.,No Data,,,,,No Data,,,,,No Data,,,,
417122,1,,,,No Data,,,,,No Data,,,No Data | Sketch not available.,No Data,,,,,No Data,,,,,No Data,,,,
417123,1,,,,No Data,,,,,No Data,,,No Data | Sketch not available.,No Data,,,,,No Data,,,,,No Data,,,,
417126,1,5,1973,792.00,Average,1,2,53,2.50,No Data,5,1,Avg/Good,1 Story,,,,57,MobileHome,,120,1,,Mobile,,,,
417127,1,,,,No Data,,,,,No Data,,,No Data | Sketch not available.,No Data,,,,,No Data,,,,,No Data,,,,
417129,1,,,,No Data,,,,,No Data,,,No Data | Sketch not available.,No Data,,,,,No Data,,,,,No Data,,,,
417132,1,,,,No Data,,,,,No Data,,,No Data | Sketch not available.,No Data,,,,,No Data,,,,,No Data,,,,
417133,1,,,,No Data,,,,,No Data,,,No Data | Sketch not available.,No Data,,,,,No Data,,,,,No Data,,,,
417135,1,,,,No Data,,,,,No Data,,,No Data | Sketch not available.,No Data,,,,,No Data,,,,,No Data,,,,
417136,1,,,,No Data,,,,,No Data,,,No Data | Sketch not available.,No Data,,,,,No Data,,,,,No Data,,,,
417137,1,,,,No Data,,,,,No Data,,,No Data | Sketch not available.,No Data,,,,,No Data,,,,,No Data,,,,
417138,1,,,,No Data,,,,,No Data,,,No Data | Sketch not available.,No Data,,,,,No Data,,,,,No Data,,,,
417139,1,,,,No Data,,,,,No Data,,,No Data | Sketch not available.,No Data,,,,,No Data,,,,,No Data,,,,
417140,1,,,,No Data,,,,,No Data,,,No Data | Sketch not available.,No Data,,,,,No Data,,,,,No Data,,,,
417141,1,,,,No Data,,,,,No Data,,,No Data | Sketch not available.,No Data,,,,,No Data,,,,,No Data,,,,
417142,1,,,,No Data,,,,,No Data,,,No Data | Sketch not available.,No Data,,,,,No Data,,,,,No Data,,,,
417143,1,,,,No Data,,,,,No Data,,,No Data | Sketch not available.,No Data,,,,,No Data,,,,,No Data,,,,
417147,1,,,,No Data,,,,,No Data,,,No Data | Sketch not available.,No Data,,,,,No Data,,,,,No Data,,,,
417148,1,,,,No Data,,,,,No Data,,,No Data | Sketch not available.,No Data,,,,,No Data,,,,,No Data,,,,
417149,1,,,,No Data,,,,,No Data,,,No Data | Sketch not available.,No Data,,,,,No Data,,,,,No Data,,,,
417150,1,6,1981,1646.00,Average,1,4,45,3.00,Blk 8in,5,1,Fair/Avg,1.5 Fin,228,1,,35,1.5 Sty,1,351,1,,Single,,,,
417151,1,5,1968,1600.00,Average,1,2,58,3.00,Conc 8in,5,1,Poor,2 Story,1280,,,56,Colonial,1,,1,,Single,,,,
417152,1,3,1970,560.00,Average,1,1,56,4.00,No Data,5,1,Average,1.5 Fin,,,,41,Camp,,304,1,,Camp,,,,
417155,1,5,1986,1760.00,Average,1,3,40,2.75,Conc 8in,7,1,Average,1.5 Fin,585,,1,26,1.5 Sty,6,240,1,,Single,,,,
417156,1,,,,No Data,,,,,No Data,,,No Data | Sketch not available.,No Data,,,,,No Data,,,,,No Data,,,,
417158,1,,,,No Data,,,,,No Data,,,No Data | Sketch not available.,No Data,,,,,No Data,,,,,No Data,,,,
417162,1,,,,No Data,,,,,No Data,,,No Data | Sketch not available.,No Data,,,,,No Data,,,,,No Data,,,,
417163,1,4,1963,792.00,Average,1,1,63,2.75,Blk 8in,5,1,Average,1 Story,272,1,,37,Ranch,1,424,1,,Single,,,,
417167,1,,,,No Data,,,,,No Data,,,No Data | Sketch not available.,No Data,,,,,No Data,,,,,No Data,,,,
417169,1,,,,No Data,,,,,No Data,,,No Data | Sketch not available.,No Data,,,,,No Data,,,,,No Data,,,,
417173,1,2,2005,937.00,Good,1,1,21,3.00,Blk 8in,5,1,Average,1.5 Fin,576,,,18,Contemp,2,243,1,,Single,576,,,
417177,1,,,,No Data,,,,,No Data,,,No Data | Sketch not available.,No Data,,,,,No Data,,,,,No Data,,,,
417179,1,5,2024,2191.00,Good,1,3,2,4.00,Conc 8in,11,3,Average,1.5 Fin,600,,,1,Contemp,1,252,1,,Single,,,,
417180,1,,,,No Data,,,,,No Data,,,No Data | Sketch not available.,No Data,,,,,No Data,,,,,No Data,,,,
417181,1,,,,No Data,,,,,No Data,,,No Data | Sketch not available.,No Data,,,,,No Data,,,,,No Data,,,,
417182,1,,,,No Data,,,,,No Data,,,No Data | Sketch not available.,No Data,,,,,No Data,,,,,No Data,,,,
417183,1,,,,No Data,,,,,No Data,,,No Data | Sketch not available.,No Data,,,,,No Data,,,,,No Data,,,,
4171831,1,,,,No Data,,,,,No Data,,,No Data | Sketch not available.,No Data,,,,,No Data,,,,,No Data,,,,
417184,1,,2026,1536.00,Good,1,2,,3.00,No Data,8,2,Average,2 Story,,,,,Two Story,,,1,,Single,,,,
417187,1,5,2005,1428.00,Good,1,2,21,3.00,Conc 8in,5,1,Average,1.5 Fin,374,,,18,CapeCod,1,135,1,,Single,,,,
417188,1,4,1994,1000.00,Average,1,2,32,2.75,Conc 8in,5,1,Average,1 Story,1000,,,22,Modular,1,288,1,,Single,,,,
417189,1,5,1966,1908.00,Good,1,3,60,3.00,Conc 8in,8,2,Avg/Good,1.5 Fin,1440,,,28,1.5 Sty,1,628,1,,Single,,,,
417190,1,,,,No Data,,,,,No Data,,,No Data | Sketch not available.,No Data,,,,,No Data,,,,,No Data,,,,
417194,1,,,,No Data,,,,,No Data,,,No Data | Sketch not available.,No Data,,,,,No Data,,,,,No Data,,,,
417196,1,,,,No Data,,,,,No Data,,,No Data | Sketch not available.,No Data,,,,,No Data,,,,,No Data,,,,
417197,1,5,1998,2048.00,Average,1,3,28,3.00,Conc 8in,5,1,Fair/Avg,1.5 Fin,1024,,,26,Contemp,1,128,1,,Single,,,,
417198,1,,,,No Data,,,,,No Data,,,No Data | Sketch not available.,No Data,,,,,No Data,,,,,No Data,,,,
417199,1,,,,No Data,,,,,No Data,,,No Data | Sketch not available.,No Data,,,,,No Data,,,,,No Data,,,,
417200,1,,,,No Data,,,,,No Data,,,No Data | Sketch not available.,No Data,,,,,No Data,,,,,No Data,,,,
417201,1,,,,No Data,,,,,No Data,,,No Data | Sketch not available.,No Data,,,,,No Data,,,,,No Data,,,,
417202,1,,,,No Data,,,,,No Data,,,No Data | Sketch not available.,No Data,,,,,No Data,,,,,No Data,,,,
417203,1,,,,No Data,,,,,No Data,,,No Data | Sketch not available.,No Data,,,,,No Data,,,,,No Data,,,,
417204,1,,,,No Data,,,,,No Data,,,No Data | Sketch not available.,No Data,,,,,No Data,,,,,No Data,,,,
417205,1,,,,No Data,,,,,No Data,,,No Data | Sketch not available.,No Data,,,,,No Data,,,,,No Data,,,,
417206,1,,,,No Data,,,,,No Data,,,No Data | Sketch not available.,No Data,,,,,No Data,,,,,No Data,,,,
417207,1,,,,No Data,,,,,No Data,,,No Data | Sketch not available.,No Data,,,,,No Data,,,,,No Data,,,,
417208,1,,,,No Data,,,,,No Data,,,No Data | Sketch not available.,No Data,,,,,No Data,,,,,No Data,,,,
417213,1,,,,No Data,,,,,No Data,,,No Data | Sketch not available.,No Data,,,,,No Data,,,,,No Data,,,,
417215,1,,,,No Data,,,,,No Data,,,No Data | Sketch not available.,No Data,,,,,No Data,,,,,No Data,,,,
417217,1,4,2020,1560.00,Good,1,2,6,3.50,No Data,5,1,Average,1 Story,,,,7,One Story,,,1,,Mobile,,,,
417219,1,,,,No Data,,,,,No Data,,,No Data | Sketch not available.,No Data,,,,,No Data,,,,,No Data,,,,
417222,1,,,,No Data,,,,,No Data,,,No Data | Sketch not available.,No Data,,,,,No Data,,,,,No Data,,,,
417223,1,4,2023,724.00,Good,1,3,3,3.00,No Data,8,2,Average,1.5 Fin,,,,3,1.5 Sty,,60,1,,Single,,,,
417225,1,3,1966,256.00,Average,,2,,1.00,No Data,,,Salvage,1 Story,,,,100,Camp,,,,,Camp,,,,
417228,1,,,,No Data,,,,,No Data,,,No Data | Sketch not available.,No Data,,,,,No Data,,,,,No Data,,,,
417229,1,4,2002,964.00,Average,1,2,24,3.00,Conc 8in,5,1,Average,1.5 Fin,672,,,19,CapeCod,1,368,,,Single,,,,
417231,1,,,,No Data,,,,,No Data,,,No Data | Sketch not available.,No Data,,,,,No Data,,,,,No Data,,,,
417232,1,4,1968,672.00,Average,1,2,58,2.75,No Data,5,1,Avg/Good,1 Story,,,,27,Ranch,,98,1,,Single,,,,
417234,1,6,1984,1536.00,Good,1,4,42,3.25,Conc 8in,10,2,Average,1.5 Fin,766,,1,27,CapeCod,4,144,1,,Single,566,864,,
417235,1,3,2024,1250.00,Good,1,1,2,3.25,No Data,5,1,Average,1.5 Fin,,,,1,1.5 Sty,,227,1,,Single,,,,
417236,1,,,,No Data,,,,,No Data,,,No Data | Sketch not available.,No Data,,,,,No Data,,,,,No Data,,,,
417239,1,,,,No Data,,,,,No Data,,,No Data | Sketch not available.,No Data,,,,,No Data,,,,,No Data,,,,
417241,1,4,1971,692.00,Average,1,1,55,2.50,Blk 8in,5,1,Fair,1 Story,692,,,47,Ranch,1,100,1,,Single,,,,
417242,1,,,,No Data,,,,,No Data,,,No Data | Sketch not available.,No Data,,,,,No Data,,,,,No Data,,,,
417244,1,,,,No Data,,,,,No Data,,,No Data | Sketch not available.,No Data,,,,,No Data,,,,,No Data,,,,
417247,1,7,1970,1306.00,Average,1,3,56,3.00,No Data,5,1,Poor,1.5 Fin,,,,55,1.5 Sty,,180,1,,Single,,296,,
417250,1,2,1975,308.00,Average,1,1,51,3.50,No Data,5,1,Average,1 Story,,,,38,Camp,,112,1,,Camp,,,,
417252,1,4,1962,600.00,Average,1,2,64,3.50,No Data,5,1,Poor,1 Story,,,,72,Camp,,60,1,,Camp,,,,
417252,2,,1970,550.00,Average,1,2,56,2.50,No Data,5,1,Poor,1 Story,,,,90,MobileHome,,,1,,Mobile,,,,
417253,1,,,,No Data,,,,,No Data,,,No Data | Sketch not available.,No Data,,,,,No Data,,,,,No Data,,,,
417254,1,5,1983,1120.00,Average,1,3,43,3.00,Conc 8in,8,2,Average,1 Story,1120,,,27,Log,1,718,1,,Single,,,,
417255,1,,,,No Data,,3,,,No Data,,,No Data | Sketch not available.,No Data,,,,,No Data,,,,,No Data,,,,
417256,1,,,,No Data,,,,,No Data,,,No Data | Sketch not available.,No Data,,,,,No Data,,,,,No Data,,,,
417257,1,,1967,280.00,Average,,,,3.00,No Data,,,Salvage,1 Story,,,,100,Camp,,,,,Camp,,,,
4172571,1,,,,No Data,,,,,No Data,,,No Data | Sketch not available.,No Data,,,,,No Data,,,,,No Data,,,,
417258,1,4,1960,368.00,Average,,1,66,3.00,No Data,2,,Fair/Avg,1 Story,,,,98,Camp,,176,1,,Mobile,,,,
417259,1,4,2024,1394.00,Good,1,3,2,3.00,No Data,8,2,Average,1.5 Fin,,,,1,CapeCod,,740,1,,Single,,,,
417261,1,,,,No Data,,,,,No Data,,,No Data | Sketch not available.,No Data,,,,,No Data,,,,,No Data,,,,
417262,1,6,1995,1836.00,Average,1,3,31,3.50,No Data,8,2,Average,1 Story,,,,36,DblWide,,312,1,,Mobile,,,,
417264,1,3,2006,1200.00,Good,1,1,20,3.00,No Data,8,2,Avg/Good,1.5 Fin,,,,14,CapeCod,,156,1,,Single,,253,,
417266,1,,,,No Data,,,,,No Data,,,No Data | Sketch not available.,No Data,,,,,No Data,,,,,No Data,,,,
4172661,1,,,,No Data,,,,,No Data,,,No Data | Sketch not available.,No Data,,,,,No Data,,,,,No Data,,,,
4172662,1,,,,No Data,,,,,No Data,,,No Data | Sketch not available.,No Data,,,,,No Data,,,,,No Data,,,,
417267,1,,,,No Data,,,,,No Data,,,No Data | Sketch not available.,No Data,,,,,No Data,,,,,No Data,,,,
417268,1,7,1970,2360.00,Average,1,3,56,3.00,No Data,8,2,Avg/Good,2 Story,,1,,26,Colonial,,108,1,,Single,,504,,
417269,1,,,,No Data,,,,,No Data,,,No Data | Sketch not available.,No Data,,,,,No Data,,,,,No Data,,,,
417270,1,,,,No Data,,,,,No Data,,,No Data | Sketch not available.,No Data,,,,,No Data,,,,,No Data,,,,
4172711,1,,,,No Data,,,,,No Data,,,No Data | Sketch not available.,No Data,,,,,No Data,,,,,No Data,,,,
417272,1,,,,No Data,,,,,No Data,,,No Data | Sketch not available.,No Data,,,,,No Data,,,,,No Data,,,,
4172721,1,,,,No Data,,,,,No Data,,,No Data | Sketch not available.,No Data,,,,,No Data,,,,,No Data,,,,
417274,1,,,,No Data,,,,,No Data,,,No Data | Sketch not available.,No Data,,,,,No Data,,,,,No Data,,,,
417275,1,,,,No Data,,,,,No Data,,,No Data | Sketch not available.,No Data,,,,,No Data,,,,,No Data,,,,
417276,1,,,,No Data,,,,,No Data,,,No Data | Sketch not available.,No Data,,,,,No Data,,,,,No Data,,,,
417277,1,3,,512.00,No Data,1,1,45,2.75,No Data,5,1,Average,1 Story,,,,28,A-Frame,,160,1,,Single,,,,
417279,1,,,,No Data,,,,,No Data,,,No Data | Sketch not available.,No Data,,,,,No Data,,,,,No Data,,,,
417280,1,,,,No Data,,,,,No Data,,,No Data | Sketch not available.,No Data,,,,,No Data,,,,,No Data,,,,
417281,1,,,,No Data,,,,,No Data,,,No Data | Sketch not available.,No Data,,,,,No Data,,,,,No Data,,,,
417282,1,,,,No Data,,,,,No Data,,,No Data | Sketch not available.,No Data,,,,,No Data,,,,,No Data,,,,
417283,1,,,,No Data,,,,,No Data,,,No Data | Sketch not available.,No Data,,,,,No Data,,,,,No Data,,,,
417284,1,,,,No Data,,,,,No Data,,,No Data | Sketch not available.,No Data,,,,,No Data,,,,,No Data,,,,
417285,1,,,,No Data,,,,,No Data,,,No Data | Sketch not available.,No Data,,,,,No Data,,,,,No Data,,,,
417286,1,,,,No Data,,,,,No Data,,,No Data | Sketch not available.,No Data,,,,,No Data,,,,,No Data,,,,
417287,1,4,1968,814.00,Average,1,2,58,2.75,Blk 8in,5,1,Average,1.5 Fin,480,,,34,A-Frame,1,239,1,,Single,,,,
417288,1,,,,No Data,,,,,No Data,,,No Data | Sketch not available.,No Data,,,,,No Data,,,,,No Data,,,,
417290,1,,,,No Data,,,,,No Data,,,No Data | Sketch not available.,No Data,,,,,No Data,,,,,No Data,,,,
417291,1,,,,No Data,,,,,No Data,,,No Data | Sketch not available.,No Data,,,,,No Data,,,,,No Data,,,,
417292,1,,,,No Data,,,,,No Data,,,No Data | Sketch not available.,No Data,,,,,No Data,,,,,No Data,,,,
417293,1,,,,No Data,,,,,No Data,,,No Data | Sketch not available.,No Data,,,,,No Data,,,,,No Data,,,,
417294,1,,,,No Data,,,,,No Data,,,No Data | Sketch not available.,No Data,,,,,No Data,,,,,No Data,,,,
417295,1,,,,No Data,,,,,No Data,,,No Data | Sketch not available.,No Data,,,,,No Data,,,,,No Data,,,,
417296,1,,,,No Data,,,,,No Data,,,No Data | Sketch not available.,No Data,,,,,No Data,,,,,No Data,,,,
417297,1,,,,No Data,,,,,No Data,,,No Data | Sketch not available.,No Data,,,,,No Data,,,,,No Data,,,,
417300,1,3,1964,1280.00,Average,1,2,62,3.00,No Data,5,1,Fair,2 Story,,,,51,Two Story,,60,1,,Single,,,,
4173001,1,,,,No Data,,,,,No Data,,,No Data | Sketch not available.,No Data,,,,,No Data,,,,,No Data,,,,
4173002,1,,,,No Data,,,,,No Data,,,No Data | Sketch not available.,No Data,,,,,No Data,,,,,No Data,,,,
417301,1,,,,No Data,,,,,No Data,,,No Data | Sketch not available.,No Data,,,,,No Data,,,,,No Data,,,,
417302,1,,,,No Data,,,,,No Data,,,No Data | Sketch not available.,No Data,,,,,No Data,,,,,No Data,,,,
4173022,1,3,1962,734.00,Average,1,1,64,2.75,No Data,5,1,Fair,1.5 Fin,,,,52,A-Frame,,228,1,,Single,,,,
417303,1,,,,No Data,,,,,No Data,,,No Data | Sketch not available.,No Data,,,,,No Data,,,,,No Data,,,,
417304,1,,,,No Data,,,,,No Data,,,No Data | Sketch not available.,No Data,,,,,No Data,,,,,No Data,,,,
417305,1,3,1976,708.00,Average,1,2,50,4.00,No Data,5,1,Fair/Avg,1.5 Fin,,,,48,Camp,,209,1,,Camp,,,,
417306,1,,,,No Data,,,,,No Data,,,No Data | Sketch not available.,No Data,,,,,No Data,,,,,No Data,,,,
417307,1,,,,No Data,,,,,No Data,,,No Data | Sketch not available.,No Data,,,,,No Data,,,,,No Data,,,,
417310,1,,,,No Data,,,,,No Data,,,No Data | Sketch not available.,No Data,,,,,No Data,,,,,No Data,,,,
417313,1,,,,No Data,,,,,No Data,,,No Data | Sketch not available.,No Data,,,,,No Data,,,,,No Data,,,,
417317,1,5,1981,1008.00,Average,1,3,45,3.00,No Data,7,1,Salvage,1 Story,,,1,99,MobileHome,,64,1,,Mobile,,,,
417320,1,,,,No Data,,,,,No Data,,,No Data | Sketch not available.,No Data,,,,,No Data,,,,,No Data,,,,
417321,1,,,,No Data,,,,,No Data,,,No Data | Sketch not available.,No Data,,,,,No Data,,,,,No Data,,,,
417322,1,,,,No Data,,,,,No Data,,,No Data | Sketch not available.,No Data,,,,,No Data,,,,,No Data,,,,
417323,1,,,,No Data,,,,,No Data,,,No Data | Sketch not available.,No Data,,,,,No Data,,,,,No Data,,,,
417324,1,,,,No Data,,,,,No Data,,,No Data | Sketch not available.,No Data,,,,,No Data,,,,,No Data,,,,
417325,1,,,,No Data,,,,,No Data,,,No Data | Sketch not available.,No Data,,,,,No Data,,,,,No Data,,,,
417326,1,,,,No Data,,,,,No Data,,,No Data | Sketch not available.,No Data,,,,,No Data,,,,,No Data,,,,
417328,1,,,,No Data,,,,,No Data,,,No Data | Sketch not available.,No Data,,,,,No Data,,,,,No Data,,,,
417329,1,,,,No Data,,,,,No Data,,,No Data | Sketch not available.,No Data,,,,,No Data,,,,,No Data,,,,
417330,1,,,,No Data,,,,,No Data,,,No Data | Sketch not available.,No Data,,,,,No Data,,,,,No Data,,,,
417331,1,,,,No Data,,,,,No Data,,,No Data | Sketch not available.,No Data,,,,,No Data,,,,,No Data,,,,
417332,1,,,,No Data,,,,,No Data,,,No Data | Sketch not available.,No Data,,,,,No Data,,,,,No Data,,,,
417334,1,,,,No Data,,,,,No Data,,,No Data | Sketch not available.,No Data,,,,,No Data,,,,,No Data,,,,
417335,1,,,,No Data,,,,,No Data,,,No Data | Sketch not available.,No Data,,,,,No Data,,,,,No Data,,,,
417336,1,,,,No Data,,,,,No Data,,,No Data | Sketch not available.,No Data,,,,,No Data,,,,,No Data,,,,
417337,1,,,,No Data,,,,,No Data,,,No Data | Sketch not available.,No Data,,,,,No Data,,,,,No Data,,,,
417338,1,,,,No Data,,,,,No Data,,,No Data | Sketch not available.,No Data,,,,,No Data,,,,,No Data,,,,
417342,1,,,,No Data,,,,,No Data,,,No Data | Sketch not available.,No Data,,,,,No Data,,,,,No Data,,,,
417343,1,,,,No Data,,,,,No Data,,,No Data | Sketch not available.,No Data,,,,,No Data,,,,,No Data,,,,
417347,1,,,,No Data,,,,,No Data,,,No Data | Sketch not available.,No Data,,,,,No Data,,,,,No Data,,,,
417348,1,,,,No Data,,,,,No Data,,,No Data | Sketch not available.,No Data,,,,,No Data,,,,,No Data,,,,
417350,1,,,,No Data,,,,,No Data,,,No Data | Sketch not available.,No Data,,,,,No Data,,,,,No Data,,,,
417352,1,,,,No Data,,,,,No Data,,,No Data | Sketch not available.,No Data,,,,,No Data,,,,,No Data,,,,
417353,1,,,,No Data,,,,,No Data,,,No Data | Sketch not available.,No Data,,,,,No Data,,,,,No Data,,,,
417354,1,,,,No Data,,,,,No Data,,,No Data | Sketch not available.,No Data,,,,,No Data,,,,,No Data,,,,
417355,1,,,,No Data,,,,,No Data,,,No Data | Sketch not available.,No Data,,,,,No Data,,,,,No Data,,,,
417356,1,,,,No Data,,,,,No Data,,,No Data | Sketch not available.,No Data,,,,,No Data,,,,,No Data,,,,
417357,1,,,,No Data,,,,,No Data,,,No Data | Sketch not available.,No Data,,,,,No Data,,,,,No Data,,,,
417358,1,,,,No Data,,,,,No Data,,,No Data | Sketch not available.,No Data,,,,,No Data,,,,,No Data,,,,
417359,1,,,,No Data,,,,,No Data,,,No Data | Sketch not available.,No Data,,,,,No Data,,,,,No Data,,,,
417360,1,,,,No Data,,,,,No Data,,,No Data | Sketch not available.,No Data,,,,,No Data,,,,,No Data,,,,
417361,1,,,,No Data,,,,,No Data,,,No Data | Sketch not available.,No Data,,,,,No Data,,,,,No Data,,,,
417362,1,,,,No Data,,,,,No Data,,,No Data | Sketch not available.,No Data,,,,,No Data,,,,,No Data,,,,
417363,1,4,1974,864.00,Average,1,2,52,2.75,Conc 8in,5,1,Poor,1 Story,864,,,52,Modular,1,294,1,,Single,,324,,
417368,1,,,,No Data,,,,,No Data,,,No Data | Sketch not available.,No Data,,,,,No Data,,,,,No Data,,,,
417369,1,,,,No Data,,,,,No Data,,,No Data | Sketch not available.,No Data,,,,,No Data,,,,,No Data,,,,
417370,1,,,,No Data,,,,,No Data,,,No Data | Sketch not available.,No Data,,,,,No Data,,,,,No Data,,,,
417373,1,4,2004,1434.00,Good,1,2,22,3.50,No Data,7,1,Avg/Good,1.5 Fin,,,1,15,Saltbox,,384,1,,Single,,,,
4173732,1,,,,No Data,,,,,No Data,,,No Data | Sketch not available.,No Data,,,,,No Data,,,,,No Data,,,,
417380,1,,,,No Data,,,,,No Data,,,No Data | Sketch not available.,No Data,,,,,No Data,,,,,No Data,,,,
417381,1,,,,No Data,,,,,No Data,,,No Data | Sketch not available.,No Data,,,,,No Data,,,,,No Data,,,,
417382,1,5,1973,1558.00,Average,1,3,53,3.25,Blk 8in,8,2,Average,1.5 Fin,768,1,,31,Chalet,4,788,1,,Single,726,,,
417383,1,,,,No Data,,,,,No Data,,,No Data | Sketch not available.,No Data,,,,,No Data,,,,,No Data,,,,
417384,1,,,,No Data,,,,,No Data,,,No Data | Sketch not available.,No Data,,,,,No Data,,,,,No Data,,,,
417385,1,4,2004,1112.00,Good,1,2,22,3.00,Conc 8in,8,2,Average,1.5 Fin,720,,,18,Modular,1,240,1,,Single,,,,
417386,1,,,,No Data,,,,,No Data,,,No Data | Sketch not available.,No Data,,,,,No Data,,,,,No Data,,,,
417387,1,,,,No Data,,,,,No Data,,,No Data | Sketch not available.,No Data,,,,,No Data,,,,,No Data,,,,
4173871,1,,,,No Data,,,,,No Data,,,No Data | Sketch not available.,No Data,,,,,No Data,,,,,No Data,,,,
417390,1,,,,No Data,,,,,No Data,,,No Data | Sketch not available.,No Data,,,,,No Data,,,,,No Data,,,,
417392,1,,,,No Data,,,,,No Data,,,No Data | Sketch not available.,No Data,,,,,No Data,,,,,No Data,,,,
417394,1,,,,No Data,,,,,No Data,,,No Data | Sketch not available.,No Data,,,,,No Data,,,,,No Data,,,,
417397,1,,,,No Data,,,,,No Data,,,No Data | Sketch not available.,No Data,,,,,No Data,,,,,No Data,,,,
417400,1,,,,No Data,,,,,No Data,,,No Data | Sketch not available.,No Data,,,,,No Data,,,,,No Data,,,,
417405,1,,,,No Data,,,,,No Data,,,No Data | Sketch not available.,No Data,,,,,No Data,,,,,No Data,,,,
417408,1,,,,No Data,,,,,No Data,,,No Data | Sketch not available.,No Data,,,,,No Data,,,,,No Data,,,,
417409,1,,,,No Data,,,,,No Data,,,No Data | Sketch not available.,No Data,,,,,No Data,,,,,No Data,,,,
417410,1,,,,No Data,,,,,No Data,,,No Data | Sketch not available.,No Data,,,,,No Data,,,,,No Data,,,,
417411,1,,,,No Data,,,,,No Data,,,No Data | Sketch not available.,No Data,,,,,No Data,,,,,No Data,,,,
417412,1,,,,No Data,,,,,No Data,,,No Data | Sketch not available.,No Data,,,,,No Data,,,,,No Data,,,,
417413,1,,,,No Data,,,,,No Data,,,No Data | Sketch not available.,No Data,,,,,No Data,,,,,No Data,,,,
417414,1,,,,No Data,,,,,No Data,,,No Data | Sketch not available.,No Data,,,,,No Data,,,,,No Data,,,,
4174151,1,,,,No Data,,,,,No Data,,,No Data | Sketch not available.,No Data,,,,,No Data,,,,,No Data,,,,
417416,1,6,1967,1456.00,Average,1,2,59,3.50,No Data,7,1,Avg/Good,1.5 Fin,,,1,28,CapeCod,,180,1,,Single,,,,
4174161,1,,,,No Data,,,,,No Data,,,No Data | Sketch not available.,No Data,,,,,No Data,,,,,No Data,,,,
417417,1,,,,No Data,,,,,No Data,,,No Data | Sketch not available.,No Data,,,,,No Data,,,,,No Data,,,,
417419,1,,,,No Data,,,,,No Data,,,No Data | Sketch not available.,No Data,,,,,No Data,,,,,No Data,,,,
417422,1,5,1967,1266.00,Average,1,2,59,3.25,Conc 8in,5,1,Fair/Avg,1.5 Fin,366,,,42,CapeCod,1,256,1,,Single,,,,
417423,1,,,,No Data,,,,,No Data,,,No Data | Sketch not available.,No Data,,,,,No Data,,,,,No Data,,,,
417425,1,5,1963,1468.00,Average,1,3,55,3.00,Conc 8in,5,1,Avg/Good,1.5 Fin,572,,,26,Log,1,240,1,,Single,,320,,
417429,1,,,,No Data,,,,,No Data,,,No Data | Sketch not available.,No Data,,,,,No Data,,,,,No Data,,,,
417430,1,5,1962,1232.00,Average,1,3,64,2.75,Conc 8in,5,1,Fair/Avg,1.5 Fin,839,,,45,A-Frame,1,154,1,,Single,,,,
417432,1,,,,No Data,,,,,No Data,,,No Data | Sketch not available.,No Data,,,,,No Data,,,,,No Data,,,,
417433,1,,,,No Data,,,,,No Data,,,No Data | Sketch not available.,No Data,,,,,No Data,,,,,No Data,,,,
417437,1,,,,No Data,,,,,No Data,,,No Data | Sketch not available.,No Data,,,,,No Data,,,,,No Data,,,,
417443,1,,,,No Data,,,,,No Data,,,No Data | Sketch not available.,No Data,,,,,No Data,,,,,No Data,,,,
418001,1,,,,No Data,,,,,No Data,,,No Data | Sketch not available.,No Data,,,,,No Data,,,,,No Data,,,,
4180011,1,4,1965,368.00,Average,1,2,61,2.50,Conc 8in,5,1,Average,1 Story,368,,,36,One Story,4,224,1,,Single,368,,,
418002,1,5,1960,2089.00,Good,1,3,66,3.00,Conc 8in,7,1,Fair/Avg,1.5 Fin,1188,,1,45,1.5 Sty,1,394,1,,Single,,,,
418003,1,,,,No Data,,,,,No Data,,,No Data | Sketch not available.,No Data,,,,,No Data,,,,,No Data,,,,
418005,1,4,1999,1968.00,Average,1,2,27,3.00,No Data,7,1,Average,1.5 Fin,,,1,20,Modular,,,1,,Single,,596,,
418012,1,,,,No Data,,,,,No Data,,,No Data | Sketch not available.,No Data,,,,,No Data,,,,,No Data,,,,
418013,1,,,,No Data,,,,,No Data,,,No Data | Sketch not available.,No Data,,,,,No Data,,,,,No Data,,,,
418015,1,,,,No Data,,,,,No Data,,,No Data | Sketch not available.,No Data,,,,,No Data,,,,,No Data,,,,
418016,1,,,,No Data,,,,,No Data,,,No Data | Sketch not available.,No Data,,,,,No Data,,,,,No Data,,,,
418017,1,,,,No Data,,,,,No Data,,,No Data | Sketch not available.,No Data,,,,,No Data,,,,,No Data,,,,
418019,1,,,,No Data,,,,,No Data,,,No Data | Sketch not available.,No Data,,,,,No Data,,,,,No Data,,,,
418020,1,8,1991,2170.00,Average,1,3,35,3.00,No Data,8,2,Fair/Avg,2 Story,,,,30,Colonial,,128,1,,Single,,,,
418021,1,,,,No Data,,,,,No Data,,,No Data,No Data,,,,,No Data,,,,,No Data,,,,
418022,1,,,,No Data,,,,,No Data,,,No Data | Sketch not available.,No Data,,,,,No Data,,,,,No Data,,,,
418023,1,,,,No Data,,,,,No Data,,,No Data | Sketch not available.,No Data,,,,,No Data,,,,,No Data,,,,
418024,1,,,,No Data,,,,,No Data,,,No Data | Sketch not available.,No Data,,,,,No Data,,,,,No Data,,,,
418025,1,,,,No Data,,,,,No Data,,,No Data | Sketch not available.,No Data,,,,,No Data,,,,,No Data,,,,
418026,1,,,,No Data,,,,,No Data,,,No Data | Sketch not available.,No Data,,,,,No Data,,,,,No Data,,,,
418027,1,4,2015,512.00,Average,1,2,11,3.50,No Data,5,1,Fair,2 Story,,,,22,Contemp,,,1,,Camp,,,,
418028,1,6,1963,1624.00,Average,1,3,63,3.25,Conc 8in,8,2,Fair/Avg,1.5 Fin,722,,,44,Contemp,1,52,1,,Single,,,,
4180281,1,,,,No Data,,,,,No Data,,,No Data | Sketch not available.,No Data,,,,,No Data,,,,,No Data,,,,
418031,1,,,,No Data,,,,,No Data,,,No Data | Sketch not available.,No Data,,,,,No Data,,,,,No Data,,,,
418032,1,,,,No Data,,,,,No Data,,,No Data | Sketch not available.,No Data,,,,,No Data,,,,,No Data,,,,
418033,1,,,,No Data,,,,,No Data,,,No Data | Sketch not available.,No Data,,,,,No Data,,,,,No Data,,,,
418034,1,,,,No Data,,,,,No Data,,,No Data | Sketch not available.,No Data,,,,,No Data,,,,,No Data,,,,
418035,1,,,,No Data,,,,,No Data,,,No Data | Sketch not available.,No Data,,,,,No Data,,,,,No Data,,,,
418036,1,,,,No Data,,,,,No Data,,,No Data | Sketch not available.,No Data,,,,,No Data,,,,,No Data,,,,
418037,1,,,,No Data,,,,,No Data,,,No Data | Sketch not available.,No Data,,,,,No Data,,,,,No Data,,,,
418039,1,,,,No Data,,,,,No Data,,,No Data | Sketch not available.,No Data,,,,,No Data,,,,,No Data,,,,
418041,1,,,,No Data,,,,,No Data,,,No Data | Sketch not available.,No Data,,,,,No Data,,,,,No Data,,,,
418044,1,,2022,960.00,Good,1,1,4,3.00,No Data,5,1,Average,1.5 Fin,,,,4,1.5 Sty,,144,1,,Single,,,,
418047,1,5,1988,1764.00,Average,1,3,38,3.00,Conc 8in,8,2,Average,1.5 Fin,1008,,,25,Log,3,320,1,,Single,144,,,
4180501,1,,,,No Data,,,,,No Data,,,No Data | Sketch not available.,No Data,,,,,No Data,,,,,No Data,,,,
418054,1,,,,No Data,,,,,No Data,,,No Data | Sketch not available.,No Data,,,,,No Data,,,,,No Data,,,,
4180541,1,,,,No Data,,,,,No Data,,,No Data,No Data,,,,,No Data,,,,,No Data,,,,
418055,1,,,,No Data,,,,,No Data,,,No Data | Sketch not available.,No Data,,,,,No Data,,,,,No Data,,,,
418056,1,,,,No Data,,,,,No Data,,,No Data | Sketch not available.,No Data,,,,,No Data,,,,,No Data,,,,
418057,1,,,,No Data,,,,,No Data,,,No Data | Sketch not available.,No Data,,,,,No Data,,,,,No Data,,,,
418059,1,,,,No Data,,,,,No Data,,,No Data | Sketch not available.,No Data,,,,,No Data,,,,,No Data,,,,
418064,1,3,2023,1322.00,Good,1,2,3,3.25,No Data,5,1,Average,1 Story,,,,3,One Story,,98,1,,Single,,575,,
418064,2,,2025,380.00,Good,1,,1,3.00,No Data,5,1,Average,1 Story,,,,,One Story,,113,1,,blank,,,,
418065,1,3,1970,628.00,Average,1,1,56,3.25,No Data,3,,Avg/Good,1.5 Fin,,,1,33,Camp,,72,1,,Camp,,,,
418067,1,,,,No Data,,,,,No Data,,,No Data | Sketch not available.,No Data,,,,,No Data,,,,,No Data,,,,
418070,1,,,,No Data,,,,,No Data,,,No Data | Sketch not available.,No Data,,,,,No Data,,,,,No Data,,,,
418072,1,,,,No Data,,,,,No Data,,,No Data | Sketch not available.,No Data,,,,,No Data,,,,,No Data,,,,
418082,1,,,,No Data,,,,,No Data,,,No Data | Sketch not available.,No Data,,,,,No Data,,,,,No Data,,,,
418084,1,,,,No Data,,,,,No Data,,,No Data | Sketch not available.,No Data,,,,,No Data,,,,,No Data,,,,
418085,1,,,,No Data,,,,,No Data,,,No Data | Sketch not available.,No Data,,,,,No Data,,,,,No Data,,,,
418089,1,,,,No Data,,,,,No Data,,,No Data | Sketch not available.,No Data,,,,,No Data,,,,,No Data,,,,
418091,1,,,,No Data,,,,,No Data,,,No Data | Sketch not available.,No Data,,,,,No Data,,,,,No Data,,,,
418092,1,,,,No Data,,,,,No Data,,,No Data | Sketch not available.,No Data,,,,,No Data,,,,,No Data,,,,
418094,1,,,,No Data,,,,,No Data,,,No Data | Sketch not available.,No Data,,,,,No Data,,,,,No Data,,,,
418095,1,,,,No Data,,,,,No Data,,,No Data | Sketch not available.,No Data,,,,,No Data,,,,,No Data,,,,
418100,1,,,,No Data,,,,,No Data,,,No Data | Sketch not available.,No Data,,,,,No Data,,,,,No Data,,,,
418103,1,,,,No Data,,,,,No Data,,,No Data | Sketch not available.,No Data,,,,,No Data,,,,,No Data,,,,
418105,1,,,,No Data,,,,,No Data,,,No Data | Sketch not available.,No Data,,,,,No Data,,,,,No Data,,,,
418108,1,,,,No Data,,,,,No Data,,,No Data | Sketch not available.,No Data,,,,,No Data,,,,,No Data,,,,
418109,1,,,,No Data,,,,,No Data,,,No Data | Sketch not available.,No Data,,,,,No Data,,,,,No Data,,,,
418110,1,,,,No Data,,,,,No Data,,,No Data | Sketch not available.,No Data,,,,,No Data,,,,,No Data,,,,
4181101,1,4,1977,840.00,Average,1,2,49,3.00,No Data,6,1,Fair/Avg,1 Story,,,,82,MobileHome,,,,,Mobile,,,,
418111,1,3,2015,432.00,Good,1,1,11,2.50,No Data,5,1,Fair/Avg,1 Story,,,,15,One Story,,,1,,Single,,,,
418114,1,6,2010,1464.00,Good,1,2,16,3.00,Conc 8in,8,2,Average,2 Story,672,,,15,Two Story,4,550,1,,Single,472,,,
418117,1,4,1968,640.00,Average,1,2,,3.50,No Data,3,1,Salvage,1 Story,,,,85,Camp,,128,1,,Camp,,,,
418119,1,,,,No Data,,,,,No Data,,,No Data | Sketch not available.,No Data,,,,,No Data,,,,,No Data,,,,
418120,1,,,,No Data,,,,,No Data,,,No Data | Sketch not available.,No Data,,,,,No Data,,,,,No Data,,,,
418124,1,4,1992,1090.00,Average,1,2,34,2.75,Blk 8in,7,1,Average,1 Story,1090,,1,23,Ranch,1,570,1,,Single,,,,
418127,1,5,2022,962.00,Good,1,2,4,3.00,No Data,8,2,Average,1.5U (SF),,,,4,1.5 Sty,,176,1,,Single,,650,,
418129,1,,,,No Data,,,,,No Data,,,No Data | Sketch not available.,No Data,,,,,No Data,,,,,No Data,,,,
418130,1,,,,No Data,,,,,No Data,,,No Data | Sketch not available.,No Data,,,,,No Data,,,,,No Data,,,,
418132,1,,,,No Data,,,,,No Data,,,No Data | Sketch not available.,No Data,,,,,No Data,,,,,No Data,,,,
418133,1,,,,No Data,,,,,No Data,,,No Data | Sketch not available.,No Data,,,,,No Data,,,,,No Data,,,,
418136,1,,,,No Data,,,,,No Data,,,No Data | Sketch not available.,No Data,,,,,No Data,,,,,No Data,,,,
418137,1,,,,No Data,,,,,No Data,,,No Data | Sketch not available.,No Data,,,,,No Data,,,,,No Data,,,,
418138,1,,,,No Data,,,,,No Data,,,No Data | Sketch not available.,No Data,,,,,No Data,,,,,No Data,,,,
418139,1,,,,No Data,,,,,No Data,,,No Data | Sketch not available.,No Data,,,,,No Data,,,,,No Data,,,,
418141,1,,,,No Data,,,,,No Data,,,No Data | Sketch not available.,No Data,,,,,No Data,,,,,No Data,,,,
418142,1,,,,No Data,,,,,No Data,,,No Data | Sketch not available.,No Data,,,,,No Data,,,,,No Data,,,,
418143,1,7,2003,1757.00,Good,1,3,23,4.00,Conc 8in,8,2,Average,2 Story,825,,,18,Two Story,1,,1,,Single,,,,
418145,1,,,,No Data,,,,,No Data,,,No Data,No Data,,,,,No Data,,108,,,No Data,,,,
418146,1,,,,No Data,,,,,No Data,,,No Data | Sketch not available.,No Data,,,,,No Data,,,,,No Data,,,,
418147,1,,,,No Data,,,,,No Data,,,No Data | Sketch not available.,No Data,,,,,No Data,,,,,No Data,,,,
418148,1,,,,No Data,,,,,No Data,,,No Data | Sketch not available.,No Data,,,,,No Data,,,,,No Data,,,,
418151,1,5,1976,1044.00,Good,1,2,50,3.25,Conc 8in,10,2,Avg/Good,1 Story,1200,,1,25,One Story,4,566,1,,Single,1000,,,
418154,1,,,,No Data,,,,,No Data,,,No Data | Sketch not available.,No Data,,,,,No Data,,,,,No Data,,,,
418156,1,,,,No Data,,,,,No Data,,,No Data | Sketch not available.,No Data,,,,,No Data,,,,,No Data,,,,
418158,1,,,,No Data,,,,,No Data,,,No Data | Sketch not available.,No Data,,,,,No Data,,,,,No Data,,,,
418159,1,,,,No Data,,,,,No Data,,,No Data | Sketch not available.,No Data,,,,,No Data,,,,,No Data,,,,
418161,1,,,,No Data,,,,,No Data,,,No Data | Sketch not available.,No Data,,,,,No Data,,,,,No Data,,,,
418164,1,,,,No Data,,,,,No Data,,,No Data | Sketch not available.,No Data,,,,,No Data,,,,,No Data,,,,
418165,1,,,,No Data,,,,,No Data,,,No Data | Sketch not available.,No Data,,,,,No Data,,,,,No Data,,,,
4181651,1,,,,No Data,,,,,No Data,,,No Data | Sketch not available.,No Data,,,,,No Data,,,,,No Data,,,,
418166,1,3,1965,160.00,Average,,2,61,3.00,No Data,1,,Poor,1 Story,,,,71,Camp,,,,,Camp,,,,
418167,1,,,,No Data,,,,,No Data,,,No Data | Sketch not available.,No Data,,,,,No Data,,,,,No Data,,,,
418168,1,,,,No Data,,,,,No Data,,,No Data | Sketch not available.,No Data,,,,,No Data,,,,,No Data,,,,
418169,1,,,,No Data,,,,,No Data,,,No Data | Sketch not available.,No Data,,,,,No Data,,,,,No Data,,,,
418170,1,,,,No Data,,,,,No Data,,,No Data | Sketch not available.,No Data,,,,,No Data,,,,,No Data,,,,
418171,1,,,,No Data,,,,,No Data,,,No Data | Sketch not available.,No Data,,,,,No Data,,,,,No Data,,,,
418172,1,1,1982,520.00,Average,1,1,44,3.00,No Data,4,,Poor,1.5 Fin,,,,60,Contemp,,,1,,Camp,,,,
418173,1,,,,No Data,,,,,No Data,,,No Data | Sketch not available.,No Data,,,,,No Data,,,,,No Data,,,,
418174,1,,,,No Data,,,,,No Data,,,No Data | Sketch not available.,No Data,,,,,No Data,,,,,No Data,,,,
418176,1,,,,No Data,,,,,No Data,,,No Data | Sketch not available.,No Data,,,,,No Data,,,,,No Data,,,,
418177,1,,,,No Data,,,,,No Data,,,No Data | Sketch not available.,No Data,,,,,No Data,,,,,No Data,,,,
418178,1,6,2007,2280.00,Good,1,4,19,3.50,Conc 8in,13,3,Average,1.5 Fin,1200,,1,17,1.5 Sty,4,200,1,,Single,600,,,
418179,1,,,,No Data,,,,,No Data,,,No Data | Sketch not available.,No Data,,,,,No Data,,,,,No Data,,,,
418180,1,,,,No Data,,,,,No Data,,,No Data | Sketch not available.,No Data,,,,,No Data,,,,,No Data,,,,
418184,1,,,,No Data,,,,,No Data,,,No Data | Sketch not available.,No Data,,,,,No Data,,,,,No Data,,,,
418185,1,,,,No Data,,,,,No Data,,,No Data | Sketch not available.,No Data,,,,,No Data,,,,,No Data,,,,
418186,1,,,,No Data,,,,,No Data,,,No Data | Sketch not available.,No Data,,,,,No Data,,,,,No Data,,,,
418187,1,,,,No Data,,,,,No Data,,,No Data | Sketch not available.,No Data,,,,,No Data,,,,,No Data,,,,
418188,1,,,,No Data,,,,,No Data,,,No Data | Sketch not available.,No Data,,,,,No Data,,,,,No Data,,,,
418190,1,4,2024,800.00,No Data,1,3,2,3.00,No Data,8,2,Average,2 Story,,,,1,Two Story,,397,1,,Single,,,,
418191,1,,,,No Data,,,,,No Data,,,No Data | Sketch not available.,No Data,,,,,No Data,,,,,No Data,,,,
418194,1,,,,No Data,,,,,No Data,,,No Data | Sketch not available.,No Data,,,,,No Data,,,,,No Data,,,,
418197,1,,,,No Data,,,,,No Data,,,No Data | Sketch not available.,No Data,,,,,No Data,,,,,No Data,,,,
418198,1,,,,No Data,,,,,No Data,,,No Data | Sketch not available.,No Data,,,,,No Data,,,,,No Data,,,,
418200,1,,,,No Data,,,,,No Data,,,No Data | Sketch not available.,No Data,,,,,No Data,,,,,No Data,,,,
418201,1,,,,No Data,,,,,No Data,,,No Data | Sketch not available.,No Data,,,,,No Data,,,,,No Data,,,,
418202,1,,,,No Data,,,,,No Data,,,No Data | Sketch not available.,No Data,,,,,No Data,,,,,No Data,,,,
418203,1,,,,No Data,,,,,No Data,,,No Data | Sketch not available.,No Data,,,,,No Data,,,,,No Data,,,,
418204,1,,,,No Data,,,,,No Data,,,No Data | Sketch not available.,No Data,,,,,No Data,,,,,No Data,,,,
418207,1,,,,No Data,,,,,No Data,,,No Data | Sketch not available.,No Data,,,,,No Data,,,,,No Data,,,,
418209,1,,,,No Data,,,,,No Data,,,No Data | Sketch not available.,No Data,,,,,No Data,,,,,No Data,,,,
418210,1,,,,No Data,,,,,No Data,,,No Data | Sketch not available.,No Data,,,,,No Data,,,,,No Data,,,,
418211,1,,,,No Data,,,,,No Data,,,No Data | Sketch not available.,No Data,,,,,No Data,,,,,No Data,,,,
418212,1,,,,No Data,,,,,No Data,,,No Data | Sketch not available.,No Data,,,,,No Data,,,,,No Data,,,,
418215,1,,,,No Data,,,,,No Data,,,No Data | Sketch not available.,No Data,,,,,No Data,,,,,No Data,,,,
418216,1,5,1968,1377.00,Average,1,3,58,3.50,No Data,5,1,Fair,1 Story,,,,59,One Story,,220,1,,Camp,,,,
418217,1,4,1958,548.00,Average,1,2,68,3.00,No Data,5,1,Poor,1 Story,,,,90,MobileHome,,276,1,,Mobile,,,,
418219,1,,,,No Data,,,,,No Data,,,No Data | Sketch not available.,No Data,,,,,No Data,,,,,No Data,,,,
418220,1,,,,No Data,,,,,No Data,,,No Data | Sketch not available.,No Data,,,,,No Data,,,,,No Data,,,,
418222,1,3,1968,416.00,Average,1,2,,3.00,No Data,2,,Salvage,1 Story,,,,97,Camp,,,1,,Camp,,,,
418223,1,,,,No Data,,,,,No Data,,,No Data | Sketch not available.,No Data,,,,,No Data,,,,,No Data,,,,
418224,1,,,,No Data,,,,,No Data,,,No Data | Sketch not available.,No Data,,,,,No Data,,,,,No Data,,,,
418226,1,4,2024,1152.00,Good,1,2,2,4.50,No Data,5,1,Average,2 Story,,,,1,Two Story,,288,1,,Camp,,,,
418227,1,,,,No Data,,,,,No Data,,,No Data | Sketch not available.,No Data,,,,,No Data,,,,,No Data,,,,
418228,1,,,,No Data,,,,,No Data,,,No Data | Sketch not available.,No Data,,,,,No Data,,,,,No Data,,,,
418229,1,,,,No Data,,,,,No Data,,,No Data | Sketch not available.,No Data,,,,,No Data,,,,,No Data,,,,
418230,1,,,,No Data,,,,,No Data,,,No Data | Sketch not available.,No Data,,,,,No Data,,,,,No Data,,,,
418231,1,,,,No Data,,,,,No Data,,,No Data | Sketch not available.,No Data,,,,,No Data,,,,,No Data,,,,
418232,1,,,,No Data,,,,,No Data,,,No Data | Sketch not available.,No Data,,,,,No Data,,,,,No Data,,,,
418233,1,,,,No Data,,,,,No Data,,,No Data | Sketch not available.,No Data,,,,,No Data,,,,,No Data,,,,
418234,1,,,,No Data,,,,,No Data,,,No Data | Sketch not available.,No Data,,,,,No Data,,,,,No Data,,,,
418236,1,,,,No Data,,,,,No Data,,,No Data | Sketch not available.,No Data,,,,,No Data,,,,,No Data,,,,
418240,1,,,,No Data,,,,,No Data,,,No Data | Sketch not available.,No Data,,,,,No Data,,,,,No Data,,,,
418242,1,,,,No Data,,,,,No Data,,,No Data | Sketch not available.,No Data,,,,,No Data,,,,,No Data,,,,
418245,1,,,,No Data,,,,,No Data,,,No Data | Sketch not available.,No Data,,,,,No Data,,,,,No Data,,,,
418248,1,,,,No Data,,,,,No Data,,,No Data | Sketch not available.,No Data,,,,,No Data,,,,,No Data,,,,
418249,1,,,,No Data,,,,,No Data,,,No Data | Sketch not available.,No Data,,,,,No Data,,,,,No Data,,,,
418252,1,,,,No Data,,,,,No Data,,,No Data | Sketch not available.,No Data,,,,,No Data,,,,,No Data,,,,
418253,1,,,,No Data,,,,,No Data,,,No Data | Sketch not available.,No Data,,,,,No Data,,,,,No Data,,,,
418254,1,,,,No Data,,,,,No Data,,,No Data | Sketch not available.,No Data,,,,,No Data,,,,,No Data,,,,
418259,1,,,,No Data,,,,,No Data,,,No Data | Sketch not available.,No Data,,,,,No Data,,,,,No Data,,,,
418260,1,,,,No Data,,,,,No Data,,,No Data | Sketch not available.,No Data,,,,,No Data,,,,,No Data,,,,
418262,1,,,,No Data,,,,,No Data,,,No Data | Sketch not available.,No Data,,,,,No Data,,,,,No Data,,,,
418263,1,,,,No Data,,,,,No Data,,,No Data | Sketch not available.,No Data,,,,,No Data,,,,,No Data,,,,
418264,1,,,,No Data,,,,,No Data,,,No Data | Sketch not available.,No Data,,,,,No Data,,,,,No Data,,,,
418267,1,,,,No Data,,,,,No Data,,,No Data | Sketch not available.,No Data,,,,,No Data,,,,,No Data,,,,
418268,1,,,,No Data,,,,,No Data,,,No Data | Sketch not available.,No Data,,,,,No Data,,,,,No Data,,,,
418270,1,4,1954,256.00,Average,1,2,72,3.00,No Data,2,,Salvage,1 Story,,,,100,Camp,,,1,,Mobile,,,,
418271,1,,,,No Data,,,,,No Data,,,No Data | Sketch not available.,No Data,,,,,No Data,,,,,No Data,,,,
418272,1,,,,No Data,,,,,No Data,,,No Data | Sketch not available.,No Data,,,,,No Data,,,,,No Data,,,,
418274,1,,,,No Data,,,,,No Data,,,No Data | Sketch not available.,No Data,,,,,No Data,,,,,No Data,,,,
418275,1,,,,No Data,,,,,No Data,,,No Data | Sketch not available.,No Data,,,,,No Data,,,,,No Data,,,,
418277,1,,,,No Data,,,,,No Data,,,No Data | Sketch not available.,No Data,,,,,No Data,,,,,No Data,,,,
418278,1,,,,No Data,,,,,No Data,,,No Data | Sketch not available.,No Data,,,,,No Data,,,,,No Data,,,,
418279,1,,,,No Data,,,,,No Data,,,No Data | Sketch not available.,No Data,,,,,No Data,,,,,No Data,,,,
418280,1,,,,No Data,,,,,No Data,,,No Data | Sketch not available.,No Data,,,,,No Data,,,,,No Data,,,,
418281,1,,,,No Data,,,,,No Data,,,No Data | Sketch not available.,No Data,,,,,No Data,,,,,No Data,,,,
418282,1,,,,No Data,,,,,No Data,,,No Data | Sketch not available.,No Data,,,,,No Data,,,,,No Data,,,,
418284,1,,,,No Data,,,,,No Data,,,No Data | Sketch not available.,No Data,,,,,No Data,,,,,No Data,,,,
418285,1,,,,No Data,,,,,No Data,,,No Data | Sketch not available.,No Data,,,,,No Data,,,,,No Data,,,,
418286,1,,,,No Data,,,,,No Data,,,No Data | Sketch not available.,No Data,,,,,No Data,,,,,No Data,,,,
418287,1,,,,No Data,,,,,No Data,,,No Data | Sketch not available.,No Data,,,,,No Data,,,,,No Data,,,,
418288,1,,,,No Data,,,,,No Data,,,No Data | Sketch not available.,No Data,,,,,No Data,,,,,No Data,,,,
418289,1,,,,No Data,,,,,No Data,,,No Data | Sketch not available.,No Data,,,,,No Data,,,,,No Data,,,,
418290,1,,,,No Data,,,,,No Data,,,No Data | Sketch not available.,No Data,,,,,No Data,,,,,No Data,,,,
418291,1,,,,No Data,,,,,No Data,,,No Data | Sketch not available.,No Data,,,,,No Data,,,,,No Data,,,,
418293,1,,,,No Data,,,,,No Data,,,No Data | Sketch not available.,No Data,,,,,No Data,,,,,No Data,,,,
418294,1,5,1997,1176.00,Average,1,3,29,3.00,No Data,7,1,Average,1.5 Fin,,,1,21,1.5 Sty,,,1,,Single,,,,
418295,1,,,,No Data,,,,,No Data,,,No Data | Sketch not available.,No Data,,,,,No Data,,,,,No Data,,,,
418296,1,,,1344.00,Average,1,2,10,3.00,Conc 8in,8,1,Average,1.5 Fin,672,,,10,1.5 Sty,,240,1,,Single,,,,
4182962,1,6,2010,1280.00,Good,1,3,16,3.00,Conc 8in,7,1,Average,2 Story,640,,1,15,Two Story,1,200,1,,Single,,,,
418297,1,3,2005,1488.00,Good,1,1,21,3.00,No Data,5,1,Average,2 Story,,,,18,Two Story,,512,1,,Single,,,,
480103,1,5,1973,960.00,Average,1,3,53,3.00,Conc 8in,5,1,Average,1 Story,960,,,31,Modular,3,96,1,,Single,528,,,
480105,1,,,,No Data,,,,,No Data,,,No Data | Sketch not available.,No Data,,,,,No Data,,,,,No Data,,,,
480109,1,,,,No Data,,,,,No Data,,,No Data | Sketch not available.,No Data,,,,,No Data,,,,,No Data,,,,
480201,1,8,1972,1656.00,Average,1,4,54,2.75,Blk 6in,8,2,Average,1.5 Fin,294,,,32,Contemp,1,208,1,,Single,,,,
480203,1,4,1996,1148.00,No Data,1,2,30,3.00,No Data,7,1,Average,1.5 Fin,,,1,21,1.5 Sty,,224,1,,Single,,,,
480204,1,,,,No Data,,,,,No Data,,,No Data | Sketch not available.,No Data,,,,,No Data,,,,,No Data,,,,
480210,1,6,2007,2943.00,Good,1,3,19,4.00,Conc 8in,10,2,Average,1.5 Fin,1424,1,1,17,Two Story,4,532,1,,Single,1000,526,,
480211,1,,,,No Data,,,,,No Data,,,No Data,No Data,,,,,No Data,,,,,No Data,,250,,
480213,1,5,2021,2123.00,Good,1,2,5,3.50,No Data,8,2,Average,2 Story,,,,5,Two Story,,35,1,,Single,,,,
480301,1,,,,No Data,,,,,No Data,,,No Data | Sketch not available.,No Data,,,,,No Data,,,,,No Data,,,,
480302,1,5,1976,1286.00,Average,1,3,50,3.00,Conc 8in,5,1,Avg/Good,1 Story,1056,,,25,Ranch,1,648,1,,Single,,,,
480402,1,,,,No Data,,,,,No Data,,,No Data | Sketch not available.,No Data,,,,,No Data,,,,,No Data,,,,
480405,1,7,1980,2146.00,Good,2,3,46,4.50,Conc 8in,8,2,Very Good,1.5 Fin,864,,,15,1.5 Sty,4,663,1,,Single,764,720,,
480410,1,6,2001,2066.00,Good,1,3,25,4.00,Conc 8in,7,1,Average,2.5 Fin,1074,1,1,19,Log,,898,1,,Single,,,,
480601,1,16,2020,1985.00,Good,1,3,6,4.00,Conc 8in,8,2,Average,2 Story,1175,,,6,Two Story,,345,1,,Single,,,,
4806011,1,,,,No Data,,,,,No Data,,,No Data | Sketch not available.,No Data,,,,,No Data,,,,,No Data,,,,
4807001,1,6,1978,2498.00,Below Avg,1,3,48,3.00,No Data,8,2,Avg/Good,1.5 Fin,,1,,24,Contemp,,280,1,5,Single,,,,
480701,1,6,2022,1872.00,Good,1,3,4,4.00,Conc 8in,8,2,Average,1.5 Fin,1228,,,4,1.5 Sty,4,724,1,,Single,800,,,
480706,1,2,2002,960.00,Average,1,1,24,3.00,Conc 8in,5,1,Average,1.5 Fin,480,,,19,Camp,,408,,,Single,,,,
4807061,1,4,2023,1672.00,Good,1,1,3,4.00,Conc 8in,6,1,Average,1 Story,836,,,3,One Story,,182,1,,Single,,,,
4807061,2,,1976,584.00,Below Avg,,,50,2.50,No Data,1,,Fair,1 Story,,,,55,Camp,,,,,Camp,,,,
480801,1,7,2007,1660.00,Good,1,3,19,3.50,Conc 8in,8,2,Average,1.5 Fin,956,,,17,CapeCod,,288,1,,Single,,,,
480804,1,5,2006,1902.00,Good,1,3,20,3.00,Conc 8in,8,2,Average,1.5 Fin,1292,,,17,Colonial,1,477,1,,Single,,,,
480805,1,,,,No Data,,,,,No Data,,,No Data | Sketch not available.,No Data,,,,,No Data,,,,,No Data,,,,
480806,1,,,,No Data,,,,,No Data,,,No Data | Sketch not available.,No Data,,,,,No Data,,,,,No Data,,,,
480809,1,4,2023,720.00,Good,1,3,3,3.25,Conc 8in,12,2,Average,1 Story,720,,1,3,One Story,4,702,1,,Single,620,,,
480810,1,1,2022,200.00,Excellent,1,1,4,4.00,No Data,5,1,Average,1 Story,,,,4,One Story,,276,1,,blank,,,,
480812,1,,1975,744.00,Average,,,51,3.00,No Data,1,,Fair/Avg,1.5 Fin,,,,48,1.5 Sty,,,,,Camp,,,,
480814,1,3,2015,1512.00,Good,1,2,11,3.00,Conc 8in,5,1,Average,1.5 Fin,1008,,,11,1.5 Sty,,912,1,,Single,,,,
480901,1,,,,No Data,,,,,No Data,,,No Data | Sketch not available.,No Data,,,,,No Data,,,,,No Data,,,,
500024015,1,,,,No Data,,,,,No Data,,,No Data | Sketch not available.,No Data,,,,,No Data,,,,,No Data,,,,
